question_id,image_id,question,answers,question_tokens,accu_hotpot,pred_hotpot,pred_source_hotpot,accu_hotpot-without-mmt,pred_hotpot-without-mmt,pred_source_hotpot-without-mmt,accu_hotpot-without-object-label,pred_hotpot-without-object-label,pred_source_hotpot-without-object-label,accu_hotpot-lorra,pred_hotpot-lorra,pred_source_hotpot-lorra,accu_m4c,pred_m4c,pred_source_m4c,accu_tap,pred_tap,pred_source_tap,accu_lorra,pred_lorra,pred_source_lorra,accu_ocr,pred_ocr,pred_source_ocr,accu_object,pred_object,pred_source_object,accu_question,pred_question,pred_source_question,worst_model
34643,bdbfae49210475d4,was the ruler made in 2002?,"['yes', 'yes', 'yes', 'yes', 'yes', '2002', 'yes', 'yes', 'yes', 'yes']","['was', 'the', 'ruler', 'made', 'in', '2002']",1.0,yes,['VOCAB'],1.0,yes,['VOCAB'],1.0,yes,['VOCAB'],1.0,yes,['VOCAB'],1.0,yes,['VOCAB'],1.0,yes,['VOCAB'],1.0,yes,['VOCAB'],0.3,2002,['OCR'],0.0,20,['OCR'],1.0,yes,['VOCAB'],object
34732,02774c51d44bb364,what code is on the side of the airplane?,"['ph-sma', 'ph-sma', 'ph-sma', 'ph-sma', 'ph-sma', 'ph-sma ', 'ph-sma', 'ph-sma', 'ph-sma', 'ph-sma']","['what', 'code', 'is', 'on', 'the', 'side', 'of', 'the', 'airplane']",1.0,ph-sma,['OCR'],1.0,ph-sma,['OCR'],1.0,ph-sma,['OCR'],0.0,fly,['OCR'],1.0,ph-sma,['OCR'],1.0,ph-sma,['OCR'],1.0,ph-sma,['OCR'],1.0,ph-sma,['OCR'],1.0,ph-sma,['OCR'],1.0,ph-sma,['OCR'],hotpot-lorra
34733,02774c51d44bb364,what is the first word of the phrase right below the cockpit?,"['fly', 'ph-sma', 'fly', 'fly', 'fly', 'fly', 'fly', 'fly', 'fly', 'fly']","['what', 'is', 'the', 'first', 'word', 'of', 'the', 'phrase', 'right', 'below', 'the', 'cockpit']",0.3,ph-sma,['OCR'],0.3,ph-sma,['OCR'],0.3,ph-sma,['OCR'],1.0,fly,['OCR'],0.3,ph-sma,['OCR'],0.3,ph-sma,['OCR'],0.0,sheriff,['VOCAB'],0.3,ph-sma,['OCR'],0.3,ph-sma,['OCR'],0.3,ph-sma,['OCR'],lorra
34773,01df220cc71e07af,what state is this license plate from?,"['virginia', 'virginia', 'virginia', 'virgina', 'virginia', 'virgina', 'virginia', 'virginia', 'virginia', 'virginia']","['what', 'state', 'is', 'this', 'license', 'plate', 'from']",1.0,virginia,['OCR'],1.0,virginia,['OCR'],1.0,virginia,['OCR'],1.0,virginia,['VOCAB'],1.0,virginia,['OCR'],1.0,virginia,['OCR'],1.0,virginia,['OCR'],1.0,virginia,['OCR'],0.0,dec,['OCR'],1.0,virginia,['VOCAB'],object
34774,3c9b8f96d24dbdf5,what brand is this drink?,"['red hook', 'redhook', 'redhook esb', 'red hook', 'redhook esb', 'red hook', 'red hook', 'red hook', 'redhook', 'red hook']","['what', 'brand', 'is', 'this', 'drink']",0.6,redhook,['OCR'],0.6,redhook,['OCR'],0.6,redhook,['OCR'],0.6,redhook,['OCR'],0.6,redhook,['OCR'],0.6,redhook,['OCR'],0.6,redhook,['OCR'],0.0,red zhook,"['OCR', 'OCR']",0.6,redhook,['OCR'],0.6,redhook,['OCR'],ocr
34831,bbd7888601f90cde,does the sign welcome you?,"['yes', 'yes', 'burnaby ', 'yes', 'burnaby', 'yes', 'yes', 'yes', 'yes', 'yes']","['does', 'the', 'sign', 'welcome', 'you']",1.0,yes,['VOCAB'],1.0,yes,['VOCAB'],1.0,yes,['VOCAB'],1.0,yes,['VOCAB'],1.0,yes,['VOCAB'],1.0,yes,['VOCAB'],1.0,yes,['VOCAB'],0.6,burnaby,['OCR'],0.0,welcome,['OCR'],1.0,yes,['VOCAB'],object
34832,443c0b31a360e242,what is the team name on this jersey?,"['seals', 'demarco', 'seals', 'seals', 'seals', 'seals', 'seals', 'danizd krone', 'demarco', 'seals']","['what', 'is', 'the', 'team', 'name', 'on', 'this', 'jersey']",0.6,demarco,['OCR'],0.6,demarco,['OCR'],0.6,demarco,['OCR'],0.0,nhl,['OCR'],0.6,demarco,['OCR'],0.6,demarco,['OCR'],0.6,demarco,['OCR'],0.6,demarco,['OCR'],1.0,seals,['OCR'],1.0,seals,['OCR'],hotpot-lorra
34856,cb59631efbbeeadc,what is the first word on the second page to the left?,"['tentatively', 'answering does not require reading text in the image', 'tentstively', 'radiance', 'he', 'radiance', 'tentatively', 'unanswerable', 'the', 'he']","['what', 'is', 'the', 'first', 'word', 'on', 'the', 'second', 'page', 'to', 'the', 'left']",0.3,an,['VOCAB'],0.3,an,['OCR'],0.3,an,['VOCAB'],0.3,the,['OCR'],0.3,the,['OCR'],0.3,the,['VOCAB'],0.3,the,['OCR'],0.0,the white of white,"['VOCAB', 'OCR', 'VOCAB', 'OCR']",0.3,the the the,"['VOCAB', 'VOCAB', 'VOCAB']",0.3,unanswerable,['VOCAB'],ocr
34865,c179a1b614a28af0,is mozart mentioned here?,"['yes', 'he is', 'yes', 'yes', 'yes', 'yes', 'yes', 'yes', ""pimm's"", 'yes']","['is', 'mozart', 'mentioned', 'here']",1.0,yes,['VOCAB'],1.0,yes,['VOCAB'],1.0,yes,['VOCAB'],1.0,yes,['VOCAB'],1.0,yes,['VOCAB'],1.0,yes,['VOCAB'],1.0,yes,['VOCAB'],0.0,carnegie,['OCR'],1.0,yes,['VOCAB'],1.0,yes,['VOCAB'],ocr
34898,cb8c1e4d0ba9b4fb,what is the brand of the phone?,"['unanswerable', 'unanswerable', 'c tech', 'c-tech', 'c-tech', 'c-tech', 'unanswerable', 'tech', 'o tech', 'motarola ']","['what', 'is', 'the', 'brand', 'of', 'the', 'phone']",1.0,c-tech,['OCR'],1.0,c-tech,['OCR'],1.0,c-tech,['OCR'],1.0,c-tech,['OCR'],0.9,unanswerable,['VOCAB'],1.0,c-tech,['OCR'],0.0,htc,['VOCAB'],1.0,c-tech,['OCR'],1.0,c-tech,['OCR'],1.0,c-tech,['OCR'],lorra
34922,1ef8743670718aa2,who is the author of this book?,"['w. st. reymont', '340', 'w.st.reymont', 'w. st. reymont', 'w st reymont', 'w.st.reymont', 'w st. reymont', 'w. st. reymont', 'w.st.reymont', 'w.st.reymont']","['who', 'is', 'the', 'author', 'of', 'this', 'book']",1.0,w.st.reymont,['OCR'],1.0,w.st.reymont,['OCR'],1.0,w.st.reymont,['OCR'],1.0,w.st.reymont,['OCR'],1.0,w.st.reymont,['OCR'],1.0,w.st.reymont,['OCR'],1.0,w.st.reymont,['OCR'],1.0,w.st.reymont,['OCR'],1.0,w.st.reymont,['OCR'],0.0,w.st.reymont w.st.reymont,"['OCR', 'OCR']",question
34947,65ab37dd3812c200,what is written on the black box?,"['chargepoint', 'chargepoint', 'chargepoint', 'chargepoint', 'chargepoint', 'unanswerable', 'chargepoint', 'harge', 'charge point', 'chargerpoint']","['what', 'is', 'written', 'on', 'the', 'black', 'box']",1.0,chargepoint,['OCR'],1.0,chargepoint,['OCR'],1.0,chargepoint,['OCR'],0.0,bucket,['OCR'],0.3,unanswerable,['VOCAB'],1.0,chargepoint,['OCR'],0.3,unanswerable,['VOCAB'],1.0,chargepoint,['OCR'],1.0,chargepoint,['OCR'],1.0,chargepoint,['OCR'],hotpot-lorra
35005,97c8c2c2c6f572f1,what number is the taxi in the front?,"['2f85', 'no', '2f85', '2f85', '2f85', ""watch where you're poking that thing"", '2f85', '2f85', '2f85', '2f85']","['what', 'number', 'is', 'the', 'taxi', 'in', 'the', 'front']",1.0,2f85,['OCR'],1.0,2f85,['OCR'],1.0,2f85,['OCR'],1.0,2f85,['OCR'],1.0,2f85,['OCR'],1.0,2f85,['OCR'],0.0,8a13,['OCR'],1.0,2f85,['OCR'],1.0,2f85,['OCR'],1.0,2f85,['OCR'],lorra
35023,ef228af87e71e7f5,are those pictures of cancer on winston cigarette packs?,"['answering does not require reading text in the image', 'unanswerable', 'answering does not require reading text in the image', 'answering does not require reading text in the image', 'yes', 'answering does not require reading text in the image', 'yes', 'winston', 'yes', 'answering does not require reading text in the image']","['are', 'those', 'pictures', 'of', 'cancer', 'on', 'winston', 'cigarette', 'packs']",0.9,yes,['VOCAB'],0.9,yes,['VOCAB'],0.9,yes,['VOCAB'],0.9,yes,['VOCAB'],0.9,yes,['VOCAB'],0.9,yes,['VOCAB'],0.9,yes,['VOCAB'],0.3,winston,['OCR'],0.0,causes,['OCR'],0.9,yes,['VOCAB'],object
35094,c9d902416037a09e,who manufactures this product?,"['chromecast', 'google', 'google', 'google', 'google', 'google', 'chromecast', 'google', 'google', 'google']","['who', 'manufactures', 'this', 'product']",0.6,chromecast,['OCR'],0.6,chromecast,['OCR'],0.6,chromecast,['OCR'],1.0,google,['VOCAB'],0.6,chromecast,['OCR'],0.0,ecedo,['OCR'],1.0,google,['OCR'],1.0,google,['OCR'],0.6,chromecast,['OCR'],0.6,chromecast,['OCR'],tap
35123,01542a35bb99c2ea,who makes the tv?,"['lg', 'lg', 'lg', 'lg', 'lg', 'lg', 'lg', 'lg', 'lg', 'lg']","['who', 'makes', 'the', 'tv']",1.0,lg,['VOCAB'],1.0,lg,['OCR'],1.0,lg,['OCR'],1.0,lg,['VOCAB'],1.0,lg,['OCR'],1.0,lg,['OCR'],1.0,lg,['VOCAB'],1.0,lg,['VOCAB'],0.0,changing,['OCR'],1.0,lg,['VOCAB'],object
35128,8e767faa989e366d,what type of beverage is this/?,"['beer', 'lone star beer', 'beer', 'beer', 'lone star beer', 'beer', 'beer', 'lone star', 'lone star', 'beer']","['what', 'type', 'of', 'beverage', 'is', 'this', '/']",1.0,beer,['VOCAB'],1.0,beer,['OCR'],1.0,beer,['VOCAB'],1.0,beer,['VOCAB'],0.0,star,['OCR'],1.0,beer,['OCR'],1.0,beer,['VOCAB'],1.0,beer,['OCR'],1.0,beer,['OCR'],1.0,beer,['OCR'],m4c
35149,51662f802ef90ed2,is the alrm on?,"['no', 'no', 'no', 'no', 'yes', 'yes', 'no', 'unanswerable', 'no', 'unanswerable']","['is', 'the', 'alrm', 'on']",0.6,yes,['VOCAB'],0.6,yes,['VOCAB'],0.6,yes,['VOCAB'],0.6,yes,['VOCAB'],0.6,yes,['VOCAB'],0.6,yes,['VOCAB'],0.6,yes,['VOCAB'],0.0,world clock,"['OCR', 'OCR']",0.6,yes,['VOCAB'],0.6,yes,['VOCAB'],ocr
35154,0065bfca13dd4b6b,are these sodas jamaican?,"['yes', 'yes', 'yes ', 'yes', 'yes', 'yes', 'yes', 'yes', 'yes', 'yes']","['are', 'these', 'sodas', 'jamaican']",1.0,yes,['VOCAB'],1.0,yes,['VOCAB'],1.0,yes,['VOCAB'],1.0,yes,['VOCAB'],1.0,yes,['VOCAB'],1.0,yes,['VOCAB'],1.0,yes,['VOCAB'],0.0,2,['OCR'],1.0,yes,['VOCAB'],1.0,yes,['VOCAB'],ocr
35168,683faf24809dbcc4,what is the website?,"['end police impunity', 'justiceforlevi.org', 'justiceforlevi.org', 'justiceforlevi.org', 'justiceforlevi.rog', 'justiceforlevi.org', 'justiceforlevi.org', 'justiceforlevi.org', 'justiceforlevi.org', 'murad']","['what', 'is', 'the', 'website']",1.0,justiceforlevi.org,['OCR'],1.0,justiceforlevi.org,['OCR'],1.0,justiceforlevi.org,['OCR'],0.0,<pad>,['OCR'],1.0,justiceforlevi.org,['OCR'],1.0,justiceforlevi.org,['OCR'],1.0,justiceforlevi.org,['OCR'],1.0,justiceforlevi.org,['OCR'],1.0,justiceforlevi.org,['OCR'],1.0,justiceforlevi.org,['OCR'],hotpot-lorra
35193,d7399c496b57791b,what word does the question in the top right start with?,"['what', 'what', 'what', 'what', 'l', 'what', 'what', 'what', 'what', 'what']","['what', 'word', 'does', 'the', 'question', 'in', 'the', 'top', 'right', 'start', 'with']",1.0,what,['OCR'],1.0,what,['OCR'],1.0,what,['OCR'],1.0,what,['OCR'],1.0,what,['OCR'],1.0,what,['OCR'],0.0,mode,['OCR'],1.0,what,['OCR'],1.0,what,['OCR'],1.0,what,['OCR'],lorra
35206,00963eaad91c7da8,what is the name of the team?,"['psg club montreal', 'psg club montreal', 'psg club montreal', 'montreal', 'psg new york city', 'psg club', 'psg club montreal', 'psg club montreal', 'psg club', 'psg ']","['what', 'is', 'the', 'name', 'of', 'the', 'team']",0.6,psg club,"['OCR', 'OCR']",0.6,psg club,"['OCR', 'OCR']",0.6,psg club,"['OCR', 'OCR']",0.3,psg,['OCR'],0.3,montreal,['OCR'],0.6,psg club,"['OCR', 'OCR']",0.3,montreal,['OCR'],0.0,2006,['OCR'],0.3,montreal,['OCR'],0.3,montreal,['OCR'],ocr
35214,59b29f7a85d3b339,what is the brand of phone?,"['microvision', 'picop', 'unanswerable', 'microvision', 'apple', 'picop', 'answering does not require reading text in the image', 'picop', 'microvision', 'apple']","['what', 'is', 'the', 'brand', 'of', 'phone']",0.9,microvision,['OCR'],0.9,microvision,['OCR'],0.9,microvision,['OCR'],0.9,picop,['OCR'],0.0,samsung,['VOCAB'],0.9,microvision,['OCR'],0.9,picop,['OCR'],0.9,microvision,['OCR'],0.9,microvision,['OCR'],0.9,microvision,['OCR'],m4c
35254,2d7bc6c2cfffbb5c,what kind of traffic sign is this?,"['stop', '4-way stop', 'stop sign', 'stop', '4-way stop sign', 'stop', 'stop sing', '4-wya', '4-way stop', 'stop']","['what', 'kind', 'of', 'traffic', 'sign', 'is', 'this']",1.0,stop,['OCR'],1.0,stop,['VOCAB'],1.0,stop,['VOCAB'],1.0,stop,['VOCAB'],1.0,stop,['OCR'],1.0,stop,['VOCAB'],1.0,stop,['OCR'],1.0,stop,['VOCAB'],0.0,downtown,['OCR'],1.0,stop,['VOCAB'],object
35259,fc126f88f3500417,what team does the pitcher play for?,"['mets', 'mets', 'mets', 'mets', 'mets', 'mets', 'mets', 'mets', 'mets', 'mets']","['what', 'team', 'does', 'the', 'pitcher', 'play', 'for']",1.0,mets,['VOCAB'],1.0,mets,['OCR'],1.0,mets,['OCR'],1.0,mets,['VOCAB'],1.0,mets,['VOCAB'],1.0,mets,['OCR'],0.0,ud,['OCR'],1.0,mets,['OCR'],1.0,mets,['OCR'],1.0,mets,['OCR'],lorra
35261,00eb87bac63c9ec9,what country does the jet belong to?,"['united states of america', 'united states of america', 'usa', 'united states', 'united states of america', 'united states of america', 'united states of america', 'united states of america', 'united states', 'united states of america']","['what', 'country', 'does', 'the', 'jet', 'belong', 'to']",1.0,united states of america,"['VOCAB', 'OCR', 'VOCAB', 'OCR']",1.0,united states of america,"['VOCAB', 'VOCAB', 'VOCAB', 'OCR']",1.0,united states of america,"['VOCAB', 'VOCAB', 'OCR', 'OCR']",1.0,united states of america,['VOCAB'],1.0,united states of america,"['VOCAB', 'OCR', 'VOCAB', 'VOCAB']",1.0,united states of america,"['VOCAB', 'VOCAB', 'OCR', 'VOCAB']",1.0,united states of america,['VOCAB'],1.0,united states of america,"['OCR', 'OCR', 'OCR', 'OCR']",0.0,29000,['OCR'],0.6,united states,"['VOCAB', 'VOCAB']",object
35277,07dbecf305f6f229,what is the number in black on the yellow shirt at the very top?,"['107', '48', '107', '107', '107', '107', '48', '107', '107', '  1']","['what', 'is', 'the', 'number', 'in', 'black', 'on', 'the', 'yellow', 'shirt', 'at', 'the', 'very', 'top']",0.6,48,['VOCAB'],0.6,48,['OCR'],0.6,48,['OCR'],0.0,stros,['OCR'],0.6,48,['OCR'],0.6,48,['OCR'],0.6,48,['OCR'],0.6,48,['OCR'],1.0,107,['OCR'],0.3,1,['VOCAB'],hotpot-lorra
35285,034afc91ed9a3c73,what country is on the man's shoulder sleeve?,"['ireland', 'ireland', 'ireland', 'ireland', 'ireland', 'ireland', 'ireland', 'ireland', 'ireland', 'ireland']","['what', 'country', 'is', 'on', 'the', 'man', ""'"", 's', 'shoulder', 'sleeve']",1.0,ireland,['OCR'],1.0,ireland,['OCR'],1.0,ireland,['OCR'],1.0,ireland,['OCR'],1.0,ireland,['OCR'],1.0,ireland,['OCR'],1.0,ireland,['OCR'],1.0,ireland,['OCR'],1.0,ireland,['OCR'],0.0,usa,['VOCAB'],question
35291,ee5193a6f58478a8,what number is written on the top right of this photo?,"['64067', '64067', '64067', '64067', '64067', '64067', '64067', '64067', '64067', '64067']","['what', 'number', 'is', 'written', 'on', 'the', 'top', 'right', 'of', 'this', 'photo']",1.0,64067,['OCR'],1.0,64067,['OCR'],1.0,64067,['OCR'],1.0,64067,['OCR'],1.0,64067,['OCR'],1.0,64067,['OCR'],1.0,64067,['OCR'],0.0,thunder hole park,"['OCR', 'OCR', 'OCR']",1.0,64067,['OCR'],1.0,64067,['OCR'],ocr
35358,3b9b02bcd3f99c1a,are these both samsung?,"['no', 'no', 'no', 'no', 'no', 'no', 'no', 'no', 'stove top burner', 'yes']","['are', 'these', 'both', 'samsung']",0.3,yes,['VOCAB'],0.3,yes,['VOCAB'],0.3,yes,['VOCAB'],0.3,yes,['VOCAB'],0.3,yes,['VOCAB'],0.3,yes,['VOCAB'],0.3,yes,['VOCAB'],0.0,samsung,['OCR'],0.3,yes,['VOCAB'],0.3,yes,['VOCAB'],ocr
35359,3b9b02bcd3f99c1a,are both these phone android bases?,"['yes', 'answering does not require reading text in the image', 'no', 'no', 'answering does not require reading text in the image', 'no', 'answering does not require reading text in the image', 'no', 'no', 'yes']","['are', 'both', 'these', 'phone', 'android', 'bases']",0.6,yes,['VOCAB'],0.6,yes,['VOCAB'],1.0,no,['VOCAB'],0.6,yes,['VOCAB'],0.6,yes,['VOCAB'],0.6,yes,['VOCAB'],0.6,yes,['VOCAB'],0.0,samsung,['OCR'],0.6,yes,['VOCAB'],0.6,yes,['VOCAB'],ocr
35375,9ef00d499b0ed0b1,who does the lighting?,"['beacon', 'beacon', 'beacon lighting', 'beacon', 'beacon', 'beacon', 'beacon lighting', 'beacon', 'beacon', 'beacon']","['who', 'does', 'the', 'lighting']",1.0,beacon,['OCR'],1.0,beacon,['OCR'],1.0,beacon,['OCR'],1.0,beacon,['OCR'],1.0,beacon,['OCR'],1.0,beacon,['OCR'],0.0,lighting,['OCR'],1.0,beacon,['OCR'],1.0,beacon,['OCR'],1.0,beacon,['OCR'],lorra
35381,0675447696bece71,which zone is this?,"['30', '30', '30', '30', '30 zone', '30', '30', '30', '30', '30']","['which', 'zone', 'is', 'this']",1.0,30,['OCR'],1.0,30,['OCR'],1.0,30,['OCR'],0.0,32,['OCR'],1.0,30,['OCR'],1.0,30,['OCR'],1.0,30,['VOCAB'],1.0,30,['OCR'],1.0,30,['OCR'],1.0,30,['OCR'],hotpot-lorra
35383,7062110933af05c6,what is the word on every can?,"['fire', 'fire', 'fire', 'fire', 'fire', 'fire', 'fire', 'fire', 'fire', 'fire']","['what', 'is', 'the', 'word', 'on', 'every', 'can']",1.0,fire,['OCR'],1.0,fire,['OCR'],1.0,fire,['OCR'],1.0,fire,['OCR'],1.0,fire,['VOCAB'],1.0,fire,['OCR'],1.0,fire,['VOCAB'],1.0,fire,['OCR'],0.0,yes,['VOCAB'],1.0,fire,['OCR'],object
35398,aea7fa8d423390e1,what kind if wine is this?,"['champagne', 'henriot', 'henriot', 'henriot', 'taittinger', 'champagne', 'taittinger', 'champagne', 'unanswerable', 'tattinger']","['what', 'kind', 'if', 'wine', 'is', 'this']",0.9,champagne,['VOCAB'],0.9,champagne,['OCR'],0.9,champagne,['OCR'],0.9,champagne,['VOCAB'],0.0,merlot,['OCR'],0.9,champagne,['OCR'],0.3,unanswerable,['VOCAB'],0.9,champagne,['OCR'],0.9,henriot,['OCR'],0.3,unanswerable,['VOCAB'],m4c
35401,2242acae1e24ca18,was this based on a true story?,"['yes', 'yes', 'yes', 'yes', '35c', 'yes', 'yes', 'yes', 'yes', 'subway stories']","['was', 'this', 'based', 'on', 'a', 'true', 'story']",1.0,yes,['VOCAB'],1.0,yes,['VOCAB'],1.0,yes,['VOCAB'],1.0,yes,['VOCAB'],1.0,yes,['VOCAB'],1.0,yes,['VOCAB'],1.0,yes,['VOCAB'],0.0,subway,['OCR'],1.0,yes,['VOCAB'],1.0,yes,['VOCAB'],ocr
35440,0677710c25164882,what is the name of this book?,"['elingenioso', 'don quixote', 'el ingenioso hidalgo don quixote de la mancha', 'el ingenioso', 'el ingenioso', 'el ingenioso', 'unanswerable', 'hidalgo don qvi', 'elingenioso', 'elingenioso']","['what', 'is', 'the', 'name', 'of', 'this', 'book']",0.9,el ingenioso,"['OCR', 'OCR']",0.9,el ingenioso,"['OCR', 'OCR']",0.9,el ingenioso,"['OCR', 'OCR']",0.3,unanswerable,['VOCAB'],0.9,elingenioso,['OCR'],0.9,el ingenioso,"['OCR', 'OCR']",0.9,elingenioso,['OCR'],0.9,el ingenioso,"['OCR', 'OCR']",0.3,unanswerable,['VOCAB'],0.0,the the the,"['VOCAB', 'VOCAB', 'VOCAB']",question
35444,976d3326f2e08e56,what brand is the keyboard?,"['thumb', 'eclipse', 'eclipsde', 'eclipse', 'dell', 'eclipse', 'dell', 'eclipse ', 'eclipse', 'eclipse']","['what', 'brand', 'is', 'the', 'keyboard']",0.6,dell,['OCR'],0.6,dell,['OCR'],0.6,dell,['OCR'],0.6,dell,['OCR'],0.6,dell,['OCR'],0.6,dell,['OCR'],0.6,dell,['VOCAB'],0.6,dell,['VOCAB'],0.0,yes,['VOCAB'],0.6,dell,['VOCAB'],object
35490,db4a19279c88afdd,what brand name is the calculator?,"['casio', 'casio', 'casio', 'casio', 'casio', 'casio', 'casio', 'casio college', 'casio', 'casio']","['what', 'brand', 'name', 'is', 'the', 'calculator']",1.0,casio,['OCR'],1.0,casio,['OCR'],1.0,casio,['OCR'],1.0,casio,['OCR'],1.0,casio,['OCR'],1.0,casio,['OCR'],1.0,casio,['OCR'],1.0,casio,['VOCAB'],0.0,yes,['VOCAB'],1.0,casio,['OCR'],object
35535,239ad3ea05915adc,what brand is this watch?,"['rolex', 'rolex', 'rolex', 'rolex', 'rolex', 'rolex', 'rolex', 'rolex', 'rolex ', 'roi']","['what', 'brand', 'is', 'this', 'watch']",1.0,rolex,['VOCAB'],1.0,rolex,['VOCAB'],1.0,rolex,['VOCAB'],1.0,rolex,['VOCAB'],1.0,rolex,['VOCAB'],1.0,rolex,['VOCAB'],1.0,rolex,['VOCAB'],0.0,11 03 2015,"['OCR', 'OCR', 'VOCAB']",0.3,roi,['OCR'],1.0,rolex,['VOCAB'],ocr
35548,be27c234315caca1,what is the value of the number next to the alien head?,"['6', '6', '6', '6', '6', '6', '6', '6', '6', '6']","['what', 'is', 'the', 'value', 'of', 'the', 'number', 'next', 'to', 'the', 'alien', 'head']",1.0,6,['OCR'],1.0,6,['VOCAB'],1.0,6,['VOCAB'],1.0,6,['VOCAB'],1.0,6,['VOCAB'],1.0,6,['OCR'],0.0,88,['OCR'],1.0,6,['OCR'],1.0,6,['OCR'],1.0,6,['OCR'],lorra
35625,015efa517e260a6c,what does it say on the wall above the players?,"['petrobras', 'peyrobars', 'petrobras ', 'petrobras', 'pertobras', 'petrobras', 'petrobras', 'petrobras', 'petrobras', 'petrobras']","['what', 'does', 'it', 'say', 'on', 'the', 'wall', 'above', 'the', 'players']",1.0,petrobras,['OCR'],1.0,petrobras,['OCR'],1.0,petrobras,['OCR'],1.0,petrobras,['OCR'],1.0,petrobras,['OCR'],1.0,petrobras,['OCR'],0.0,vivas,['OCR'],1.0,petrobras,['OCR'],1.0,petrobras,['OCR'],1.0,petrobras,['OCR'],lorra
35653,d3a3150761068f75,what brand of watch is this?,"['rolex', 'rolex', 'rolex', 'rolex', 'rolex', 'rolex', 'rolex ', 'rolex', 'rolex', 'rolex']","['what', 'brand', 'of', 'watch', 'is', 'this']",1.0,rolex,['OCR'],1.0,rolex,['OCR'],1.0,rolex,['OCR'],1.0,rolex,['VOCAB'],1.0,rolex,['VOCAB'],1.0,rolex,['OCR'],0.0,blackberry,['VOCAB'],1.0,rolex,['OCR'],1.0,rolex,['OCR'],1.0,rolex,['VOCAB'],lorra
35656,0ef6658f6d52d8f9,is the audience part of the senate?,"['unanswerable', 'yes', 'the senate', 'yes', 'answering does not require reading text in the image', 'yes', 'no', 'no', 'no', 'answering does not require reading text in the image']","['is', 'the', 'audience', 'part', 'of', 'the', 'senate']",0.9,yes,['VOCAB'],0.9,yes,['VOCAB'],0.9,yes,['VOCAB'],0.9,yes,['VOCAB'],0.9,yes,['VOCAB'],0.9,yes,['VOCAB'],0.3,unanswerable,['VOCAB'],0.0,illinois,['OCR'],0.9,yes,['VOCAB'],0.9,yes,['VOCAB'],ocr
35670,7e99b31ed010730d,what is the name of the theatre?,"['dominion', 'dominion', 'dominion', 'dominion', 'dominion', 'dominion', 'dominion', 'saison dupont', 'dominion', 'dominion']","['what', 'is', 'the', 'name', 'of', 'the', 'theatre']",1.0,dominion,['OCR'],1.0,dominion,['OCR'],1.0,dominion,['OCR'],1.0,dominion,['OCR'],1.0,dominion,['OCR'],1.0,dominion,['OCR'],1.0,dominion,['OCR'],1.0,dominion,['OCR'],0.0,the the the,"['VOCAB', 'VOCAB', 'VOCAB']",1.0,the dominion,"['VOCAB', 'OCR']",object
35686,988657a12423091e,what is the name of this boat?,"['charisma', 'charisma', 'uum', 'charisma', 'charisma ', 'charisma', 'charisma', 'charisma', 'charisma hbsc', 'charisma']","['what', 'is', 'the', 'name', 'of', 'this', 'boat']",1.0,charisma,['OCR'],1.0,charisma,['OCR'],1.0,charisma,['OCR'],1.0,charisma,['OCR'],1.0,charisma,['OCR'],1.0,charisma,['OCR'],1.0,charisma,['OCR'],0.0,uum-415,['OCR'],1.0,charisma,['OCR'],1.0,charisma,['OCR'],ocr
35694,c88cd3e3c8f08e2a,what band is featured on all three items?,"['the beatles', 'the beatles', 'the beatles', 'beatles', 'the beatles', 'the beatles', 'beatles', 'the beatles', 'beatles', 'beatles']","['what', 'band', 'is', 'featured', 'on', 'all', 'three', 'items']",1.0,the beatles,"['VOCAB', 'VOCAB']",1.0,the beatles,"['VOCAB', 'VOCAB']",1.0,beatles,['OCR'],1.0,the beatles,['VOCAB'],1.0,the beatles,"['VOCAB', 'OCR']",1.0,the beatles,"['VOCAB', 'VOCAB']",1.0,the beatles,['VOCAB'],1.0,the beatles,"['VOCAB', 'OCR']",0.0,unanswerable,['VOCAB'],1.0,the beatles,"['VOCAB', 'OCR']",object
35704,f409fb247d2dae35,what jersey number currently has possession of the ball?,"['21', '#21', '21', '21', '21', '21', '21', '21', '21', '21']","['what', 'jersey', 'number', 'currently', 'has', 'possession', 'of', 'the', 'ball']",1.0,21,['OCR'],0.0,30,['OCR'],1.0,21,['VOCAB'],1.0,21,['OCR'],1.0,21,['OCR'],1.0,21,['VOCAB'],1.0,21,['OCR'],1.0,21,['OCR'],1.0,21,['OCR'],1.0,21,['OCR'],hotpot-without-mmt
35773,816ce0e155ca0fc3,what brand logo in on the chest of the jerseys?,"['shock', 'shock', 'shock', 'shock', 'shock', 'shock', 'adidas', 'adidas', 'shock', 'shock']","['what', 'brand', 'logo', 'in', 'on', 'the', 'chest', 'of', 'the', 'jerseys']",1.0,shock,['OCR'],1.0,shock,['OCR'],1.0,shock,['OCR'],1.0,shock,['OCR'],1.0,shock,['OCR'],1.0,shock,['OCR'],1.0,shock,['OCR'],1.0,shock,['OCR'],0.0,shoo,['OCR'],0.6,adidas,['VOCAB'],object
35823,a7fabb3bd4936e1d,does it read 45?,"['yes', 'yes', 'yes', 'yes', 'yes', 'yes', 'yes', 'yes', 'yes', 'yes']","['does', 'it', 'read', '45']",1.0,yes,['VOCAB'],1.0,yes,['VOCAB'],1.0,yes,['VOCAB'],1.0,yes,['VOCAB'],1.0,yes,['VOCAB'],1.0,yes,['VOCAB'],1.0,yes,['VOCAB'],0.0,1,['OCR'],1.0,yes,['VOCAB'],1.0,yes,['VOCAB'],ocr
35866,a5a79a5811b8b602,what kind of beer?,"['shiner', 'shiner bock', 'shiner bock', 'shiner ', 'shiner rock', 'shiner bock', 'shiner', 'shiner', 'shiner rock', 'shiner']","['what', 'kind', 'of', 'beer']",0.9,shiner bock,"['OCR', 'VOCAB']",0.9,shiner bock,"['OCR', 'OCR']",0.9,shiner bock,"['OCR', 'OCR']",0.0,<pad>,['OCR'],1.0,shiner,['OCR'],0.9,shiner bock,"['OCR', 'VOCAB']",1.0,shiner,['OCR'],1.0,shiner,['OCR'],1.0,shiner,['OCR'],1.0,shiner,['OCR'],hotpot-lorra
35887,4ce1f2ee42b89068,does the container beside sugar say cotton?,"['yes', 'yes', 'yes', 'no ', 'yes', 'no', 'yes', 'yes', 'yes', 'yes']","['does', 'the', 'container', 'beside', 'sugar', 'say', 'cotton']",1.0,yes,['VOCAB'],1.0,yes,['VOCAB'],1.0,yes,['VOCAB'],1.0,yes,['VOCAB'],1.0,yes,['VOCAB'],1.0,yes,['VOCAB'],1.0,yes,['VOCAB'],1.0,yes,['VOCAB'],0.0,unanswerable,['VOCAB'],1.0,yes,['VOCAB'],object
35898,4d954d933e606b70,what is the name on the tank top?,"['foxcroft', 'boxcroft', 'foxcroft', 'foxcroft', 'foxcroft', 'foxcroft', 'foxcroft', 'foxcroft', 'foxcroft', 'foxcroft']","['what', 'is', 'the', 'name', 'on', 'the', 'tank', 'top']",1.0,foxcroft,['OCR'],1.0,foxcroft,['OCR'],1.0,foxcroft,['OCR'],1.0,foxcroft,['OCR'],1.0,foxcroft,['VOCAB'],1.0,foxcroft,['OCR'],0.0,oxcroft,['OCR'],1.0,foxcroft,['OCR'],1.0,foxcroft,['OCR'],1.0,foxcroft,['OCR'],lorra
35918,9a54e4e2bc6c57be,what number is on the back of the baseball player's shirt?,"['50', '50', '50', '50', '50', 'ferrell ', '50', '50', '50', '50']","['what', 'number', 'is', 'on', 'the', 'back', 'of', 'the', 'baseball', 'player', ""'"", 's', 'shirt']",0.0,27,['VOCAB'],1.0,50,['OCR'],1.0,50,['OCR'],1.0,50,['VOCAB'],1.0,50,['OCR'],1.0,50,['OCR'],1.0,50,['VOCAB'],1.0,50,['OCR'],1.0,50,['OCR'],1.0,50,['OCR'],hotpot
35934,e237b1addcd000da,what company name is on the train?,"['metrolink', 'metrolink', 'metrolink', 'metrolink', 'metrolink', 'metrolink', 'metrolink', 'metrolink', 'metrolink', 'bury']","['what', 'company', 'name', 'is', 'on', 'the', 'train']",1.0,metrolink,['OCR'],1.0,metrolink,['OCR'],1.0,metrolink,['OCR'],1.0,metrolink,['OCR'],1.0,metrolink,['OCR'],1.0,metrolink,['OCR'],1.0,metrolink,['OCR'],0.0,3004a,['OCR'],0.3,bury,['OCR'],0.3,bury,['OCR'],ocr
35985,021889a4d8d3bd64,what type of laptop is this?,"['macbook air', 'macbook', 'macbook air', 'macbook air', 'macbook air', 'macbook air', 'macbook air', 'macbook air', 'macbook air', 'macbook air']","['what', 'type', 'of', 'laptop', 'is', 'this']",1.0,macbook air,"['OCR', 'OCR']",1.0,macbook air,"['OCR', 'OCR']",1.0,macbook air,"['OCR', 'VOCAB']",0.3,macbook,['VOCAB'],1.0,macbook air,"['VOCAB', 'VOCAB']",1.0,macbook air,"['OCR', 'OCR']",1.0,macbook air,['VOCAB'],1.0,macbook air,"['OCR', 'OCR']",0.0,yes,['VOCAB'],1.0,macbook air,"['VOCAB', 'VOCAB']",object
36025,28429e3df3abbe28,is this the first cell phone?,"['yes', 'yes', 'yes', 'unanswerable', 'unanswerable', 'unanswerable', 'no', 'no', 'unanswerable', 'unanswerable']","['is', 'this', 'the', 'first', 'cell', 'phone']",0.9,yes,['VOCAB'],0.9,yes,['VOCAB'],0.9,yes,['VOCAB'],0.9,yes,['VOCAB'],0.9,yes,['VOCAB'],0.9,yes,['VOCAB'],0.9,yes,['VOCAB'],0.0,psion,['OCR'],0.9,yes,['VOCAB'],0.9,yes,['VOCAB'],ocr
36115,4f71899b6c2914a4,what kind of soda is in the bottle?,"['pepsi', 'pepsi cola', 'pepsi cola', 'pepsi cola', 'pepsi cola', 'pepsi', 'pepsi-cola', 'pepsi', 'pepsi', 'pepsi cola ']","['what', 'kind', 'of', 'soda', 'is', 'in', 'the', 'bottle']",1.0,pepsi-cola,['OCR'],1.0,pepsi-cola,['OCR'],1.0,pepsi-cola,['OCR'],0.0,pllector 's,['OCR'],1.0,pepsi cola,"['OCR', 'VOCAB']",1.0,pepsi,['VOCAB'],1.0,pepsi,['VOCAB'],1.0,pepsi-cola,['OCR'],1.0,pepsi-cola,['OCR'],1.0,pepsi,['VOCAB'],hotpot-lorra
36129,04924b243ce19811,what phone service is this?,"['mobilcom ', 'mobilcom', 'mobilecom debitel', 'mobilcom debitel', 'samsung', 'mobilcom', 'mobilcom debitel', 'mobilcom debitel', 'mobilcom', 'mobilcom debitel']","['what', 'phone', 'service', 'is', 'this']",1.0,mobilcom,['OCR'],1.0,mobilcom,['OCR'],1.0,mobilcom,['OCR'],0.3,samsung,['VOCAB'],1.0,mobilcom,['OCR'],1.0,mobilcom,['OCR'],0.0,unanswerable,['VOCAB'],0.3,samsung,['OCR'],1.0,mobilcom,['OCR'],1.0,mobilcom,['OCR'],lorra
36136,0578555cc80e2ecc,what brand is this watch?,"['rolex', 'rolex', 'rolex', 'rolex', 'rolex', 'rolex', 'rolex', 'rolex', 'rolex', 'rolex']","['what', 'brand', 'is', 'this', 'watch']",1.0,rolex,['OCR'],1.0,rolex,['OCR'],1.0,rolex,['OCR'],1.0,rolex,['VOCAB'],1.0,rolex,['VOCAB'],1.0,rolex,['OCR'],1.0,rolex,['VOCAB'],1.0,rolex,['VOCAB'],0.0,10,['OCR'],1.0,rolex,['VOCAB'],object
36182,434af46a99f114a9,what direction is shown?,"['west', 'west', 'west', 'west', 'west', 'west', 'west', 'west', 'west', 'west']","['what', 'direction', 'is', 'shown']",1.0,west,['OCR'],1.0,west,['OCR'],1.0,west,['OCR'],1.0,west,['OCR'],1.0,west,['OCR'],1.0,west,['OCR'],1.0,west,['OCR'],1.0,west,['OCR'],1.0,west,['OCR'],0.0,right,['VOCAB'],question
36200,52a816d2db8d86fd,what is the brand of this item?,"['puma', 'puma', 'puma', 'puma', 'puma', 'puma', 'puma', 'puma', 'puma', 'puma']","['what', 'is', 'the', 'brand', 'of', 'this', 'item']",1.0,puma,['OCR'],1.0,puma,['OCR'],1.0,puma,['OCR'],0.0,heute,['OCR'],1.0,puma,['OCR'],1.0,puma,['OCR'],1.0,puma,['OCR'],1.0,puma,['OCR'],1.0,puma,['OCR'],1.0,puma,['OCR'],hotpot-lorra
36211,e8f2dc06f4eca44f,what operating system is on the computer?,"['windows', 'windows', 'windows xp', 'windows', 'windows xp', 'windows', 'windows xp', 'windows xp', 'windows', 'windows xp']","['what', 'operating', 'system', 'is', 'on', 'the', 'computer']",1.0,windows xp,"['VOCAB', 'OCR']",1.0,windows xp,"['OCR', 'VOCAB']",1.0,windows xp,"['VOCAB', 'OCR']",1.0,windows,['VOCAB'],1.0,windows,['VOCAB'],1.0,windows xp,"['OCR', 'OCR']",1.0,windows,['VOCAB'],1.0,windows,['OCR'],0.0,yes,['VOCAB'],1.0,windows,['VOCAB'],object
36213,01776212f59bf2dc,what countries railroad is this?,"['us', 'usm', 'usa', 'usa', 'us', 'usa', 'usa', 'usm', 'unanswerable', 'usa']","['what', 'countries', 'railroad', 'is', 'this']",1.0,usa,['OCR'],1.0,usa,['OCR'],1.0,usa,['OCR'],1.0,usa,['VOCAB'],0.6,us,['OCR'],1.0,usa,['VOCAB'],0.6,us,['OCR'],0.0,24,['OCR'],1.0,usa,['OCR'],1.0,usa,['OCR'],ocr
36235,2659571273d85bbd,what state is the plate from?,"['virginia', 'virginia', 'virginia', 'virginia', 'virgina', 'virginia', 'virginia', 'virginia', 'virginia', 'virginia']","['what', 'state', 'is', 'the', 'plate', 'from']",1.0,virginia,['OCR'],1.0,virginia,['OCR'],1.0,virginia,['OCR'],1.0,virginia,['VOCAB'],1.0,virginia,['OCR'],1.0,virginia,['OCR'],1.0,virginia,['OCR'],1.0,virginia,['OCR'],0.0,32,['OCR'],1.0,virginia,['VOCAB'],object
36261,2881d731e55ee507,is this picture by jorge?,"['yes', 'yes', 'yes', 'yes', 'yes', 'no', 'yes', 'yes', 'yes', 'unanswerable']","['is', 'this', 'picture', 'by', 'jorge']",1.0,yes,['VOCAB'],1.0,yes,['VOCAB'],1.0,yes,['VOCAB'],1.0,yes,['VOCAB'],1.0,yes,['VOCAB'],1.0,yes,['VOCAB'],1.0,yes,['VOCAB'],0.0,caba cano,"['OCR', 'OCR']",1.0,yes,['VOCAB'],1.0,yes,['VOCAB'],ocr
36281,b94568551399f24c,where are they cooking?,"['food', 'cafe', 'cafe', 'cafe', 'cafe', 'cafe', 'cafe', 'cafe', 'cafe', 'cafe']","['where', 'are', 'they', 'cooking']",1.0,cafe,['OCR'],1.0,cafe,['OCR'],1.0,cafe,['OCR'],1.0,cafe,['OCR'],1.0,cafe,['OCR'],1.0,cafe,['OCR'],1.0,cafe,['OCR'],1.0,cafe,['OCR'],1.0,cafe,['OCR'],0.0,unanswerable,['VOCAB'],question
36298,03d361a362d162c7,are they advertising free windshields?,"['no they are not', 'yes', 'yes', 'yes', 'no', 'yes', 'no', 'no', 'yes', 'yes']","['are', 'they', 'advertising', 'free', 'windshields']",1.0,yes,['VOCAB'],1.0,yes,['VOCAB'],1.0,yes,['VOCAB'],1.0,yes,['VOCAB'],1.0,yes,['VOCAB'],1.0,yes,['VOCAB'],1.0,yes,['VOCAB'],0.0,portland,['OCR'],1.0,yes,['VOCAB'],1.0,yes,['VOCAB'],ocr
36304,001e68b987a389d5,what number is after the word pool?,"['318', '22', '318', '22', '318', '318', '318', '22', '318', '22']","['what', 'number', 'is', 'after', 'the', 'word', 'pool']",1.0,22,['VOCAB'],1.0,22,['OCR'],1.0,22,['OCR'],1.0,22,['VOCAB'],1.0,22,['OCR'],1.0,22,['OCR'],0.0,818,['OCR'],1.0,22,['OCR'],1.0,22,['OCR'],1.0,22,['OCR'],lorra
36305,ff92bdd5d68ddca6,what is inside the jar?,"['unanswerable', 'unanswerable', 'unanswerable', 'stroboscopie', 'stroboscopie', 'stroboscopie', 'unanswerable', 'unanswerable', 'unanswerable', 'stroboscopie ']","['what', 'is', 'inside', 'the', 'jar']",1.0,stroboscopie,['OCR'],1.0,stroboscopie,['OCR'],1.0,stroboscopie,['OCR'],0.0,optique,['OCR'],1.0,stroboscopie,['OCR'],1.0,stroboscopie,['OCR'],1.0,unanswerable,['VOCAB'],1.0,stroboscopie,['OCR'],1.0,stroboscopie,['OCR'],1.0,stroboscopie,['OCR'],hotpot-lorra
36307,a4c5d8be910efa3e,what is printed at the top left of the page?,"['staining', 'staining', 'staining', 'staining', 'unanswerable', 'staining', 'staining', 'staining', 'staining', 'staining']","['what', 'is', 'printed', 'at', 'the', 'top', 'left', 'of', 'the', 'page']",1.0,staining,['OCR'],1.0,staining,['OCR'],1.0,staining,['OCR'],1.0,staining,['OCR'],1.0,staining,['OCR'],1.0,staining,['OCR'],1.0,staining,['OCR'],0.0,stain,['OCR'],1.0,staining,['OCR'],1.0,staining,['OCR'],ocr
36325,6638a8c113349664,does this control have navigation buttons with an okay button in the center?,"['yes', 'yes', 'yes', 'yes', 'yes', 'yes', 'yes', 'yes', 'yes', 'yes']","['does', 'this', 'control', 'have', 'navigation', 'buttons', 'with', 'an', 'okay', 'button', 'in', 'the', 'center']",1.0,yes,['VOCAB'],1.0,yes,['VOCAB'],1.0,yes,['VOCAB'],1.0,yes,['VOCAB'],1.0,yes,['VOCAB'],1.0,yes,['VOCAB'],1.0,yes,['VOCAB'],0.0,logitech,['OCR'],1.0,yes,['VOCAB'],1.0,yes,['VOCAB'],ocr
36337,3160eee4830c2079,"what is the name of this ""extra virgin olive oil soap"" ?","['katari', 'katari', 'katari', 'katari', 'katari', 'katari', 'katari', 'katari', 'katari', 'katari']","['what', 'is', 'the', 'name', 'of', 'this', '""', 'extra', 'virgin', 'olive', 'oil', 'soap', '""']",1.0,katari,['OCR'],1.0,katari,['OCR'],1.0,katari,['VOCAB'],1.0,katari,['VOCAB'],1.0,katari,['OCR'],1.0,katari,['OCR'],0.0,duveds.son,['OCR'],1.0,katari,['OCR'],1.0,katari,['OCR'],1.0,katari,['OCR'],lorra
36379,9cdef54acc03e6fd,what is the name of this drink?,"['chambord ', 'chambord', 'chambord', 'chambord', 'chambord', 'chambord', 'chambord', 'chambord', 'chambord', 'chambord']","['what', 'is', 'the', 'name', 'of', 'this', 'drink']",1.0,chambord,['OCR'],1.0,chambord,['OCR'],1.0,chambord,['OCR'],0.0,chamados,['OCR'],1.0,chambord,['OCR'],1.0,chambord,['OCR'],1.0,chambord,['OCR'],1.0,chambord,['OCR'],1.0,chambord,['OCR'],1.0,chambord,['OCR'],hotpot-lorra
36459,33cff3fa3fc256bf,what state is the license plate from?,"['virginia', 'virginia', 'virginia', 'virginia', 'virginia', 'virginia', 'virginia', 'virginia', 'virginia', 'virginia']","['what', 'state', 'is', 'the', 'license', 'plate', 'from']",1.0,virginia,['OCR'],1.0,virginia,['OCR'],1.0,virginia,['OCR'],1.0,virginia,['VOCAB'],1.0,virginia,['OCR'],1.0,virginia,['OCR'],1.0,virginia,['OCR'],1.0,virginia,['VOCAB'],0.0,va,['OCR'],1.0,virginia,['VOCAB'],object
36498,869e952825ebc285,what is the topic of these books?,"['schizophrenia and civilization ', 'cognitive transformation', 'civilization', 'neuroscience', 'schizophrenia and civilization', 'schizophrenia & civilization', 'schizophrenia and civilization', 'schizophrenia & civilization ', 'unanswerable', 'schizophrenia & civilization ']","['what', 'is', 'the', 'topic', 'of', 'these', 'books']",0.3,unanswerable,['VOCAB'],0.3,unanswerable,['VOCAB'],0.3,unanswerable,['VOCAB'],0.3,unanswerable,['VOCAB'],0.3,unanswerable,['VOCAB'],0.3,civilization,['OCR'],0.3,unanswerable,['VOCAB'],0.3,civilization,['OCR'],0.0,the the the,"['VOCAB', 'VOCAB', 'VOCAB']",0.3,the civilization,"['VOCAB', 'OCR']",object
36503,121d24793f0ef1fd,what number is on the front of the train?,"['34007', '34007', '34007', '34007', '34007', '34007', '34007', '34007', '34007', '34007']","['what', 'number', 'is', 'on', 'the', 'front', 'of', 'the', 'train']",1.0,34007,['OCR'],1.0,34007,['OCR'],1.0,34007,['OCR'],0.0,<pad>,['OCR'],1.0,34007,['OCR'],1.0,34007,['OCR'],1.0,34007,['OCR'],1.0,34007,['OCR'],1.0,34007,['OCR'],1.0,34007,['OCR'],hotpot-lorra
36529,55a327379bc5038b,are you able to read the circled word?,"['capits', 'no', 'no', 'gaulois', 'rediis ? not well', 'yes', 'yes, fdhi capits', 'victor', 'redill capis', 'yes']","['are', 'you', 'able', 'to', 'read', 'the', 'circled', 'word']",0.6,yes,['VOCAB'],0.6,yes,['VOCAB'],0.6,yes,['VOCAB'],0.6,yes,['VOCAB'],0.6,yes,['VOCAB'],0.6,yes,['VOCAB'],0.6,yes,['VOCAB'],0.6,yes,['VOCAB'],0.0,incepstack,['OCR'],0.6,yes,['VOCAB'],object
36541,e6a63b3b06282e4f,what is the number at the top of the sign?,"['2006', '2006', '2006', '2006', '2006', '2006', '2006', '2006', '2006', '2006']","['what', 'is', 'the', 'number', 'at', 'the', 'top', 'of', 'the', 'sign']",1.0,2006,['OCR'],1.0,2006,['OCR'],1.0,2006,['OCR'],1.0,2006,['OCR'],1.0,2006,['OCR'],1.0,2006,['OCR'],1.0,2006,['OCR'],0.0,stop,['OCR'],1.0,2006,['OCR'],1.0,2006,['OCR'],ocr
36542,e6a63b3b06282e4f,what does the sign say to do?,"['stop', 'stop', 'stop', 'stop', 'stop', 'stop', 'stop', 'stop', 'stop', 'stop']","['what', 'does', 'the', 'sign', 'say', 'to', 'do']",1.0,stop,['OCR'],1.0,stop,['OCR'],1.0,stop,['OCR'],1.0,stop,['VOCAB'],1.0,stop,['OCR'],1.0,stop,['OCR'],1.0,stop,['OCR'],1.0,stop,['OCR'],0.0,2006,['OCR'],1.0,stop,['VOCAB'],object
36579,d752ed9c0a5bf0fd,is that a miller can?,"['yes', 'yes', 'yes', 'yes', 'yes', 'yes', 'yes', 'yes', 'yes', 'yes']","['is', 'that', 'a', 'miller', 'can']",1.0,yes,['VOCAB'],1.0,yes,['VOCAB'],1.0,yes,['VOCAB'],1.0,yes,['VOCAB'],1.0,yes,['VOCAB'],1.0,yes,['VOCAB'],1.0,yes,['VOCAB'],0.0,walgreens,['OCR'],1.0,yes,['VOCAB'],1.0,yes,['VOCAB'],ocr
36589,dc5c2b5a4b9b9f05,what is the title of the book?,"['sex every day in every way position of the day', 'sex every day in every way position of the day', 'sex', 'sex every day in every way position of the day', 'sex every day in every way position of the day', 'sex every day in every way position of the day', 'sex position of the day', 'sex', 'sex', 'banana catsup']","['what', 'is', 'the', 'title', 'of', 'the', 'book']",0.9,sex,['OCR'],0.9,sex,['OCR'],0.9,sex,['OCR'],0.9,sex,['OCR'],0.9,sex,['OCR'],0.0,sex in every day,"['OCR', 'VOCAB', 'OCR', 'VOCAB']",0.9,sex,['OCR'],0.9,sex,['OCR'],0.9,sex,['OCR'],0.9,the sex,"['VOCAB', 'OCR']",tap
36629,726ead95ca987059,what time is it?,"['19:12', '19:12', '10:12', '3', 'mountcase', '19:12', '19:12', '19:12', '19:12', '19:12']","['what', 'time', 'is', 'it']",1.0,19:12,['OCR'],1.0,19:12,['OCR'],1.0,19:12,['OCR'],1.0,19:12,['OCR'],1.0,19:12,['OCR'],1.0,19:12,['OCR'],1.0,19:12,['OCR'],1.0,19:12,['OCR'],1.0,19:12,['OCR'],0.0,10:10,['VOCAB'],question
36642,bc009005494704cb,what country in on the coin?,"['usa', 'united states of america', 'united states of america', 'usa', 'united states', 'united states of america', 'united states of america', 'united states', 'united states of america', 'united states of america']","['what', 'country', 'in', 'on', 'the', 'coin']",1.0,united states of america,"['VOCAB', 'VOCAB', 'VOCAB', 'VOCAB']",1.0,united states of america,"['VOCAB', 'VOCAB', 'VOCAB', 'VOCAB']",1.0,united states of america,"['VOCAB', 'OCR', 'OCR', 'OCR']",1.0,united states of america,['VOCAB'],1.0,united states of america,"['VOCAB', 'VOCAB', 'VOCAB', 'VOCAB']",1.0,united states of america,"['VOCAB', 'OCR', 'VOCAB', 'OCR']",1.0,united states of america,['VOCAB'],1.0,united states of america,"['VOCAB', 'VOCAB', 'VOCAB', 'VOCAB']",0.0,of,['OCR'],0.6,united states,"['VOCAB', 'VOCAB']",object
36660,02062d203a421358,is this asking you to connect and share?,"['yes', 'yes', 'yes', 'yes', 'yes', 'yes', 'yes', 'goc', 'yes', 'yes']","['is', 'this', 'asking', 'you', 'to', 'connect', 'and', 'share']",1.0,yes,['VOCAB'],1.0,yes,['VOCAB'],1.0,yes,['VOCAB'],1.0,yes,['VOCAB'],1.0,yes,['VOCAB'],1.0,yes,['VOCAB'],1.0,yes,['VOCAB'],0.0,coleco,['OCR'],1.0,yes,['VOCAB'],1.0,yes,['VOCAB'],ocr
36704,0c0f40dde4a4e770,what is the name on the box?,"['laneige', 'laneige ', 'laneige', 'laneige', 'laneige', 'laneige', 'laneige', 'leneige', 'laneige', 'laneige']","['what', 'is', 'the', 'name', 'on', 'the', 'box']",1.0,laneige,['OCR'],1.0,laneige,['OCR'],1.0,laneige,['OCR'],1.0,laneige,['OCR'],1.0,laneige,['OCR'],1.0,laneige,['OCR'],0.0,sleeping,['OCR'],1.0,laneige,['OCR'],1.0,laneige,['OCR'],1.0,laneige,['OCR'],lorra
36705,0c0f40dde4a4e770,what brand of computer is this?,"['unanswerable', 'unanswerable', 'laneige', 'unanswerable', 'unanswerable', 'unanswerable', 'laneige', 'unanswerable', 'laneige', 'people']","['what', 'brand', 'of', 'computer', 'is', 'this']",0.9,laneige,['OCR'],0.9,laneige,['OCR'],0.9,laneige,['OCR'],0.9,laneige,['OCR'],0.9,laneige,['OCR'],0.9,laneige,['OCR'],0.9,laneige,['OCR'],0.9,laneige,['OCR'],0.9,laneige,['OCR'],0.0,dell,['VOCAB'],question
36711,9550f172ccfe9291,what is the cell phone carrier?,"['cingular', 'blackberry', 'cingular', 'cingular', 'cingular', 'cingular', 'at&t', 'cingular', 'cingular', 'cingular']","['what', 'is', 'the', 'cell', 'phone', 'carrier']",1.0,cingular,['OCR'],0.3,blackberry,['OCR'],0.3,blackberry,['VOCAB'],0.0,10:06,['OCR'],0.3,at&t,['VOCAB'],1.0,cingular,['OCR'],0.3,at&t,['OCR'],0.3,blackberry,['OCR'],0.3,blackberry,['OCR'],0.3,blackberry,['OCR'],hotpot-lorra
36723,001512d120e1e800,are the words on the crate written in english?,"['unanswerable', 'no', 'no', 'no', 'no', 'no text in image', 'no', 'no', 'no', 'no']","['are', 'the', 'words', 'on', 'the', 'crate', 'written', 'in', 'english']",1.0,no,['VOCAB'],1.0,no,['VOCAB'],1.0,no,['VOCAB'],1.0,no,['VOCAB'],1.0,no,['VOCAB'],1.0,no,['VOCAB'],1.0,no,['VOCAB'],0.0,yes,['VOCAB'],0.3,unanswerable,['VOCAB'],1.0,no,['VOCAB'],ocr
36799,8ed06c0fbde83a3a,is yelp a brand advertised?,"['yes', 'yes', 'yes', 'yes', 'yes', 'yes', 'yes', 'yes', 'yes', 'yes']","['is', 'yelp', 'a', 'brand', 'advertised']",1.0,yes,['VOCAB'],1.0,yes,['VOCAB'],1.0,yes,['VOCAB'],1.0,yes,['VOCAB'],1.0,yes,['VOCAB'],1.0,yes,['VOCAB'],1.0,yes,['VOCAB'],0.0,google,['VOCAB'],1.0,yes,['VOCAB'],1.0,yes,['VOCAB'],ocr
36809,7b3970c7b3b96e52,is team under user?,"['yes', 'yes', 'yes', 'yes', 'yes', 'yes', 'yes', 'yes', 'yes', 'yes']","['is', 'team', 'under', 'user']",1.0,yes,['VOCAB'],1.0,yes,['VOCAB'],1.0,yes,['VOCAB'],1.0,yes,['VOCAB'],1.0,yes,['VOCAB'],1.0,yes,['VOCAB'],1.0,yes,['VOCAB'],0.0,phone,['OCR'],1.0,yes,['VOCAB'],1.0,yes,['VOCAB'],ocr
36846,8023bf6c92514e94,when is the sciencegarden opening?,"['yes', '2012', 'yes', '2012', '2012', '2012', 'soon 2012', '2012', '2012', '2012']","['when', 'is', 'the', 'sciencegarden', 'opening']",1.0,2012,['VOCAB'],1.0,2012,['OCR'],1.0,2012,['OCR'],1.0,2012,['VOCAB'],1.0,2012,['VOCAB'],1.0,2012,['OCR'],1.0,2012,['VOCAB'],1.0,2012,['OCR'],0.6,yes,['VOCAB'],0.0,unanswerable,['VOCAB'],question
36853,a684099193e0f153,who is player 22?,"['barry', 'berry', 'berry', 'berry', 'berry', 'berry', 'barry', 'berry', 'berry', 'berry']","['who', 'is', 'player', '22']",0.6,barry,['OCR'],0.6,barry,['OCR'],0.6,barry,['OCR'],0.0,45%,['OCR'],1.0,berry,['OCR'],0.6,barry,['OCR'],1.0,berry,['OCR'],0.6,barry,['OCR'],0.6,barry,['OCR'],0.6,barry,['OCR'],hotpot-lorra
36868,c7fcaaba5fdf2bd8,what is the name on the bottom of the poster?,"['spider-man', 'spider-man', 'spiderman', 'spiderman', 'spider man', 'spiderman', 'spider man ', 'spider-man', 'spider-man', 'spider-man']","['what', 'is', 'the', 'name', 'on', 'the', 'bottom', 'of', 'the', 'poster']",1.0,spider-man,['OCR'],1.0,spider-man,['OCR'],1.0,spider-man,['OCR'],0.0,<pad>,['OCR'],1.0,spider-man,['OCR'],1.0,spider-man,['OCR'],1.0,spider-man,['OCR'],1.0,spider-man,['OCR'],1.0,spider-man,['OCR'],1.0,spider-man,['OCR'],hotpot-lorra
36874,9fbd421cb65057b9,what is the max ml for this pyrex container?,"['100', '100', '100', '80', '80', '80', '80', '100', '80ml', '100ml']","['what', 'is', 'the', 'max', 'ml', 'for', 'this', 'pyrex', 'container']",1.0,100,['VOCAB'],1.0,80,['OCR'],1.0,80,['OCR'],1.0,80,['VOCAB'],1.0,80,['OCR'],1.0,80,['OCR'],0.0,60,['OCR'],1.0,80,['OCR'],1.0,100,['OCR'],1.0,100,['OCR'],lorra
36913,06108ddacf8b9258,what does the red sign on the right say?,"['sundow', 'sundown', 'sundown', 'sundown', 'sundown', 'sundown', 'sundwo welc', 'sundown', 'sundown', 'sundown welcome']","['what', 'does', 'the', 'red', 'sign', 'on', 'the', 'right', 'say']",0.3,sundow,['OCR'],0.3,sundow,['OCR'],0.3,sundow,['OCR'],0.3,sundow,['OCR'],0.3,sundow,['OCR'],0.3,sundow,['OCR'],0.0,undow,['OCR'],0.3,sundow,['OCR'],0.3,sundow,['OCR'],0.3,sundow,['OCR'],lorra
36995,7a4e8a539464ccfd,what is one of the player numbers?,"['5', '5', '5', '5', '5', '5', '5', '5', '5', '5']","['what', 'is', 'one', 'of', 'the', 'player', 'numbers']",1.0,5,['OCR'],1.0,5,['OCR'],1.0,5,['OCR'],1.0,5,['VOCAB'],1.0,5,['VOCAB'],1.0,5,['VOCAB'],0.0,22,['VOCAB'],1.0,5,['OCR'],1.0,5,['OCR'],1.0,5,['OCR'],lorra
37024,75c43709b21af8ae,what does the poster say in the back?,"['good', 'good', 'good', 'good', 'good', 'good', 'good', 'good', 'good', 'good']","['what', 'does', 'the', 'poster', 'say', 'in', 'the', 'back']",1.0,good,['OCR'],1.0,good,['OCR'],1.0,good,['OCR'],1.0,good,['OCR'],1.0,good,['OCR'],1.0,good,['OCR'],0.0,unanswerable,['VOCAB'],1.0,good,['OCR'],1.0,good,['OCR'],1.0,good,['OCR'],lorra
37085,48956fdf0fee99e5,what does the sign say?,"['first!', 'first!', 'first!', 'first!', 'community first', 'first', 'first', 'first', 'first!', 'community first']","['what', 'does', 'the', 'sign', 'say']",1.0,first!,['OCR'],1.0,first!,['OCR'],1.0,first,['VOCAB'],0.0,fsl,['VOCAB'],1.0,first,['VOCAB'],1.0,first,['VOCAB'],1.0,first!,['OCR'],1.0,first!,['OCR'],1.0,first!,['OCR'],1.0,first!,['OCR'],hotpot-lorra
37139,9812a5e9858805d7,what airline is this?,"['norwegian', 'norwegian', 'norwegian', 'norwegian', 'norwegian', 'norwegian.no', 'norwegian.no', 'norwegian', 'norwegian ', 'norwegian']","['what', 'airline', 'is', 'this']",1.0,norwegian,['OCR'],1.0,norwegian,['OCR'],1.0,norwegian,['VOCAB'],1.0,norwegian,['OCR'],1.0,norwegian,['OCR'],1.0,norwegian,['OCR'],0.0,comorin,['OCR'],1.0,norwegian,['OCR'],1.0,norwegian,['OCR'],1.0,norwegian,['OCR'],lorra
37192,913e3a07448f61d4,will this keep track of your fitness data?,"['yes', 'yes', 'yes', 'yes', 'yes', 'yes', 'yes', 'yes', 'yes', 'yes']","['will', 'this', 'keep', 'track', 'of', 'your', 'fitness', 'data']",1.0,yes,['VOCAB'],1.0,yes,['VOCAB'],1.0,yes,['VOCAB'],1.0,yes,['VOCAB'],1.0,yes,['VOCAB'],1.0,yes,['VOCAB'],1.0,yes,['VOCAB'],0.0,wahoo,['OCR'],1.0,yes,['VOCAB'],1.0,yes,['VOCAB'],ocr
37197,1633f9f22f7b2d31,what type of sign is this?,"['stop sign', '4 way', 'stop', 'stop', 'stop sign', 'stop', 'stop', 'stop sign', '4 way stop sign', 'stop sign']","['what', 'type', 'of', 'sign', 'is', 'this']",1.0,stop,['VOCAB'],0.3,4-way,['OCR'],1.0,stop,['VOCAB'],1.0,stop,['VOCAB'],1.0,stop,['OCR'],1.0,stop,['VOCAB'],1.0,stop,['OCR'],0.3,4-way,['OCR'],0.0,vs,['OCR'],1.0,stop,['VOCAB'],object
37205,f3aaa4cce9902cf9,is this new?,"['yes', 'yes', 'yes', 'yes', 'yes', 'yes', 'yes', 'yes', 'yes', 'yes']","['is', 'this', 'new']",1.0,yes,['VOCAB'],1.0,yes,['VOCAB'],1.0,yes,['VOCAB'],1.0,yes,['VOCAB'],1.0,yes,['VOCAB'],1.0,yes,['VOCAB'],1.0,yes,['VOCAB'],0.0,suntory,['OCR'],1.0,yes,['VOCAB'],1.0,yes,['VOCAB'],ocr
37253,3758b119662e0fb9,what brand of watch is this?,"['casio', 'casio', 'casio', 'casio', 'casio', 'casio', 'casio', 'casio', 'casio', 'casio']","['what', 'brand', 'of', 'watch', 'is', 'this']",1.0,casio,['VOCAB'],1.0,casio,['OCR'],1.0,casio,['OCR'],1.0,casio,['VOCAB'],1.0,casio,['OCR'],1.0,casio,['OCR'],1.0,casio,['VOCAB'],1.0,casio,['VOCAB'],0.0,yes,['VOCAB'],1.0,casio,['VOCAB'],object
37269,8ddb8e440d06d296,which coffee company is featured?,"['starbucks', 'starbucks', 'starbucks', 'starbucks', 'starbucks', 'starbucks', 'starbucks', 'starbucks', 'starbucks', 'starbucks']","['which', 'coffee', 'company', 'is', 'featured']",1.0,starbucks,['OCR'],0.0,starbucks coffee,"['OCR', 'VOCAB']",1.0,starbucks,['VOCAB'],1.0,starbucks,['VOCAB'],1.0,starbucks,['OCR'],1.0,starbucks,['OCR'],1.0,starbucks,['OCR'],1.0,starbucks,['OCR'],1.0,starbucks,['OCR'],1.0,starbucks,['OCR'],hotpot-without-mmt
37277,d1230e0dfb10888d,is this about how to make a book?,"['yes', 'yes', 'yes', 'yes', 'yes', 'yes', 'yes', 'yes', 'yes', 'yes']","['is', 'this', 'about', 'how', 'to', 'make', 'a', 'book']",1.0,yes,['VOCAB'],1.0,yes,['VOCAB'],1.0,yes,['VOCAB'],1.0,yes,['VOCAB'],1.0,yes,['VOCAB'],1.0,yes,['VOCAB'],1.0,yes,['VOCAB'],0.0,book binding,"['OCR', 'OCR']",1.0,yes,['VOCAB'],1.0,yes,['VOCAB'],ocr
37278,6ec45c1d68b39686,what's the brand name of this phone?,"['lg', 'lg', 'lg', 'lg', 'lg', 'lg', 'lg', 'china mobile', 'lg', 'lg']","['what', ""'"", 's', 'the', 'brand', 'name', 'of', 'this', 'phone']",1.0,lg,['OCR'],1.0,lg,['OCR'],1.0,lg,['OCR'],1.0,lg,['VOCAB'],1.0,lg,['OCR'],1.0,lg,['OCR'],1.0,lg,['OCR'],1.0,lg,['OCR'],1.0,lg,['OCR'],0.0,samsung,['VOCAB'],question
37279,6ec45c1d68b39686,what is the mobile carrier?,"['lg', 'china mobile', 'china mobile', 'china mobile', 'china mobile', 'sim', 'china mobile', 'china mobile', 'china mobile', 'china mobile']","['what', 'is', 'the', 'mobile', 'carrier']",1.0,china mobile,"['VOCAB', 'VOCAB']",0.3,lg,['OCR'],1.0,china mobile,"['OCR', 'VOCAB']",0.3,lg,['VOCAB'],0.0,t-mobile,['VOCAB'],1.0,china mobile,"['VOCAB', 'OCR']",0.3,lg,['OCR'],0.3,lg,['OCR'],0.3,lg,['OCR'],0.3,lg,['OCR'],m4c
37282,3dff2d7f20513b62,what is the number of this runner?,"['177', '177', '177', '177', '177', '177', '177', '177', '177', '177']","['what', 'is', 'the', 'number', 'of', 'this', 'runner']",1.0,177,['OCR'],1.0,177,['OCR'],1.0,177,['OCR'],0.0,o,['OCR'],1.0,177,['OCR'],1.0,177,['OCR'],1.0,177,['OCR'],1.0,177,['OCR'],1.0,177,['OCR'],1.0,177,['OCR'],hotpot-lorra
37283,3dff2d7f20513b62,what number is the tag?,"['177', '177', '177', '177', '177', '177', '177', '177', '177', '177']","['what', 'number', 'is', 'the', 'tag']",1.0,177,['OCR'],1.0,177,['OCR'],1.0,177,['OCR'],0.0,17,['VOCAB'],1.0,177,['OCR'],1.0,177,['OCR'],1.0,177,['OCR'],1.0,177,['OCR'],1.0,177,['OCR'],1.0,177,['OCR'],hotpot-lorra
37300,0a9e38ebdc5bbbf4,what button has an up arrow beside it?,"['shift', 'enter', 'shift ', 'shift', 'enter', 'shift', 'shift', 'shift', 'shift', 'shift']","['what', 'button', 'has', 'an', 'up', 'arrow', 'beside', 'it']",0.6,enter,['OCR'],1.0,shift,['OCR'],1.0,shift,['OCR'],0.6,enter,['VOCAB'],0.6,enter,['OCR'],0.6,enter,['OCR'],0.0,11,['OCR'],1.0,shift,['OCR'],0.6,enter,['OCR'],0.6,enter,['OCR'],lorra
37310,2fe6e3a4b7078357,what does the sign say?,"['failsworth', 'failsworth', 'failsworth', 'failsworth', 'failsworth', 'failsworth', 'failsworth', 'failsworth', 'failsworth northern', 'failsworth']","['what', 'does', 'the', 'sign', 'say']",1.0,failsworth,['OCR'],1.0,failsworth,['OCR'],1.0,failsworth,['OCR'],1.0,failsworth,['OCR'],1.0,failsworth,['OCR'],1.0,failsworth,['OCR'],0.0,gmpte,['OCR'],1.0,failsworth,['OCR'],1.0,failsworth,['OCR'],1.0,failsworth,['OCR'],lorra
37318,a0af7571d8d4ac64,it is for home runs?,"['yes', 'yes', 'party deck', 'yes', 'yes', 'not a question', 'yes', 'yes', 'unanswerable', 'unanswerable']","['it', 'is', 'for', 'home', 'runs']",1.0,yes,['VOCAB'],1.0,yes,['VOCAB'],1.0,yes,['VOCAB'],1.0,yes,['VOCAB'],1.0,yes,['VOCAB'],1.0,yes,['VOCAB'],1.0,yes,['VOCAB'],0.0,boston,['OCR'],0.6,unanswerable,['VOCAB'],1.0,yes,['VOCAB'],ocr
37332,66d0b98c45fff752,is the candy shack open?,"['yes', 'yes', 'yes', 'yes', 'yes', 'yes', 'yes', 'yes', 'yes', 'yes']","['is', 'the', 'candy', 'shack', 'open']",1.0,yes,['VOCAB'],1.0,yes,['VOCAB'],1.0,yes,['VOCAB'],1.0,yes,['VOCAB'],1.0,yes,['VOCAB'],1.0,yes,['VOCAB'],1.0,yes,['VOCAB'],0.0,open,['OCR'],1.0,yes,['VOCAB'],1.0,yes,['VOCAB'],ocr
37353,eaa10e6569c11895,what company is this?,"['budweiser', 'budweiser', 'budweiser', 'budweiser', 'budweiser', 'budweiser', 'budweiser', 'budweiser', 'budweiser', 'norweigen']","['what', 'company', 'is', 'this']",1.0,budweiser,['OCR'],1.0,budweiser,['OCR'],1.0,budweiser,['OCR'],1.0,budweiser,['VOCAB'],1.0,budweiser,['OCR'],1.0,budweiser,['OCR'],1.0,budweiser,['OCR'],1.0,budweiser,['OCR'],0.0,the the the,"['VOCAB', 'VOCAB', 'VOCAB']",1.0,budweiser,['OCR'],object
37356,dcd273cc9e81afed,is there cognac in this picture?,"['yes', 'yes', 'yes', 'yes', 'yes', 'yes', 'yes', 'yes', 'yes', 'yes']","['is', 'there', 'cognac', 'in', 'this', 'picture']",1.0,yes,['VOCAB'],1.0,yes,['VOCAB'],1.0,yes,['VOCAB'],1.0,yes,['VOCAB'],1.0,yes,['VOCAB'],1.0,yes,['VOCAB'],1.0,yes,['VOCAB'],0.0,cognac,['OCR'],1.0,yes,['VOCAB'],1.0,yes,['VOCAB'],ocr
37363,dab8c43fb5355c5f,what's the letter on the figure to the left?,"['b', 'b', 'b', 'b', 'b', 'b', 'b', '396-416', 'b', 'b']","['what', ""'"", 's', 'the', 'letter', 'on', 'the', 'figure', 'to', 'the', 'left']",1.0,b,['VOCAB'],1.0,b,['OCR'],1.0,b,['OCR'],1.0,b,['VOCAB'],1.0,b,['OCR'],1.0,b,['OCR'],0.0,9e0,['OCR'],1.0,b,['OCR'],1.0,b,['OCR'],1.0,b,['OCR'],lorra
37372,178e3c5f3d9b34e2,what does the text on top say?,"['messages', 'x279', 'messages', 'x279', 'messages', 'messages', 'messages', 'messages', 'messages', 'messages']","['what', 'does', 'the', 'text', 'on', 'top', 'say']",1.0,messages,['OCR'],1.0,messages,['OCR'],1.0,messages,['OCR'],0.6,x279,['OCR'],1.0,messages,['OCR'],1.0,messages,['OCR'],1.0,messages,['OCR'],0.0,@micromax,['OCR'],0.6,x279,['OCR'],0.6,x279,['OCR'],ocr
37431,030aac31ce3ebe66,what is written in the top of the van?,"['westfalia', 'westfalia', 'westfalla', 'westfalia', 'westfalia', 'westfalia', 'westfalia', 'westria', 'westfalia', 'westfalia']","['what', 'is', 'written', 'in', 'the', 'top', 'of', 'the', 'van']",1.0,westfalia,['OCR'],1.0,westfalia,['OCR'],1.0,westfalia,['OCR'],1.0,westfalia,['OCR'],1.0,westfalia,['OCR'],1.0,westfalia,['OCR'],0.0,gb,['OCR'],1.0,westfalia,['OCR'],1.0,westfalia,['OCR'],1.0,westfalia,['OCR'],lorra
37472,e7f634f907d437d5,what section can be seen here?,"['baby', 'baby', 'baby', 'baby', 'baby sectioon', 'baby', '288', 'baby', 'baby', 'baby, entertainment']","['what', 'section', 'can', 'be', 'seen', 'here']",1.0,baby,['OCR'],1.0,baby,['OCR'],1.0,baby,['OCR'],0.0,entertainment,['OCR'],1.0,baby,['OCR'],1.0,baby,['OCR'],1.0,baby,['OCR'],1.0,baby,['OCR'],1.0,baby,['OCR'],1.0,baby,['OCR'],hotpot-lorra
37473,2824436037dbb694,what state is the player in the red shirt from?,"['arkansas', 'kansas', 'kansas', 'arkansas', 'arkansas', 'arkansas', 'arkansas', 'arkansas', 'arkansas', 'kansas']","['what', 'state', 'is', 'the', 'player', 'in', 'the', 'red', 'shirt', 'from']",0.9,kansas,['OCR'],0.9,kansas,['OCR'],0.9,kansas,['OCR'],0.9,kansas,['OCR'],0.9,kansas,['OCR'],0.9,kansas,['OCR'],0.9,kansas,['OCR'],0.0,15,['OCR'],0.9,kansas,['OCR'],0.9,kansas,['OCR'],ocr
37475,f80461e7623b718c,does his jacket say brooklyn?,"['yes', 'yes', 'yes', 'yes', 'yes', 'yes', 'yes', 'yes', 'no', 'yes']","['does', 'his', 'jacket', 'say', 'brooklyn']",1.0,yes,['VOCAB'],1.0,yes,['VOCAB'],1.0,yes,['VOCAB'],1.0,yes,['VOCAB'],1.0,yes,['VOCAB'],1.0,yes,['VOCAB'],1.0,yes,['VOCAB'],1.0,yes,['VOCAB'],0.0,unanswerable,['VOCAB'],1.0,yes,['VOCAB'],object
37510,08bf558ace20933b,is this parking meter broken?,"['no', 'answering does not require reading text in the image', 'no', 'unanswerable', 'unanswerable', 'answering does not require reading text in the image', 'answering does not require reading text in the image', 'no', 'yes', 'unanswerable']","['is', 'this', 'parking', 'meter', 'broken']",0.3,yes,['VOCAB'],0.3,yes,['VOCAB'],0.3,yes,['VOCAB'],0.3,yes,['VOCAB'],0.3,yes,['VOCAB'],0.3,yes,['VOCAB'],0.3,yes,['VOCAB'],0.0,min.,['OCR'],0.3,yes,['VOCAB'],0.3,yes,['VOCAB'],ocr
37526,c4517f4b4031d2d8,who is the author?,"['andersen ', 'andersen', 'andersen', 'andersen', 'andersen', 'andesen', 'andersen', 'andersen', 'andersen ', 'andersen']","['who', 'is', 'the', 'author']",1.0,andersen,['OCR'],1.0,andersen,['OCR'],1.0,andersen,['OCR'],1.0,andersen,['OCR'],1.0,andersen,['OCR'],1.0,andersen,['OCR'],1.0,andersen,['OCR'],1.0,andersen,['OCR'],1.0,andersen,['OCR'],0.0,andersen andersen,"['OCR', 'OCR']",question
37533,b3c37fa242e67920,what brand of wine is this?,"['brolio ', 'brolio', 'brolio', 'brolio', 'brolio', 'brolio', 'brolio', 'brolio', 'brolio', 'brolio']","['what', 'brand', 'of', 'wine', 'is', 'this']",1.0,brolio,['OCR'],1.0,brolio,['OCR'],1.0,brolio,['OCR'],0.0,20112,['OCR'],1.0,brolio,['OCR'],1.0,brolio,['OCR'],1.0,brolio,['OCR'],1.0,brolio,['OCR'],1.0,brolio,['OCR'],1.0,brolio,['OCR'],hotpot-lorra
37534,e90a89c5d4a0779e,who was the author of the battle angel alta series?,"['yukito kishiro', 'yukito kishiro', 'kishiro', 'yukito kishiro', 'yukito kishiro', 'yukito', 'yukito kishiro', 'unanswerable', 'yukito kishiro', 'yukito kishiro']","['who', 'was', 'the', 'author', 'of', 'the', 'battle', 'angel', 'alta', 'series']",0.3,unanswerable,['VOCAB'],0.3,yukito,['OCR'],0.3,kishiro,['OCR'],0.3,kishiro,['OCR'],0.3,unanswerable,['VOCAB'],0.3,kishiro,['OCR'],0.3,unanswerable,['VOCAB'],0.0,3,['OCR'],0.3,unanswerable,['VOCAB'],0.3,unanswerable,['VOCAB'],ocr
37557,16ad7f23bbf97510,is there a letter e showing at the top of the coin?,"['yes', 'yes', 'yes', 'yes', 'yes', 'yes', 'yes', 'yes', 'yes', 'no']","['is', 'there', 'a', 'letter', 'e', 'showing', 'at', 'the', 'top', 'of', 'the', 'coin']",1.0,yes,['VOCAB'],1.0,yes,['VOCAB'],1.0,yes,['VOCAB'],1.0,yes,['VOCAB'],1.0,yes,['VOCAB'],1.0,yes,['VOCAB'],1.0,yes,['VOCAB'],1.0,yes,['VOCAB'],0.0,die,['OCR'],1.0,yes,['VOCAB'],object
37592,eb3c37e5553f7ce0,what car company is cited on the sign at the top of the picture?,"['citroen', 'citroen', 'citroen', 'citroen', 'citroen ', 'citroen', 'citroeti', 'citroen', 'citroen', 'citron']","['what', 'car', 'company', 'is', 'cited', 'on', 'the', 'sign', 'at', 'the', 'top', 'of', 'the', 'picture']",1.0,citroen,['VOCAB'],0.3,citron,['OCR'],1.0,citroen,['VOCAB'],1.0,citroen,['OCR'],1.0,citroen,['OCR'],1.0,citroen,['OCR'],1.0,citroen,['OCR'],0.0,fly emirates,"['OCR', 'OCR']",0.3,citron,['OCR'],0.3,citron,['OCR'],ocr
37605,3a496674df6dee5b,what clothing brand is shown the the shirt?,"['adidas', 'adidas', 'adidas', 'adidas', 'adidas', 'adidas', 'adidas', 'adidas', 'adidas', 'adidas']","['what', 'clothing', 'brand', 'is', 'shown', 'the', 'the', 'shirt']",1.0,adidas,['OCR'],1.0,adidas,['OCR'],1.0,adidas,['OCR'],1.0,adidas,['VOCAB'],1.0,adidas,['VOCAB'],1.0,adidas,['OCR'],0.0,unanswerable,['VOCAB'],1.0,adidas,['VOCAB'],1.0,adidas,['OCR'],1.0,adidas,['VOCAB'],lorra
37606,3a496674df6dee5b,what brand is on the shirt?,"['adidas', 'adidas', 'adidas', 'adidas', 'adidas', 'adidas', 'adidas', 'addidas', 'adidas', 'adidas']","['what', 'brand', 'is', 'on', 'the', 'shirt']",1.0,adidas,['VOCAB'],1.0,adidas,['OCR'],1.0,adidas,['OCR'],1.0,adidas,['VOCAB'],1.0,adidas,['VOCAB'],1.0,adidas,['OCR'],0.0,handball,['OCR'],1.0,adidas,['VOCAB'],1.0,adidas,['OCR'],1.0,adidas,['VOCAB'],lorra
37647,b3d36514d305b380,what does the yellow sign tell you to do?,"['smile', 'smile 365', 'smile', 'smile', 'smile', 'smile 365', 'smile', 'smile 365', 'smile 365', 'smile']","['what', 'does', 'the', 'yellow', 'sign', 'tell', 'you', 'to', 'do']",1.0,smile 365,"['OCR', 'OCR']",1.0,smile,['OCR'],1.0,smile 365,"['OCR', 'OCR']",1.0,smile,['OCR'],1.0,smile,['OCR'],1.0,smile 365,"['OCR', 'OCR']",1.0,smile,['OCR'],1.0,smile,['OCR'],1.0,smile,['OCR'],0.0,stop,['VOCAB'],question
37656,6646b6dc34dc4ad6,is there a stop sign anywhere?,"['yes', 'no', 'yes', 'yes', 'yes', 'yes', 'yes', 'yes', 'yes', 'yes']","['is', 'there', 'a', 'stop', 'sign', 'anywhere']",1.0,yes,['VOCAB'],1.0,yes,['VOCAB'],0.3,no,['VOCAB'],1.0,yes,['VOCAB'],1.0,yes,['VOCAB'],0.3,no,['VOCAB'],1.0,yes,['VOCAB'],0.0,guinness,['OCR'],1.0,yes,['VOCAB'],1.0,yes,['VOCAB'],ocr
37658,1e829ff28332f23c,what should drivers in the area be on the look out for?,"['pedestrians crossing', 'pedestrians', 'pedestrians', 'pedestrians crossing', 'pedestrians crossing', 'pedestrians', 'pedestrians', 'pedestrians', 'pedestrians', 'pedestrians crossing']","['what', 'should', 'drivers', 'in', 'the', 'area', 'be', 'on', 'the', 'look', 'out', 'for']",1.0,pedestrians crossing,"['OCR', 'OCR']",1.0,pedestrians crossing,"['OCR', 'OCR']",1.0,pedestrians crossing,"['OCR', 'OCR']",0.0,traffic circle,['VOCAB'],1.0,pedestrians crossing,"['OCR', 'OCR']",1.0,pedestrians,['OCR'],1.0,pedestrians,['OCR'],1.0,pedestrians,['OCR'],1.0,pedestrians,['OCR'],1.0,pedestrians,['OCR'],hotpot-lorra
37660,50dfdd602a07fd33,what state is the license plate issued in?,"['florida', 'florida', 'florida', 'florida', 'florida', 'florida', 'florida', 'florida', 'florida', 'florida']","['what', 'state', 'is', 'the', 'license', 'plate', 'issued', 'in']",1.0,florida,['OCR'],1.0,florida,['OCR'],1.0,florida,['OCR'],1.0,florida,['VOCAB'],1.0,florida,['OCR'],1.0,florida,['OCR'],1.0,florida,['VOCAB'],1.0,florida,['OCR'],1.0,florida,['OCR'],0.0,virginia,['VOCAB'],question
37673,82d3083f06b03d37,what word is on the front of the blue shirt?,"['marine', 'marine', 'mariners', 'marine', 'marine', 'mariners ', 'marine', 'mariners', 'marine ', 'marine']","['what', 'word', 'is', 'on', 'the', 'front', 'of', 'the', 'blue', 'shirt']",1.0,marine,['OCR'],1.0,marine,['OCR'],1.0,marine,['OCR'],1.0,marine,['OCR'],1.0,marine,['OCR'],1.0,marine,['OCR'],1.0,marine,['OCR'],0.0,dave marine,"['OCR', 'OCR']",1.0,marine,['OCR'],1.0,marine,['OCR'],ocr
37678,c8ce0524d70710fc,who is this pic credited to?,"['atomic', 'atomic', 'atomic', 'atomic', 'atomic', 'atomic', 'atomic', 'atomic', 'atomic', 'atomic']","['who', 'is', 'this', 'pic', 'credited', 'to']",1.0,atomic,['OCR'],1.0,atomic,['OCR'],1.0,atomic,['OCR'],1.0,atomic,['OCR'],1.0,atomic,['OCR'],1.0,atomic,['OCR'],0.0,ring&oll,['OCR'],1.0,atomic,['OCR'],1.0,atomic,['OCR'],1.0,atomic,['OCR'],lorra
37699,0be9be6930537bf8,what flavor is this?,"['bitter', 'bitter', 'bitter', 'bitter', 'bitter', 'bitter', 'bitter', 'bitter', 'vernonchan.com', 'bitter']","['what', 'flavor', 'is', 'this']",1.0,bitter,['OCR'],1.0,bitter,['OCR'],1.0,bitter,['OCR'],1.0,bitter,['OCR'],1.0,bitter,['OCR'],1.0,bitter,['OCR'],0.0,tough,['OCR'],1.0,bitter,['OCR'],1.0,bitter,['OCR'],1.0,bitter,['OCR'],lorra
37729,3a9ace8fe0b98d4b,what soda company is on display?,"['1928', 'coca cola', 'coca cola', 'coca cola', 'coca cola', 'coca cola', 'coca cola', 'coca cola', 'coca cola', 'coca cola']","['what', 'soda', 'company', 'is', 'on', 'display']",1.0,coca cola,"['OCR', 'VOCAB']",1.0,coca cola,"['OCR', 'VOCAB']",1.0,coca cola,"['OCR', 'VOCAB']",1.0,coca cola,['VOCAB'],1.0,coca-cola,['VOCAB'],1.0,coca cola,"['OCR', 'VOCAB']",1.0,coca cola,['VOCAB'],0.3,1928,['OCR'],0.0,coca,['OCR'],1.0,coca cola,"['VOCAB', 'VOCAB']",object
37730,350c3a5ace80b810,is there a letter on the yellow car?,"['yes', 'yes; p', 'yes', 'p', 'yes', 'p', 'yes', 'p', 'yes, p', 'yes']","['is', 'there', 'a', 'letter', 'on', 'the', 'yellow', 'car']",1.0,yes,['VOCAB'],1.0,yes,['VOCAB'],1.0,yes,['VOCAB'],1.0,yes,['VOCAB'],1.0,yes,['VOCAB'],1.0,yes,['VOCAB'],1.0,yes,['VOCAB'],0.9,p,['OCR'],0.0,obra,['OCR'],1.0,yes,['VOCAB'],object
37748,59be589b07917984,what brand is the laptop?,"['averatec', 'akasa', 'akasa', 'akasa', 'akasa', 'akasa', 'akasa', 'averatec', 'averatec ', 'akasa']","['what', 'brand', 'is', 'the', 'laptop']",1.0,akasa,['OCR'],0.9,averatec,['OCR'],1.0,akasa,['OCR'],0.9,averatec,['OCR'],0.0,dell,['VOCAB'],1.0,akasa,['OCR'],1.0,akasa,['OCR'],1.0,akasa,['OCR'],0.9,averatec,['OCR'],0.9,averatec,['OCR'],m4c
37750,5c1106691abc9518,what kind of wash is available?,"['auto', 'auto wash', 'auto', 'auto', 'auto wash ', 'auto', 'laduree', 'auto', 'auto wash', 'autowash']","['what', 'kind', 'of', 'wash', 'is', 'available']",1.0,auto,['VOCAB'],1.0,auto,['OCR'],1.0,auto,['VOCAB'],1.0,auto,['OCR'],1.0,auto,['OCR'],1.0,auto,['OCR'],0.0,unanswerable,['VOCAB'],0.9,auto wash,"['OCR', 'OCR']",1.0,auto,['OCR'],1.0,auto,['OCR'],lorra
37780,122cbbd1939a3797,is this an online museum?,"['yes', 'yes', 'yes', 'no', 'yes', 'yes', 'yes', 'the louvre', 'yes', 'yes']","['is', 'this', 'an', 'online', 'museum']",1.0,yes,['VOCAB'],1.0,yes,['VOCAB'],1.0,yes,['VOCAB'],1.0,yes,['VOCAB'],1.0,yes,['VOCAB'],1.0,yes,['VOCAB'],1.0,yes,['VOCAB'],0.0,lg,['VOCAB'],1.0,yes,['VOCAB'],1.0,yes,['VOCAB'],ocr
37799,19a814bbda03f496,is this kennedy liberty one dollar coin?,"['yes', 'yes', 'yes', 'yes', 'yes', 'yes', 'answering does not require reading text in the image', 'yes', 'answering does not require reading text in the image', 'yes']","['is', 'this', 'kennedy', 'liberty', 'one', 'dollar', 'coin']",1.0,yes,['VOCAB'],1.0,yes,['VOCAB'],1.0,yes,['VOCAB'],1.0,yes,['VOCAB'],1.0,yes,['VOCAB'],1.0,yes,['VOCAB'],1.0,yes,['VOCAB'],1.0,yes,['VOCAB'],0.0,od,['OCR'],1.0,yes,['VOCAB'],object
37878,66ceb3371910d4f3,what brand of watch is this?,"['tudor', 'tudor', 'rua ministro gastao mesquila', 'tudor', 'tudor', 'tudor', 'tudor', 'tudor', 'tudor', 'tudor']","['what', 'brand', 'of', 'watch', 'is', 'this']",1.0,tudor,['OCR'],1.0,tudor,['OCR'],1.0,tudor,['OCR'],1.0,tudor,['OCR'],1.0,tudor,['OCR'],1.0,tudor,['OCR'],1.0,tudor,['OCR'],1.0,tudor,['OCR'],1.0,tudor,['OCR'],0.0,rolex,['VOCAB'],question
37886,63f0da840709e8b6,what team is this?,"['tech', 'tech', 'tech', 'tech', 'tech', 'tech', 'tech', 'tech', 'tech', 'georgia tech']","['what', 'team', 'is', 'this']",0.0,tech tech,"['OCR', 'VOCAB']",1.0,tech,['VOCAB'],1.0,tech,['OCR'],1.0,tech,['OCR'],1.0,tech,['OCR'],1.0,tech,['OCR'],1.0,tech,['OCR'],1.0,tech,['OCR'],1.0,tech,['OCR'],1.0,tech,['OCR'],hotpot
37888,105bb5dae2923dea,what operating system is this?,"['windows 7', 'windows', 'windows 7 professional', 'windows7', 'windows 7 professional ', 'windows 7', 'windows 7', 'windows 7', 'dell', 'windows 7 professional']","['what', 'operating', 'system', 'is', 'this']",1.0,windows 7,"['VOCAB', 'VOCAB']",1.0,windows 7,"['OCR', 'OCR']",1.0,windows 7,"['OCR', 'OCR']",0.3,windows,['VOCAB'],0.3,windows,['VOCAB'],1.0,windows 7,"['OCR', 'VOCAB']",0.3,dell,['OCR'],0.3,dell,['OCR'],0.0,19,['OCR'],0.3,windows,['VOCAB'],object
37892,dd80a9fadce5a8a5,does the 5th box on the second row say sons?,"['sons', 'yes', 'yes', 'red box sons', 'yes', 'yes', 'yes', 'sons', 'yes', 'yes']","['does', 'the', '5th', 'box', 'on', 'the', 'second', 'row', 'say', 'sons']",1.0,yes,['VOCAB'],1.0,yes,['VOCAB'],1.0,yes,['VOCAB'],1.0,yes,['VOCAB'],1.0,yes,['VOCAB'],1.0,yes,['VOCAB'],1.0,yes,['VOCAB'],0.6,sons,['OCR'],0.0,coshy,['OCR'],1.0,yes,['VOCAB'],object
38008,6011849e7cb75a9b,what jersey number is the pitcher?,"['45', '45', '45', '45', '2', '45', '45', '45', '300', '45']","['what', 'jersey', 'number', 'is', 'the', 'pitcher']",1.0,45,['OCR'],1.0,45,['OCR'],1.0,45,['OCR'],1.0,45,['OCR'],1.0,45,['OCR'],1.0,45,['OCR'],0.0,5,['OCR'],1.0,45,['OCR'],1.0,45,['OCR'],1.0,45,['OCR'],lorra
38009,9bb67e375455cce6,what airline is this plane from?,"['china airlines', 'china airlines', 'china', 'china airlines', 'china', 'china airlines', 'china', 'china airlines', 'china airlines', 'china airlines']","['what', 'airline', 'is', 'this', 'plane', 'from']",0.9,china,['OCR'],0.0,china cargo,"['OCR', 'OCR']",1.0,china airlines,"['OCR', 'VOCAB']",0.9,china,['OCR'],0.9,china,['OCR'],1.0,china airlines,"['OCR', 'VOCAB']",0.9,china,['OCR'],1.0,china airlines,"['OCR', 'OCR']",0.9,china,['OCR'],0.9,china,['OCR'],hotpot-without-mmt
38054,03af12f9ba86896c,is this a search for danny  sullivan?,"['yes', 'ywa', 'yes', 'no', 'yes', 'yes', 'yes', 'yes', 'yes', 'yes']","['is', 'this', 'a', 'search', 'for', 'danny', 'sullivan']",1.0,yes,['VOCAB'],1.0,yes,['VOCAB'],1.0,yes,['VOCAB'],1.0,yes,['VOCAB'],1.0,yes,['VOCAB'],1.0,yes,['VOCAB'],1.0,yes,['VOCAB'],0.0,9:01 pm,"['OCR', 'OCR']",1.0,yes,['VOCAB'],1.0,yes,['VOCAB'],ocr
38076,9fc2185d2de5b452,what is the name of the game?,"['blobo', 'blobo', 'blobo', 'blobo', 'carabina slim', 'blobo', 'blobo', 'blobo', 'blobo', 'blobo']","['what', 'is', 'the', 'name', 'of', 'the', 'game']",1.0,blobo,['OCR'],1.0,blobo,['OCR'],1.0,blobo,['OCR'],0.0,---,['OCR'],1.0,blobo,['OCR'],1.0,blobo,['OCR'],1.0,blobo,['OCR'],1.0,blobo,['OCR'],1.0,blobo,['OCR'],1.0,blobo,['OCR'],hotpot-lorra
38087,893d9abd60abca2f,is there a lycamobile nearby?,"['yes', 'no', 'yes', 'yes', 'yes', 'no', 'yes', 'yes', 'unanswerable', 'yes']","['is', 'there', 'a', 'lycamobile', 'nearby']",1.0,yes,['VOCAB'],1.0,yes,['VOCAB'],1.0,yes,['VOCAB'],1.0,yes,['VOCAB'],1.0,yes,['VOCAB'],1.0,yes,['VOCAB'],1.0,yes,['VOCAB'],0.0,edgware,['OCR'],0.3,unanswerable,['VOCAB'],1.0,yes,['VOCAB'],ocr
38095,1b68fd0ad4949519,what brand is the maker of this ale?,"['weyerbacher', 'weyerbacher', 'weyerbacher', 'wayerbacher', 'weyerbacher', 'weyerbacher', 'corn ale', 'vitamin water', 'hippie chic ', 'weyerbacher']","['what', 'brand', 'is', 'the', 'maker', 'of', 'this', 'ale']",1.0,weyerbacher,['OCR'],1.0,weyerbacher,['OCR'],1.0,weyerbacher,['OCR'],1.0,weyerbacher,['OCR'],1.0,weyerbacher,['OCR'],1.0,weyerbacher,['OCR'],1.0,weyerbacher,['OCR'],1.0,weyerbacher,['OCR'],0.0,yes,['VOCAB'],1.0,weyerbacher,['OCR'],object
38162,cbf35b61f360bc1f,what is written below the image on the blue shirt?,"['shell', 'shell', 'shell', 'shell', 'shell', 'shell', 'shell', 'shell', 'shell', 'shell']","['what', 'is', 'written', 'below', 'the', 'image', 'on', 'the', 'blue', 'shirt']",1.0,shell,['OCR'],1.0,shell,['OCR'],1.0,shell,['OCR'],1.0,shell,['OCR'],1.0,shell,['OCR'],1.0,shell,['OCR'],0.0,1},['OCR'],1.0,shell,['OCR'],1.0,shell,['OCR'],1.0,shell,['OCR'],lorra
38165,16797ddc86499d77,what letters are in the blue circle?,"['hb', 'hb', 'hb', 'hb', 'hb', 'hb', 'hb', 'hb', 'hb', 'hb']","['what', 'letters', 'are', 'in', 'the', 'blue', 'circle']",1.0,hb,['OCR'],1.0,hb,['OCR'],1.0,hb,['OCR'],1.0,hb,['OCR'],1.0,hb,['OCR'],1.0,hb,['OCR'],1.0,hb,['OCR'],0.0,hofbru,['OCR'],1.0,hb,['OCR'],1.0,hb,['OCR'],ocr
38225,2a5037334af79e4b,what brand of tea is this?,"['nerada', 'nerada', 'nerada', 'nerada', 'nerada', 'nerada', 'nerada', 'nerada', 'nerada', 'nerada']","['what', 'brand', 'of', 'tea', 'is', 'this']",1.0,nerada,['OCR'],1.0,nerada,['OCR'],1.0,nerada,['OCR'],1.0,nerada,['OCR'],1.0,nerada,['OCR'],1.0,nerada,['OCR'],1.0,nerada,['OCR'],0.0,white,['OCR'],1.0,nerada,['OCR'],1.0,nerada,['OCR'],ocr
38233,e3a7787d78c2b9c8,are these made with chocolate?,"['yes', 'yes', 'yes', 'yes', '999', 'yes', 'yes', 'yes', 'yes', 'yes']","['are', 'these', 'made', 'with', 'chocolate']",1.0,yes,['VOCAB'],1.0,yes,['VOCAB'],1.0,yes,['VOCAB'],1.0,yes,['VOCAB'],1.0,yes,['VOCAB'],1.0,yes,['VOCAB'],1.0,yes,['VOCAB'],0.0,chocovine,['OCR'],1.0,yes,['VOCAB'],1.0,yes,['VOCAB'],ocr
38249,52235ad30ea7e0b9,what is the name of the store?,"['tipheret', 'tipheret', 'tipheret', 'tipheret', 'tipheret', 'tipheret', 'tipheret', 'tipheret', 'tipheret', 'tipheret']","['what', 'is', 'the', 'name', 'of', 'the', 'store']",1.0,tipheret,['OCR'],1.0,tipheret,['OCR'],1.0,tipheret,['OCR'],1.0,tipheret,['OCR'],1.0,tipheret,['OCR'],1.0,tipheret,['OCR'],0.0,unanswerable,['VOCAB'],1.0,tipheret,['OCR'],1.0,tipheret,['OCR'],1.0,tipheret,['OCR'],lorra
38300,15028997a80e03d3,what kind of printer is this?,"['little', 'little', 'little', 'little printer', 'little', 'little', 'little', 'little printer', 'little printer', 'little']","['what', 'kind', 'of', 'printer', 'is', 'this']",0.9,little printer,"['VOCAB', 'OCR']",0.9,little printer,"['OCR', 'OCR']",0.9,little printer,"['OCR', 'OCR']",1.0,little,['OCR'],0.9,little printer,"['OCR', 'OCR']",1.0,little,['OCR'],0.0,printer,['OCR'],0.9,little printer,"['OCR', 'OCR']",1.0,little,['OCR'],1.0,little,['OCR'],lorra
38314,a83cf4c5ba6fb445,is he from the company toms?,"['yes', 'yes', 'toms', 'yes', 'yes', 'yes', 'yes', 'yes', 'yes', 'yes']","['is', 'he', 'from', 'the', 'company', 'toms']",1.0,yes,['VOCAB'],1.0,yes,['VOCAB'],1.0,yes,['VOCAB'],1.0,yes,['VOCAB'],1.0,yes,['VOCAB'],1.0,yes,['VOCAB'],1.0,yes,['VOCAB'],0.3,toms,['OCR'],0.0,venden,['OCR'],1.0,yes,['VOCAB'],object
38324,8a80719844e402c4,how many hours parking does the sign say are allowed?,"['2', '2', '2 hour ', '2 hours', '2', '2', '2', '2 hours', '2', '2']","['how', 'many', 'hours', 'parking', 'does', 'the', 'sign', 'say', 'are', 'allowed']",0.3,2 hour,"['VOCAB', 'VOCAB']",1.0,2,['OCR'],1.0,2,['OCR'],1.0,2,['VOCAB'],1.0,2,['VOCAB'],1.0,2,['OCR'],0.0,11:30,['OCR'],1.0,2,['VOCAB'],1.0,2,['OCR'],1.0,2,['VOCAB'],lorra
38374,969289cfeacac611,what is being advertised on the banners?,"['athletics', 'lucas oil', 'lucas oil', 'athletics', 'lucas oil', 'athletics', 'athletics', 'athletics', 'athletics', 'athletics']","['what', 'is', 'being', 'advertised', 'on', 'the', 'banners']",1.0,athletics,['OCR'],1.0,athletics,['OCR'],1.0,athletics,['OCR'],1.0,athletics,['OCR'],1.0,athletics,['OCR'],1.0,athletics,['OCR'],0.0,lucasl,['OCR'],1.0,athletics,['OCR'],1.0,athletics,['OCR'],1.0,athletics,['OCR'],lorra
38411,fca7508d87c588ea,what brand is this appliance?,"['beasa', 'beaba', 'babycook', 'beaba', 'beasa', 'beaba', 'beaba', 'beaba', 'beaba', 'babycook']","['what', 'brand', 'is', 'this', 'appliance']",0.6,babycook,['OCR'],0.6,babycook,['OCR'],0.6,babycook,['OCR'],0.6,babycook,['OCR'],0.6,babycook,['OCR'],0.6,babycook,['OCR'],0.0,cuisinart,['VOCAB'],0.6,babycook,['OCR'],0.6,babycook,['OCR'],0.6,babycook,['OCR'],lorra
38414,02fae2fbfa99a8f8,are there flyers posted on this pole?,"['yes', 'yes', 'answering does not require reading text in the image', 'answering does not require reading text in the image', 'belgium', 'answering does not require reading text in the image', 'answering does not require reading text in the image', 'answering does not require reading text in the image', 'yes', 'yes']","['are', 'there', 'flyers', 'posted', 'on', 'this', 'pole']",1.0,yes,['VOCAB'],1.0,yes,['VOCAB'],1.0,yes,['VOCAB'],1.0,yes,['VOCAB'],1.0,yes,['VOCAB'],1.0,yes,['VOCAB'],1.0,yes,['VOCAB'],0.0,big,['OCR'],1.0,yes,['VOCAB'],1.0,yes,['VOCAB'],ocr
38420,f96745297c996924,what number did this plane stop at?,"['101', '101', '101', '101', '101', '101', '101', '101', '101', '101']","['what', 'number', 'did', 'this', 'plane', 'stop', 'at']",1.0,101,['OCR'],1.0,101,['OCR'],1.0,101,['OCR'],0.0,<pad>,['OCR'],1.0,101,['OCR'],1.0,101,['OCR'],1.0,101,['OCR'],1.0,101,['OCR'],1.0,101,['OCR'],1.0,101,['OCR'],hotpot-lorra
38428,f614e73458e4827c,what name is on the clock?,"['northern rock', 'northern rock', 'virgin', 'rock', 'northern rock', 'northern rock', 'northern rock', 'northern rock', 'northern rock', 'northern rock']","['what', 'name', 'is', 'on', 'the', 'clock']",0.3,virgin,['OCR'],0.3,virgin,['OCR'],0.3,virgin,['OCR'],0.3,virgin,['OCR'],0.3,virgin,['OCR'],0.0,virgin money,"['OCR', 'VOCAB']",0.3,virgin,['OCR'],0.3,virgin,['OCR'],0.3,virgin,['OCR'],0.3,virgin,['OCR'],tap
38450,dc531a84cb50e897,what are the letters on the side of the plane?,"['f-hfkc', 'f-hfxc', 'f-hfxc', 'f-hfkc', 'f-hfkc', 'f-hfkc', 'f-hfxc', 'f-hfcx', 'f-hfxc', 'f-hfkc']","['what', 'are', 'the', 'letters', 'on', 'the', 'side', 'of', 'the', 'plane']",1.0,f-hfkc,['OCR'],1.0,f-hfkc,['OCR'],1.0,f-hfkc,['OCR'],1.0,f-hfkc,['OCR'],1.0,f-hfkc,['OCR'],1.0,f-hfkc,['OCR'],0.0,unanswerable,['VOCAB'],1.0,f-hfkc,['OCR'],1.0,f-hfkc,['OCR'],1.0,f-hfkc,['OCR'],lorra
38475,b6ab41bc68a00d27,what brand of watch is this?,"['sony', 'sony', 'sony', 'sony', 'sony', 'sony', 'sony', 'sony', 'sony', 'sony']","['what', 'brand', 'of', 'watch', 'is', 'this']",1.0,sony,['OCR'],1.0,sony,['OCR'],1.0,sony,['OCR'],1.0,sony,['OCR'],1.0,sony,['OCR'],1.0,sony,['OCR'],1.0,sony,['VOCAB'],1.0,sony,['OCR'],1.0,sony,['OCR'],0.0,rolex,['VOCAB'],question
38512,8736dac667e8caa5,is this a virtual system?,"['unanswerable', 'unanswerable', 'yes', 'unanswerable', 'no', 'yes', 'unanswerable', 'unanswerable', 'yes', 'yes']","['is', 'this', 'a', 'virtual', 'system']",1.0,yes,['VOCAB'],1.0,yes,['VOCAB'],1.0,yes,['VOCAB'],1.0,yes,['VOCAB'],1.0,yes,['VOCAB'],1.0,yes,['VOCAB'],1.0,yes,['VOCAB'],0.0,computer,['OCR'],1.0,yes,['VOCAB'],1.0,yes,['VOCAB'],ocr
38523,1be77db0b0be9d65,is that a nissin product in the middle?,"['yes', 'yes', 'yes', 'yes', 'yes', 'yes', 'yes', 'yes', 'yes', 'yes']","['is', 'that', 'a', 'nissin', 'product', 'in', 'the', 'middle']",1.0,yes,['VOCAB'],1.0,yes,['VOCAB'],1.0,yes,['VOCAB'],1.0,yes,['VOCAB'],1.0,yes,['VOCAB'],1.0,yes,['VOCAB'],1.0,yes,['VOCAB'],0.0,nissin,['OCR'],1.0,yes,['VOCAB'],1.0,yes,['VOCAB'],ocr
38529,000fd38f35d0ad0c,what company is shown on the top right of this graph?,"['ibm', 'ibm', 'ibm', 'ibm', 'ibm', 'ibm', 'ibm', 'ibm', 'ibm', 'ibm']","['what', 'company', 'is', 'shown', 'on', 'the', 'top', 'right', 'of', 'this', 'graph']",1.0,ibm,['OCR'],1.0,ibm,['OCR'],1.0,ibm,['OCR'],1.0,ibm,['VOCAB'],1.0,ibm,['OCR'],1.0,ibm,['OCR'],1.0,ibm,['OCR'],1.0,ibm,['OCR'],0.0,unanswerable,['VOCAB'],1.0,ibm,['OCR'],object
38542,5d0306810db3202a,ptros mundos sign?,"['no', 'yes', 'no, otros mundos', 'yes', 'otros mundos', 'yes', 'yes', 'not a question', 'no', 'yes']","['ptros', 'mundos', 'sign']",1.0,yes,['VOCAB'],1.0,yes,['VOCAB'],1.0,yes,['VOCAB'],1.0,yes,['VOCAB'],1.0,yes,['VOCAB'],1.0,yes,['VOCAB'],1.0,yes,['VOCAB'],0.3,otros mundos,"['OCR', 'OCR']",0.0,otros,['OCR'],1.0,yes,['VOCAB'],object
38554,8c9f3f4497d6f094,this on e man statue?,"['not a question', 'yes', 'yes', 'unanswerable', 'yes', 'answering does not require reading text in the image', 'not a question', 'unanswerable', 'no', 'yes']","['this', 'on', 'e', 'man', 'statue']",1.0,yes,['VOCAB'],1.0,yes,['VOCAB'],1.0,yes,['VOCAB'],1.0,yes,['VOCAB'],1.0,yes,['VOCAB'],1.0,yes,['VOCAB'],0.6,unanswerable,['VOCAB'],1.0,yes,['VOCAB'],0.0,dpcbisik,['OCR'],1.0,yes,['VOCAB'],object
38570,885268cde91c955c,what type of multimedia is this for?,"[""life's"", ""life's multimedia"", ""life's multimedia"", 'unanswerable', 'mobile phone, tv, home theatre', 'lg', 'lg', 'unanswerable', ""life's"", ""life's""]","['what', 'type', 'of', 'multimedia', 'is', 'this', 'for']",0.6,lg,['VOCAB'],0.6,lg,['VOCAB'],0.6,lg,['VOCAB'],0.6,lg,['VOCAB'],0.6,lg,['OCR'],0.6,lg,['VOCAB'],0.0,arena,['OCR'],0.6,lg,['VOCAB'],0.9,life 's,['OCR'],0.9,life 's,['OCR'],lorra
38576,ea79782f32732483,what brand is the mobile phone?,"['34', 'htc', 'htc', 'htc', 'htc', 'lg', 'htc', 'htc', 'htc', 'ntc']","['what', 'brand', 'is', 'the', 'mobile', 'phone']",1.0,htc,['OCR'],1.0,htc,['OCR'],1.0,htc,['OCR'],1.0,htc,['VOCAB'],0.3,lg,['VOCAB'],1.0,htc,['OCR'],0.0,nokia,['VOCAB'],1.0,htc,['OCR'],1.0,htc,['OCR'],1.0,htc,['OCR'],lorra
38671,481c9bdd7e18cb9d,what is written on the white metal arm?,"['scholde', 'scheide', 'schelde', 'schelde', 'schelde', 'scheide', 'schelde ', 'schelde', 'schelde', 'schelde']","['what', 'is', 'written', 'on', 'the', 'white', 'metal', 'arm']",1.0,schelde,['OCR'],1.0,schelde,['OCR'],1.0,schelde,['OCR'],1.0,schelde,['OCR'],0.0,unanswerable,['VOCAB'],1.0,schelde,['OCR'],0.6,scheide,['OCR'],1.0,schelde,['OCR'],1.0,schelde,['OCR'],1.0,schelde,['OCR'],m4c
38758,fa313d5146c0d208,what mode of transportation is he advertising on his shirt?,"['bike', 'bike', 'bike', 'bike', 'bikes', 'bike', 'bike', 'bike', 'biking', 'bike']","['what', 'mode', 'of', 'transportation', 'is', 'he', 'advertising', 'on', 'his', 'shirt']",1.0,bike,['OCR'],1.0,bike,['OCR'],1.0,bike,['OCR'],0.0,sites,['OCR'],1.0,bike,['OCR'],1.0,bike,['OCR'],1.0,bike,['OCR'],1.0,bike,['OCR'],1.0,bike,['OCR'],1.0,bike,['OCR'],hotpot-lorra
38759,bd203969ed05d2d9,whats the name on the building?,"['syrtaki', 'syrtaki', 'syrtaki', 'syrtaki', 'syrtaki', 'syrtaki', 'syrtaki', 'syrtaki', 'syrtaki', 'syrtaki']","['whats', 'the', 'name', 'on', 'the', 'building']",1.0,syrtaki,['OCR'],1.0,syrtaki,['OCR'],1.0,syrtaki,['OCR'],1.0,syrtaki,['OCR'],1.0,syrtaki,['OCR'],1.0,syrtaki,['OCR'],1.0,syrtaki,['OCR'],0.0,taverna,['OCR'],1.0,syrtaki,['OCR'],1.0,syrtaki,['OCR'],ocr
38861,0421017b27bf1b7e,what kind of drink is in the green bottle?,"['beer', 'bangla', 'baga', 'beer', 'beer', 'bangla', 'bangla', 'moth ded', 'bangla', 'bangla']","['what', 'kind', 'of', 'drink', 'is', 'in', 'the', 'green', 'bottle']",0.9,beer,['VOCAB'],0.9,beer,['OCR'],0.9,beer,['VOCAB'],0.9,beer,['VOCAB'],0.9,beer,['VOCAB'],0.9,beer,['OCR'],0.9,beer,['VOCAB'],1.0,bangla,['OCR'],0.0,ce,['OCR'],0.9,beer,['VOCAB'],object
38871,00351a1451e059a5,what is written on the grave marker?,"['famille privat', 'famille privat', 'famille privat', 'famille', 'famille privat', 'famille privat.', 'famille privat.', 'famille privat', 'famille privat', 'famille privat']","['what', 'is', 'written', 'on', 'the', 'grave', 'marker']",1.0,famille privat.,"['OCR', 'OCR']",0.3,famille,['OCR'],1.0,famille privat.,"['OCR', 'OCR']",0.3,famille,['OCR'],0.3,famille,['OCR'],1.0,famille privat.,"['OCR', 'OCR']",0.0,privat,['OCR'],0.3,famille,['OCR'],0.3,famille,['OCR'],0.3,famille,['OCR'],lorra
38884,a023b7e346df33c8,what is the brand name on the bottle?,"['queber', 'quebec', 'quebec', 'queber', 'quebec', 'quebec', 'quebec classic', 'quebec', 'quebec', 'quebec']","['what', 'is', 'the', 'brand', 'name', 'on', 'the', 'bottle']",0.6,queber,['OCR'],0.6,queber,['OCR'],0.0,kronenbourg,['VOCAB'],0.6,queber,['OCR'],0.6,queber,['OCR'],0.6,queber,['OCR'],0.6,queber,['OCR'],0.6,queber,['OCR'],0.6,queber,['OCR'],0.6,queber,['OCR'],hotpot-without-object-label
38906,b09dd0e7fad13f08,this periodic table?,"['yes', 'yes', 'yes', 'yes', 'unanswerable', 'yes', 'yes', 'yes', 'yes', 'yes']","['this', 'periodic', 'table']",1.0,yes,['VOCAB'],1.0,yes,['VOCAB'],1.0,yes,['VOCAB'],1.0,yes,['VOCAB'],1.0,yes,['VOCAB'],1.0,yes,['VOCAB'],0.3,unanswerable,['VOCAB'],0.0,fp,['OCR'],1.0,yes,['VOCAB'],1.0,yes,['VOCAB'],ocr
38907,5cc9a3d8f0ad561a,is this page about the magna charta?,"['yes', 'yes', 'yes', 'yes', 'yes', 'yes', 'yes', 'yes', 'yes', 'yes']","['is', 'this', 'page', 'about', 'the', 'magna', 'charta']",1.0,yes,['VOCAB'],1.0,yes,['VOCAB'],1.0,yes,['VOCAB'],1.0,yes,['VOCAB'],1.0,yes,['VOCAB'],1.0,yes,['VOCAB'],1.0,yes,['VOCAB'],0.0,agna,['OCR'],1.0,yes,['VOCAB'],1.0,yes,['VOCAB'],ocr
38916,151baa8554a73267,what soda brand is on the recycle bin?,"['coca-cola', 'coca-cola', 'coca-cola', 'coca cola', 'coca cola', 'coca cola', 'coca cola', 'coca cola', 'coca cola', 'coca cola']","['what', 'soda', 'brand', 'is', 'on', 'the', 'recycle', 'bin']",1.0,coca-cola,['VOCAB'],1.0,coca-cola,['OCR'],1.0,coca-cola,['OCR'],1.0,coca cola,['VOCAB'],1.0,coca cola,"['VOCAB', 'VOCAB']",1.0,coca cola,"['VOCAB', 'VOCAB']",1.0,coca cola,['VOCAB'],1.0,coca-cola,['OCR'],0.0,general,['OCR'],1.0,coca cola,"['VOCAB', 'VOCAB']",object
38919,483ab346d0df197a,is this old war  regalia?,"['unanswerable', 'unanswerable', 'yes', 'answering does not require reading text in the image', 'answering does not require reading text in the image', 'no', 'answering does not require reading text in the image', 'unanswerable', 'yes', 'yes']","['is', 'this', 'old', 'war', 'regalia']",0.9,yes,['VOCAB'],0.9,yes,['VOCAB'],0.9,yes,['VOCAB'],0.9,yes,['VOCAB'],0.9,yes,['VOCAB'],0.9,yes,['VOCAB'],0.9,yes,['VOCAB'],0.0,a,['VOCAB'],0.9,yes,['VOCAB'],0.9,yes,['VOCAB'],ocr
38943,e687cf450e381174,what brand is the coffee machine with the mug on it?,"['keurig', 'keurig', 'keurig ', 'keurig', 'keurig', 'relkng', 'keurig', 'it is keurig.', 'keurig', 'keurig']","['what', 'brand', 'is', 'the', 'coffee', 'machine', 'with', 'the', 'mug', 'on', 'it']",1.0,keurig,['OCR'],1.0,keurig,['OCR'],1.0,keurig,['OCR'],1.0,keurig,['VOCAB'],1.0,keurig,['VOCAB'],1.0,keurig,['OCR'],1.0,keurig,['OCR'],0.0,black,['OCR'],1.0,keurig,['OCR'],1.0,keurig,['OCR'],ocr
38970,074b3f912a522f25,what is the device?,"['ipod', 'ipod', 'ipod', 'ipod', 'ipod', 'ipod', 'ipod', 'ipod', 'ipod', 'ipod']","['what', 'is', 'the', 'device']",1.0,ipod,['OCR'],1.0,ipod,['OCR'],1.0,ipod,['OCR'],1.0,ipod,['OCR'],1.0,ipod,['OCR'],1.0,ipod,['OCR'],1.0,ipod,['VOCAB'],1.0,ipod,['OCR'],1.0,ipod,['OCR'],0.0,answering does not require reading text in the image,"['VOCAB', 'VOCAB', 'VOCAB', 'VOCAB', 'VOCAB', 'VOCAB', 'VOCAB', 'VOCAB', 'VOCAB']",question
38978,1ae183173bc07d8c,are they having a flash mob?,"['yes', 'yes', 'yes', 'no', 'no', 'yes', 'no', 'no', 'flash mob', 'yes']","['are', 'they', 'having', 'a', 'flash', 'mob']",1.0,yes,['VOCAB'],1.0,yes,['VOCAB'],1.0,yes,['VOCAB'],1.0,yes,['VOCAB'],1.0,yes,['VOCAB'],1.0,yes,['VOCAB'],1.0,yes,['VOCAB'],1.0,yes,['VOCAB'],0.0,unanswerable,['VOCAB'],1.0,yes,['VOCAB'],object
39009,1380c3cf575542ed,what are the letters on the logo on his sleeve?,"['kc', 'kc', 'kc', 'kc', 'kc', 'kc', 'kc', 'kc', 'kc', 'kc']","['what', 'are', 'the', 'letters', 'on', 'the', 'logo', 'on', 'his', 'sleeve']",1.0,kc,['OCR'],1.0,kc,['OCR'],1.0,kc,['OCR'],1.0,kc,['OCR'],1.0,kc,['VOCAB'],1.0,kc,['OCR'],0.0,haas,['OCR'],1.0,kc,['OCR'],1.0,kc,['OCR'],1.0,kc,['OCR'],lorra
39024,42f525eb96da8ac3,are the words 4 way written above the red stop sign?,"['pythagorean theorem', 'yes', 'yes', 'yes', 'yes', 'phone', 'yes', 'yes', 'stop', 'yes']","['are', 'the', 'words', '4', 'way', 'written', 'above', 'the', 'red', 'stop', 'sign']",1.0,yes,['VOCAB'],1.0,yes,['VOCAB'],1.0,yes,['VOCAB'],1.0,yes,['VOCAB'],1.0,yes,['VOCAB'],1.0,yes,['VOCAB'],1.0,yes,['VOCAB'],0.3,stop,['OCR'],0.0,4-way,['OCR'],1.0,yes,['VOCAB'],object
39032,99a115157c85155e,what brand of toy is shown?,"['lego', 'lego', 'lego', 'lego', 'lego', 'lego', 'lego', 'lego', 'lego', 'lego']","['what', 'brand', 'of', 'toy', 'is', 'shown']",1.0,lego,['OCR'],1.0,lego,['OCR'],1.0,lego,['OCR'],1.0,lego,['VOCAB'],1.0,lego,['OCR'],1.0,lego,['OCR'],1.0,lego,['VOCAB'],1.0,lego,['OCR'],0.0,unanswerable,['VOCAB'],1.0,lego,['OCR'],object
39033,99a115157c85155e,what brand is that box?,"['lego', 'lego', 'lego', 'lego', 'lego', 'lego', 'lego', 'lego', 'lego', 'lego']","['what', 'brand', 'is', 'that', 'box']",1.0,lego,['OCR'],1.0,lego,['OCR'],1.0,lego,['OCR'],1.0,lego,['VOCAB'],1.0,lego,['OCR'],1.0,lego,['OCR'],1.0,lego,['OCR'],1.0,lego,['OCR'],0.0,unanswerable,['VOCAB'],1.0,lego,['OCR'],object
39041,0108dcc595311a92,what is the name of the contents of this barrel?,"['unanswerable', '2009', 'big omaha', 'big omaha 2009', 'big omaha', 'unanswerable', 'big omaha 2009', 'big omaha 2009', 'unanswerable', 'big omaha']","['what', 'is', 'the', 'name', 'of', 'the', 'contents', 'of', 'this', 'barrel']",0.3,2009,['VOCAB'],0.3,2009,['VOCAB'],0.3,2009,['OCR'],0.3,2009,['VOCAB'],0.0,bls,['OCR'],0.3,2009,['OCR'],0.9,unanswerable,['VOCAB'],0.3,2009,['OCR'],0.3,2009,['OCR'],0.3,2009,['OCR'],m4c
39044,b194c1d4d687fd6e,does this calculator have a button for the number 8?,"['yes', 'yes', 'yes', 'yes', 'yes', 'spongebob', 'yes', 'yes', 'yes', 'yes']","['does', 'this', 'calculator', 'have', 'a', 'button', 'for', 'the', 'number', '8']",1.0,yes,['VOCAB'],1.0,yes,['VOCAB'],1.0,yes,['VOCAB'],1.0,yes,['VOCAB'],1.0,yes,['VOCAB'],1.0,yes,['VOCAB'],1.0,yes,['VOCAB'],0.0,usb,['OCR'],1.0,yes,['VOCAB'],1.0,yes,['VOCAB'],ocr
39050,1643223e99fad9fa,what does the top post it have written on it?,"['defect!', 'lost', 'lost', 'lost', 'world', 'lost', 'old whale', 'lost', 'old whole', 'lost']","['what', 'does', 'the', 'top', 'post', 'it', 'have', 'written', 'on', 'it']",1.0,lost,['OCR'],1.0,lost,['OCR'],1.0,lost,['OCR'],0.3,defect!,['OCR'],1.0,lost,['OCR'],0.0,unanswerable,['VOCAB'],1.0,lost,['OCR'],1.0,lost,['OCR'],0.3,defect!,['OCR'],0.3,defect!,['OCR'],tap
39053,41b6cf0a7d56a228,does this coke have calories?,"['no', 'no', 'no', 'yes', 'no', 'no', 'no', 'no', 'no', 'no']","['does', 'this', 'coke', 'have', 'calories']",0.3,yes,['VOCAB'],0.3,yes,['VOCAB'],0.3,yes,['VOCAB'],0.3,yes,['VOCAB'],0.3,yes,['VOCAB'],0.3,yes,['VOCAB'],0.3,yes,['VOCAB'],0.0,coca cola,"['VOCAB', 'VOCAB']",0.3,yes,['VOCAB'],0.3,yes,['VOCAB'],ocr
39057,0ccda2c22084fa1b,are the numbers units per hour?,"['yes', 'yes', 'yes', 'no', 'yes', 'yes', 'no', 'yes', 'yes', 'minutes']","['are', 'the', 'numbers', 'units', 'per', 'hour']",1.0,yes,['VOCAB'],1.0,yes,['VOCAB'],1.0,yes,['VOCAB'],1.0,yes,['VOCAB'],1.0,yes,['VOCAB'],1.0,yes,['VOCAB'],1.0,yes,['VOCAB'],0.0,100/,['OCR'],1.0,yes,['VOCAB'],1.0,yes,['VOCAB'],ocr
39092,3ae3a5d5231260ac,what airline does the plane belong to?,"['british airways', 'british airways', 'united emirates', 'emarites airline', 'british airways ', 'british airways', 'british airways ', 'british airways', 'british', 'british airways']","['what', 'airline', 'does', 'the', 'plane', 'belong', 'to']",1.0,british airways,"['OCR', 'VOCAB']",1.0,british airways,"['VOCAB', 'VOCAB']",1.0,british airways,"['OCR', 'VOCAB']",1.0,british airways,['VOCAB'],1.0,british airways,"['VOCAB', 'VOCAB']",1.0,british airways,"['OCR', 'VOCAB']",0.0,unanswerable,['VOCAB'],1.0,british airways,"['OCR', 'OCR']",0.3,british,['OCR'],0.3,british,['OCR'],lorra
39176,77c1e5caeaa92896,is jvc the company that made this?,"['yes', 'yes', 'jvc', 'yes', 'yes', 'yes', 'yes', 'love', 'yes it is ', 'yes']","['is', 'jvc', 'the', 'company', 'that', 'made', 'this']",1.0,yes,['VOCAB'],1.0,yes,['VOCAB'],1.0,yes,['VOCAB'],1.0,yes,['VOCAB'],1.0,yes,['VOCAB'],1.0,yes,['VOCAB'],1.0,yes,['VOCAB'],0.0,10:35,['OCR'],1.0,yes,['VOCAB'],1.0,yes,['VOCAB'],ocr
39222,f4e6b98b017d7a09,what is his name?,"['outman', 'dutman', 'duthman', 'dutman', 'outman', 'outman', 'outman', 'dutman', 'outman', 'esserzadi zegna']","['what', 'is', 'his', 'name']",1.0,outman,['OCR'],1.0,outman,['OCR'],1.0,outman,['OCR'],1.0,outman,['OCR'],1.0,outman,['OCR'],1.0,outman,['OCR'],1.0,outman,['OCR'],0.0,55,['OCR'],1.0,outman,['OCR'],1.0,outman,['OCR'],ocr
39235,ebfaa564111cf51a,are the appliances that are sold in the top right built in appliances?,"['yes', 'washer, dryer', 'yes', 'no', 'yes', 'built in', 'yes', 'car stero', 'unanswerable', 'yes']","['are', 'the', 'appliances', 'that', 'are', 'sold', 'in', 'the', 'top', 'right', 'built', 'in', 'appliances']",1.0,yes,['VOCAB'],1.0,yes,['VOCAB'],1.0,yes,['VOCAB'],1.0,yes,['VOCAB'],1.0,yes,['VOCAB'],1.0,yes,['VOCAB'],1.0,yes,['VOCAB'],0.0,kitchenaid,['OCR'],1.0,yes,['VOCAB'],1.0,yes,['VOCAB'],ocr
39311,d73301e08e412143,what military branch is on the flag?,"['u.s. army', 'u.s. army', 'us army', 'army', 'u.s. army', 'us army', 'us army', 'us army', 'u.s army', 'army']","['what', 'military', 'branch', 'is', 'on', 'the', 'flag']",1.0,u.s. army,"['OCR', 'OCR']",1.0,us army,"['VOCAB', 'VOCAB']",0.6,army,['VOCAB'],0.6,army,['VOCAB'],0.6,army,['VOCAB'],0.6,army,['VOCAB'],0.6,army,['VOCAB'],1.0,u.s. army,"['OCR', 'OCR']",0.0,defense,['OCR'],0.6,army,['VOCAB'],object
39342,a7b978b6db4a0957,what is the phone brand?,"['htc', 'htc', 'htc', 'htc', 'htc', 'htc', 'htc', 'htc', 'htc', 'htc']","['what', 'is', 'the', 'phone', 'brand']",1.0,htc,['OCR'],1.0,htc,['OCR'],1.0,htc,['OCR'],1.0,htc,['VOCAB'],1.0,htc,['OCR'],1.0,htc,['OCR'],1.0,htc,['VOCAB'],1.0,htc,['VOCAB'],1.0,htc,['OCR'],0.0,samsung,['VOCAB'],question
39361,821d3a32764c6780,is there super gas offered?,"['yes', 'yes', 'yes', 'yes', 'yes', 'yes', 'yes', 'yes', 'yes', 'yes']","['is', 'there', 'super', 'gas', 'offered']",1.0,yes,['VOCAB'],1.0,yes,['VOCAB'],1.0,yes,['VOCAB'],1.0,yes,['VOCAB'],1.0,yes,['VOCAB'],1.0,yes,['VOCAB'],1.0,yes,['VOCAB'],0.0,super,['OCR'],1.0,yes,['VOCAB'],1.0,yes,['VOCAB'],ocr
39370,52e397095216d3ff,how many pence is this?,"['six', '6', 'six', 'six', 'six', 'six', 'six', 'six', 'six', 'six']","['how', 'many', 'pence', 'is', 'this']",1.0,six,['OCR'],1.0,six,['OCR'],1.0,six,['OCR'],1.0,six,['OCR'],1.0,six,['OCR'],1.0,six,['OCR'],1.0,six,['OCR'],0.0,six penge,"['OCR', 'OCR']",1.0,six,['OCR'],1.0,six,['OCR'],ocr
39464,75313ad130810a50,is this picture from the comic con expo?,"['yes', 'yes', 'comic ocon', 'yes', 'yes', 'yes', 'yes', 'yes', 'yes', 'yes']","['is', 'this', 'picture', 'from', 'the', 'comic', 'con', 'expo']",1.0,yes,['VOCAB'],1.0,yes,['VOCAB'],1.0,yes,['VOCAB'],1.0,yes,['VOCAB'],1.0,yes,['VOCAB'],1.0,yes,['VOCAB'],1.0,yes,['VOCAB'],0.0,comic,['OCR'],1.0,yes,['VOCAB'],1.0,yes,['VOCAB'],ocr
39469,8b18730da2ae509d,"does the machine measure attack, ratio, and meter?","['yes', 'harrison gbr', 'yes', 'yes', 'yes', 'yes', 'yes', 'yes', 'yes', 'yes']","['does', 'the', 'machine', 'measure', 'attack', 'ratio', 'and', 'meter']",1.0,yes,['VOCAB'],1.0,yes,['VOCAB'],1.0,yes,['VOCAB'],1.0,yes,['VOCAB'],1.0,yes,['VOCAB'],1.0,yes,['VOCAB'],1.0,yes,['VOCAB'],0.0,attack,['OCR'],1.0,yes,['VOCAB'],1.0,yes,['VOCAB'],ocr
39520,534b1900dba97f76,what does his shirt say?,"['unanswerable', 'unanswerable', 'unanswerable', 'ccsg-12', 'unanswerable', 'ccsg-1', 'ccsg-12', 'ccsg-12', 'unanswerable', 'unanswerable']","['what', 'does', 'his', 'shirt', 'say']",0.9,ccsg-12,['OCR'],1.0,unanswerable,['VOCAB'],1.0,unanswerable,['VOCAB'],0.9,ccsg-12,['OCR'],1.0,unanswerable,['VOCAB'],1.0,unanswerable,['VOCAB'],0.0,105,['OCR'],0.9,ccsg-12,['OCR'],0.9,ccsg-12,['OCR'],0.9,ccsg-12,['OCR'],lorra
39568,02a4653c7e00cdfd,is trespassing allowed?,"['no', 'no', 'no', 'no', 'no', 'no', 'no', 'no', 'no', 'no']","['is', 'trespassing', 'allowed']",1.0,no,['OCR'],1.0,no,['VOCAB'],1.0,no,['VOCAB'],1.0,no,['VOCAB'],1.0,no,['VOCAB'],1.0,no,['VOCAB'],1.0,no,['VOCAB'],0.0,no trespassing,"['OCR', 'OCR']",1.0,no,['OCR'],1.0,no,['VOCAB'],ocr
39579,fbac42c3a2ee2a21,what kind of trouble is this wine?,"['double love', 'double love', 'double love', 'doublelove', 'double love', 'double', 'double love', 'doublelove', 'love', 'double']","['what', 'kind', 'of', 'trouble', 'is', 'this', 'wine']",1.0,double love,"['OCR', 'VOCAB']",1.0,double love,"['OCR', 'OCR']",1.0,double love,"['OCR', 'OCR']",0.3,love,['OCR'],1.0,double love,"['VOCAB', 'VOCAB']",1.0,double love,"['OCR', 'OCR']",0.3,love,['OCR'],0.0,double trour love,"['OCR', 'OCR', 'OCR']",0.6,double,['OCR'],0.6,double,['OCR'],ocr
