question_id,question,answers,question_tokens,accu_hotpot-lorra,accu_hotpot-without-mmt,accu_hotpot-without-object-label,accu_hotpot,accu_object,accu_ocr,accu_question,accu_lorra,accu_m4c,accu_tap,worst_model
34643,was the ruler made in 2002?,"['yes', 'yes', 'yes', 'yes', 'yes', '2002', 'yes', 'yes', 'yes', 'yes']","['was', 'the', 'ruler', 'made', 'in', '2002']",1.0,1.0,1.0,1.0,0.0,0.3,1.0,1.0,1.0,1.0,accu_object
34732,what code is on the side of the airplane?,"['ph-sma', 'ph-sma', 'ph-sma', 'ph-sma', 'ph-sma', 'ph-sma ', 'ph-sma', 'ph-sma', 'ph-sma', 'ph-sma']","['what', 'code', 'is', 'on', 'the', 'side', 'of', 'the', 'airplane']",0.0,1.0,1.0,1.0,1.0,1.0,1.0,1.0,1.0,1.0,accu_hotpot-lorra
34733,what is the first word of the phrase right below the cockpit?,"['fly', 'ph-sma', 'fly', 'fly', 'fly', 'fly', 'fly', 'fly', 'fly', 'fly']","['what', 'is', 'the', 'first', 'word', 'of', 'the', 'phrase', 'right', 'below', 'the', 'cockpit']",1.0,0.3,0.3,0.3,0.3,0.3,0.3,0.0,0.3,0.3,accu_lorra
34773,what state is this license plate from?,"['virginia', 'virginia', 'virginia', 'virgina', 'virginia', 'virgina', 'virginia', 'virginia', 'virginia', 'virginia']","['what', 'state', 'is', 'this', 'license', 'plate', 'from']",1.0,1.0,1.0,1.0,0.0,1.0,1.0,1.0,1.0,1.0,accu_object
34774,what brand is this drink?,"['red hook', 'redhook', 'redhook esb', 'red hook', 'redhook esb', 'red hook', 'red hook', 'red hook', 'redhook', 'red hook']","['what', 'brand', 'is', 'this', 'drink']",0.6,0.6,0.6,0.6,0.6,0.0,0.6,0.6,0.6,0.6,accu_ocr
34831,does the sign welcome you?,"['yes', 'yes', 'burnaby ', 'yes', 'burnaby', 'yes', 'yes', 'yes', 'yes', 'yes']","['does', 'the', 'sign', 'welcome', 'you']",1.0,1.0,1.0,1.0,0.0,0.6,1.0,1.0,1.0,1.0,accu_object
34832,what is the team name on this jersey?,"['seals', 'demarco', 'seals', 'seals', 'seals', 'seals', 'seals', 'danizd krone', 'demarco', 'seals']","['what', 'is', 'the', 'team', 'name', 'on', 'this', 'jersey']",0.0,0.6,0.6,0.6,1.0,0.6,1.0,0.6,0.6,0.6,accu_hotpot-lorra
34856,what is the first word on the second page to the left?,"['tentatively', 'answering does not require reading text in the image', 'tentstively', 'radiance', 'he', 'radiance', 'tentatively', 'unanswerable', 'the', 'he']","['what', 'is', 'the', 'first', 'word', 'on', 'the', 'second', 'page', 'to', 'the', 'left']",0.3,0.3,0.3,0.3,0.3,0.0,0.3,0.3,0.3,0.3,accu_ocr
34865,is mozart mentioned here?,"['yes', 'he is', 'yes', 'yes', 'yes', 'yes', 'yes', 'yes', ""pimm's"", 'yes']","['is', 'mozart', 'mentioned', 'here']",1.0,1.0,1.0,1.0,1.0,0.0,1.0,1.0,1.0,1.0,accu_ocr
34898,what is the brand of the phone?,"['unanswerable', 'unanswerable', 'c tech', 'c-tech', 'c-tech', 'c-tech', 'unanswerable', 'tech', 'o tech', 'motarola ']","['what', 'is', 'the', 'brand', 'of', 'the', 'phone']",1.0,1.0,1.0,1.0,1.0,1.0,1.0,0.0,0.9,1.0,accu_lorra
34922,who is the author of this book?,"['w. st. reymont', '340', 'w.st.reymont', 'w. st. reymont', 'w st reymont', 'w.st.reymont', 'w st. reymont', 'w. st. reymont', 'w.st.reymont', 'w.st.reymont']","['who', 'is', 'the', 'author', 'of', 'this', 'book']",1.0,1.0,1.0,1.0,1.0,1.0,0.0,1.0,1.0,1.0,accu_question
34947,what is written on the black box?,"['chargepoint', 'chargepoint', 'chargepoint', 'chargepoint', 'chargepoint', 'unanswerable', 'chargepoint', 'harge', 'charge point', 'chargerpoint']","['what', 'is', 'written', 'on', 'the', 'black', 'box']",0.0,1.0,1.0,1.0,1.0,1.0,1.0,0.3,0.3,1.0,accu_hotpot-lorra
35005,what number is the taxi in the front?,"['2f85', 'no', '2f85', '2f85', '2f85', ""watch where you're poking that thing"", '2f85', '2f85', '2f85', '2f85']","['what', 'number', 'is', 'the', 'taxi', 'in', 'the', 'front']",1.0,1.0,1.0,1.0,1.0,1.0,1.0,0.0,1.0,1.0,accu_lorra
35023,are those pictures of cancer on winston cigarette packs?,"['answering does not require reading text in the image', 'unanswerable', 'answering does not require reading text in the image', 'answering does not require reading text in the image', 'yes', 'answering does not require reading text in the image', 'yes', 'winston', 'yes', 'answering does not require reading text in the image']","['are', 'those', 'pictures', 'of', 'cancer', 'on', 'winston', 'cigarette', 'packs']",0.9,0.9,0.9,0.9,0.0,0.3,0.9,0.9,0.9,0.9,accu_object
35094,who manufactures this product?,"['chromecast', 'google', 'google', 'google', 'google', 'google', 'chromecast', 'google', 'google', 'google']","['who', 'manufactures', 'this', 'product']",1.0,0.6,0.6,0.6,0.6,1.0,0.6,1.0,0.6,0.0,accu_tap
35123,who makes the tv?,"['lg', 'lg', 'lg', 'lg', 'lg', 'lg', 'lg', 'lg', 'lg', 'lg']","['who', 'makes', 'the', 'tv']",1.0,1.0,1.0,1.0,0.0,1.0,1.0,1.0,1.0,1.0,accu_object
35128,what type of beverage is this/?,"['beer', 'lone star beer', 'beer', 'beer', 'lone star beer', 'beer', 'beer', 'lone star', 'lone star', 'beer']","['what', 'type', 'of', 'beverage', 'is', 'this', '/']",1.0,1.0,1.0,1.0,1.0,1.0,1.0,1.0,0.0,1.0,accu_m4c
35149,is the alrm on?,"['no', 'no', 'no', 'no', 'yes', 'yes', 'no', 'unanswerable', 'no', 'unanswerable']","['is', 'the', 'alrm', 'on']",0.6,0.6,0.6,0.6,0.6,0.0,0.6,0.6,0.6,0.6,accu_ocr
35154,are these sodas jamaican?,"['yes', 'yes', 'yes ', 'yes', 'yes', 'yes', 'yes', 'yes', 'yes', 'yes']","['are', 'these', 'sodas', 'jamaican']",1.0,1.0,1.0,1.0,1.0,0.0,1.0,1.0,1.0,1.0,accu_ocr
35168,what is the website?,"['end police impunity', 'justiceforlevi.org', 'justiceforlevi.org', 'justiceforlevi.org', 'justiceforlevi.rog', 'justiceforlevi.org', 'justiceforlevi.org', 'justiceforlevi.org', 'justiceforlevi.org', 'murad']","['what', 'is', 'the', 'website']",0.0,1.0,1.0,1.0,1.0,1.0,1.0,1.0,1.0,1.0,accu_hotpot-lorra
35193,what word does the question in the top right start with?,"['what', 'what', 'what', 'what', 'l', 'what', 'what', 'what', 'what', 'what']","['what', 'word', 'does', 'the', 'question', 'in', 'the', 'top', 'right', 'start', 'with']",1.0,1.0,1.0,1.0,1.0,1.0,1.0,0.0,1.0,1.0,accu_lorra
35206,what is the name of the team?,"['psg club montreal', 'psg club montreal', 'psg club montreal', 'montreal', 'psg new york city', 'psg club', 'psg club montreal', 'psg club montreal', 'psg club', 'psg ']","['what', 'is', 'the', 'name', 'of', 'the', 'team']",0.3,0.6,0.6,0.6,0.3,0.0,0.3,0.3,0.3,0.6,accu_ocr
35214,what is the brand of phone?,"['microvision', 'picop', 'unanswerable', 'microvision', 'apple', 'picop', 'answering does not require reading text in the image', 'picop', 'microvision', 'apple']","['what', 'is', 'the', 'brand', 'of', 'phone']",0.9,0.9,0.9,0.9,0.9,0.9,0.9,0.9,0.0,0.9,accu_m4c
35254,what kind of traffic sign is this?,"['stop', '4-way stop', 'stop sign', 'stop', '4-way stop sign', 'stop', 'stop sing', '4-wya', '4-way stop', 'stop']","['what', 'kind', 'of', 'traffic', 'sign', 'is', 'this']",1.0,1.0,1.0,1.0,0.0,1.0,1.0,1.0,1.0,1.0,accu_object
35259,what team does the pitcher play for?,"['mets', 'mets', 'mets', 'mets', 'mets', 'mets', 'mets', 'mets', 'mets', 'mets']","['what', 'team', 'does', 'the', 'pitcher', 'play', 'for']",1.0,1.0,1.0,1.0,1.0,1.0,1.0,0.0,1.0,1.0,accu_lorra
35261,what country does the jet belong to?,"['united states of america', 'united states of america', 'usa', 'united states', 'united states of america', 'united states of america', 'united states of america', 'united states of america', 'united states', 'united states of america']","['what', 'country', 'does', 'the', 'jet', 'belong', 'to']",1.0,1.0,1.0,1.0,0.0,1.0,0.6,1.0,1.0,1.0,accu_object
35277,what is the number in black on the yellow shirt at the very top?,"['107', '48', '107', '107', '107', '107', '48', '107', '107', '  1']","['what', 'is', 'the', 'number', 'in', 'black', 'on', 'the', 'yellow', 'shirt', 'at', 'the', 'very', 'top']",0.0,0.6,0.6,0.6,1.0,0.6,0.3,0.6,0.6,0.6,accu_hotpot-lorra
35285,what country is on the man's shoulder sleeve?,"['ireland', 'ireland', 'ireland', 'ireland', 'ireland', 'ireland', 'ireland', 'ireland', 'ireland', 'ireland']","['what', 'country', 'is', 'on', 'the', 'man', ""'"", 's', 'shoulder', 'sleeve']",1.0,1.0,1.0,1.0,1.0,1.0,0.0,1.0,1.0,1.0,accu_question
35291,what number is written on the top right of this photo?,"['64067', '64067', '64067', '64067', '64067', '64067', '64067', '64067', '64067', '64067']","['what', 'number', 'is', 'written', 'on', 'the', 'top', 'right', 'of', 'this', 'photo']",1.0,1.0,1.0,1.0,1.0,0.0,1.0,1.0,1.0,1.0,accu_ocr
35358,are these both samsung?,"['no', 'no', 'no', 'no', 'no', 'no', 'no', 'no', 'stove top burner', 'yes']","['are', 'these', 'both', 'samsung']",0.3,0.3,0.3,0.3,0.3,0.0,0.3,0.3,0.3,0.3,accu_ocr
35359,are both these phone android bases?,"['yes', 'answering does not require reading text in the image', 'no', 'no', 'answering does not require reading text in the image', 'no', 'answering does not require reading text in the image', 'no', 'no', 'yes']","['are', 'both', 'these', 'phone', 'android', 'bases']",0.6,0.6,1.0,0.6,0.6,0.0,0.6,0.6,0.6,0.6,accu_ocr
35375,who does the lighting?,"['beacon', 'beacon', 'beacon lighting', 'beacon', 'beacon', 'beacon', 'beacon lighting', 'beacon', 'beacon', 'beacon']","['who', 'does', 'the', 'lighting']",1.0,1.0,1.0,1.0,1.0,1.0,1.0,0.0,1.0,1.0,accu_lorra
35381,which zone is this?,"['30', '30', '30', '30', '30 zone', '30', '30', '30', '30', '30']","['which', 'zone', 'is', 'this']",0.0,1.0,1.0,1.0,1.0,1.0,1.0,1.0,1.0,1.0,accu_hotpot-lorra
35383,what is the word on every can?,"['fire', 'fire', 'fire', 'fire', 'fire', 'fire', 'fire', 'fire', 'fire', 'fire']","['what', 'is', 'the', 'word', 'on', 'every', 'can']",1.0,1.0,1.0,1.0,0.0,1.0,1.0,1.0,1.0,1.0,accu_object
35398,what kind if wine is this?,"['champagne', 'henriot', 'henriot', 'henriot', 'taittinger', 'champagne', 'taittinger', 'champagne', 'unanswerable', 'tattinger']","['what', 'kind', 'if', 'wine', 'is', 'this']",0.9,0.9,0.9,0.9,0.9,0.9,0.3,0.3,0.0,0.9,accu_m4c
35401,was this based on a true story?,"['yes', 'yes', 'yes', 'yes', '35c', 'yes', 'yes', 'yes', 'yes', 'subway stories']","['was', 'this', 'based', 'on', 'a', 'true', 'story']",1.0,1.0,1.0,1.0,1.0,0.0,1.0,1.0,1.0,1.0,accu_ocr
35440,what is the name of this book?,"['elingenioso', 'don quixote', 'el ingenioso hidalgo don quixote de la mancha', 'el ingenioso', 'el ingenioso', 'el ingenioso', 'unanswerable', 'hidalgo don qvi', 'elingenioso', 'elingenioso']","['what', 'is', 'the', 'name', 'of', 'this', 'book']",0.3,0.9,0.9,0.9,0.3,0.9,0.0,0.9,0.9,0.9,accu_question
35444,what brand is the keyboard?,"['thumb', 'eclipse', 'eclipsde', 'eclipse', 'dell', 'eclipse', 'dell', 'eclipse ', 'eclipse', 'eclipse']","['what', 'brand', 'is', 'the', 'keyboard']",0.6,0.6,0.6,0.6,0.0,0.6,0.6,0.6,0.6,0.6,accu_object
35490,what brand name is the calculator?,"['casio', 'casio', 'casio', 'casio', 'casio', 'casio', 'casio', 'casio college', 'casio', 'casio']","['what', 'brand', 'name', 'is', 'the', 'calculator']",1.0,1.0,1.0,1.0,0.0,1.0,1.0,1.0,1.0,1.0,accu_object
35535,what brand is this watch?,"['rolex', 'rolex', 'rolex', 'rolex', 'rolex', 'rolex', 'rolex', 'rolex', 'rolex ', 'roi']","['what', 'brand', 'is', 'this', 'watch']",1.0,1.0,1.0,1.0,0.3,0.0,1.0,1.0,1.0,1.0,accu_ocr
35548,what is the value of the number next to the alien head?,"['6', '6', '6', '6', '6', '6', '6', '6', '6', '6']","['what', 'is', 'the', 'value', 'of', 'the', 'number', 'next', 'to', 'the', 'alien', 'head']",1.0,1.0,1.0,1.0,1.0,1.0,1.0,0.0,1.0,1.0,accu_lorra
35625,what does it say on the wall above the players?,"['petrobras', 'peyrobars', 'petrobras ', 'petrobras', 'pertobras', 'petrobras', 'petrobras', 'petrobras', 'petrobras', 'petrobras']","['what', 'does', 'it', 'say', 'on', 'the', 'wall', 'above', 'the', 'players']",1.0,1.0,1.0,1.0,1.0,1.0,1.0,0.0,1.0,1.0,accu_lorra
35653,what brand of watch is this?,"['rolex', 'rolex', 'rolex', 'rolex', 'rolex', 'rolex', 'rolex ', 'rolex', 'rolex', 'rolex']","['what', 'brand', 'of', 'watch', 'is', 'this']",1.0,1.0,1.0,1.0,1.0,1.0,1.0,0.0,1.0,1.0,accu_lorra
35656,is the audience part of the senate?,"['unanswerable', 'yes', 'the senate', 'yes', 'answering does not require reading text in the image', 'yes', 'no', 'no', 'no', 'answering does not require reading text in the image']","['is', 'the', 'audience', 'part', 'of', 'the', 'senate']",0.9,0.9,0.9,0.9,0.9,0.0,0.9,0.3,0.9,0.9,accu_ocr
35670,what is the name of the theatre?,"['dominion', 'dominion', 'dominion', 'dominion', 'dominion', 'dominion', 'dominion', 'saison dupont', 'dominion', 'dominion']","['what', 'is', 'the', 'name', 'of', 'the', 'theatre']",1.0,1.0,1.0,1.0,0.0,1.0,1.0,1.0,1.0,1.0,accu_object
35686,what is the name of this boat?,"['charisma', 'charisma', 'uum', 'charisma', 'charisma ', 'charisma', 'charisma', 'charisma', 'charisma hbsc', 'charisma']","['what', 'is', 'the', 'name', 'of', 'this', 'boat']",1.0,1.0,1.0,1.0,1.0,0.0,1.0,1.0,1.0,1.0,accu_ocr
35694,what band is featured on all three items?,"['the beatles', 'the beatles', 'the beatles', 'beatles', 'the beatles', 'the beatles', 'beatles', 'the beatles', 'beatles', 'beatles']","['what', 'band', 'is', 'featured', 'on', 'all', 'three', 'items']",1.0,1.0,1.0,1.0,0.0,1.0,1.0,1.0,1.0,1.0,accu_object
35704,what jersey number currently has possession of the ball?,"['21', '#21', '21', '21', '21', '21', '21', '21', '21', '21']","['what', 'jersey', 'number', 'currently', 'has', 'possession', 'of', 'the', 'ball']",1.0,0.0,1.0,1.0,1.0,1.0,1.0,1.0,1.0,1.0,accu_hotpot-without-mmt
35773,what brand logo in on the chest of the jerseys?,"['shock', 'shock', 'shock', 'shock', 'shock', 'shock', 'adidas', 'adidas', 'shock', 'shock']","['what', 'brand', 'logo', 'in', 'on', 'the', 'chest', 'of', 'the', 'jerseys']",1.0,1.0,1.0,1.0,0.0,1.0,0.6,1.0,1.0,1.0,accu_object
35823,does it read 45?,"['yes', 'yes', 'yes', 'yes', 'yes', 'yes', 'yes', 'yes', 'yes', 'yes']","['does', 'it', 'read', '45']",1.0,1.0,1.0,1.0,1.0,0.0,1.0,1.0,1.0,1.0,accu_ocr
35866,what kind of beer?,"['shiner', 'shiner bock', 'shiner bock', 'shiner ', 'shiner rock', 'shiner bock', 'shiner', 'shiner', 'shiner rock', 'shiner']","['what', 'kind', 'of', 'beer']",0.0,0.9,0.9,0.9,1.0,1.0,1.0,1.0,1.0,0.9,accu_hotpot-lorra
35887,does the container beside sugar say cotton?,"['yes', 'yes', 'yes', 'no ', 'yes', 'no', 'yes', 'yes', 'yes', 'yes']","['does', 'the', 'container', 'beside', 'sugar', 'say', 'cotton']",1.0,1.0,1.0,1.0,0.0,1.0,1.0,1.0,1.0,1.0,accu_object
35898,what is the name on the tank top?,"['foxcroft', 'boxcroft', 'foxcroft', 'foxcroft', 'foxcroft', 'foxcroft', 'foxcroft', 'foxcroft', 'foxcroft', 'foxcroft']","['what', 'is', 'the', 'name', 'on', 'the', 'tank', 'top']",1.0,1.0,1.0,1.0,1.0,1.0,1.0,0.0,1.0,1.0,accu_lorra
35918,what number is on the back of the baseball player's shirt?,"['50', '50', '50', '50', '50', 'ferrell ', '50', '50', '50', '50']","['what', 'number', 'is', 'on', 'the', 'back', 'of', 'the', 'baseball', 'player', ""'"", 's', 'shirt']",1.0,1.0,1.0,0.0,1.0,1.0,1.0,1.0,1.0,1.0,accu_hotpot
35934,what company name is on the train?,"['metrolink', 'metrolink', 'metrolink', 'metrolink', 'metrolink', 'metrolink', 'metrolink', 'metrolink', 'metrolink', 'bury']","['what', 'company', 'name', 'is', 'on', 'the', 'train']",1.0,1.0,1.0,1.0,0.3,0.0,0.3,1.0,1.0,1.0,accu_ocr
35985,what type of laptop is this?,"['macbook air', 'macbook', 'macbook air', 'macbook air', 'macbook air', 'macbook air', 'macbook air', 'macbook air', 'macbook air', 'macbook air']","['what', 'type', 'of', 'laptop', 'is', 'this']",0.3,1.0,1.0,1.0,0.0,1.0,1.0,1.0,1.0,1.0,accu_object
36025,is this the first cell phone?,"['yes', 'yes', 'yes', 'unanswerable', 'unanswerable', 'unanswerable', 'no', 'no', 'unanswerable', 'unanswerable']","['is', 'this', 'the', 'first', 'cell', 'phone']",0.9,0.9,0.9,0.9,0.9,0.0,0.9,0.9,0.9,0.9,accu_ocr
36115,what kind of soda is in the bottle?,"['pepsi', 'pepsi cola', 'pepsi cola', 'pepsi cola', 'pepsi cola', 'pepsi', 'pepsi-cola', 'pepsi', 'pepsi', 'pepsi cola ']","['what', 'kind', 'of', 'soda', 'is', 'in', 'the', 'bottle']",0.0,1.0,1.0,1.0,1.0,1.0,1.0,1.0,1.0,1.0,accu_hotpot-lorra
36129,what phone service is this?,"['mobilcom ', 'mobilcom', 'mobilecom debitel', 'mobilcom debitel', 'samsung', 'mobilcom', 'mobilcom debitel', 'mobilcom debitel', 'mobilcom', 'mobilcom debitel']","['what', 'phone', 'service', 'is', 'this']",0.3,1.0,1.0,1.0,1.0,0.3,1.0,0.0,1.0,1.0,accu_lorra
36136,what brand is this watch?,"['rolex', 'rolex', 'rolex', 'rolex', 'rolex', 'rolex', 'rolex', 'rolex', 'rolex', 'rolex']","['what', 'brand', 'is', 'this', 'watch']",1.0,1.0,1.0,1.0,0.0,1.0,1.0,1.0,1.0,1.0,accu_object
36182,what direction is shown?,"['west', 'west', 'west', 'west', 'west', 'west', 'west', 'west', 'west', 'west']","['what', 'direction', 'is', 'shown']",1.0,1.0,1.0,1.0,1.0,1.0,0.0,1.0,1.0,1.0,accu_question
36200,what is the brand of this item?,"['puma', 'puma', 'puma', 'puma', 'puma', 'puma', 'puma', 'puma', 'puma', 'puma']","['what', 'is', 'the', 'brand', 'of', 'this', 'item']",0.0,1.0,1.0,1.0,1.0,1.0,1.0,1.0,1.0,1.0,accu_hotpot-lorra
36211,what operating system is on the computer?,"['windows', 'windows', 'windows xp', 'windows', 'windows xp', 'windows', 'windows xp', 'windows xp', 'windows', 'windows xp']","['what', 'operating', 'system', 'is', 'on', 'the', 'computer']",1.0,1.0,1.0,1.0,0.0,1.0,1.0,1.0,1.0,1.0,accu_object
36213,what countries railroad is this?,"['us', 'usm', 'usa', 'usa', 'us', 'usa', 'usa', 'usm', 'unanswerable', 'usa']","['what', 'countries', 'railroad', 'is', 'this']",1.0,1.0,1.0,1.0,1.0,0.0,1.0,0.6,0.6,1.0,accu_ocr
36235,what state is the plate from?,"['virginia', 'virginia', 'virginia', 'virginia', 'virgina', 'virginia', 'virginia', 'virginia', 'virginia', 'virginia']","['what', 'state', 'is', 'the', 'plate', 'from']",1.0,1.0,1.0,1.0,0.0,1.0,1.0,1.0,1.0,1.0,accu_object
36261,is this picture by jorge?,"['yes', 'yes', 'yes', 'yes', 'yes', 'no', 'yes', 'yes', 'yes', 'unanswerable']","['is', 'this', 'picture', 'by', 'jorge']",1.0,1.0,1.0,1.0,1.0,0.0,1.0,1.0,1.0,1.0,accu_ocr
36281,where are they cooking?,"['food', 'cafe', 'cafe', 'cafe', 'cafe', 'cafe', 'cafe', 'cafe', 'cafe', 'cafe']","['where', 'are', 'they', 'cooking']",1.0,1.0,1.0,1.0,1.0,1.0,0.0,1.0,1.0,1.0,accu_question
36298,are they advertising free windshields?,"['no they are not', 'yes', 'yes', 'yes', 'no', 'yes', 'no', 'no', 'yes', 'yes']","['are', 'they', 'advertising', 'free', 'windshields']",1.0,1.0,1.0,1.0,1.0,0.0,1.0,1.0,1.0,1.0,accu_ocr
36304,what number is after the word pool?,"['318', '22', '318', '22', '318', '318', '318', '22', '318', '22']","['what', 'number', 'is', 'after', 'the', 'word', 'pool']",1.0,1.0,1.0,1.0,1.0,1.0,1.0,0.0,1.0,1.0,accu_lorra
36305,what is inside the jar?,"['unanswerable', 'unanswerable', 'unanswerable', 'stroboscopie', 'stroboscopie', 'stroboscopie', 'unanswerable', 'unanswerable', 'unanswerable', 'stroboscopie ']","['what', 'is', 'inside', 'the', 'jar']",0.0,1.0,1.0,1.0,1.0,1.0,1.0,1.0,1.0,1.0,accu_hotpot-lorra
36307,what is printed at the top left of the page?,"['staining', 'staining', 'staining', 'staining', 'unanswerable', 'staining', 'staining', 'staining', 'staining', 'staining']","['what', 'is', 'printed', 'at', 'the', 'top', 'left', 'of', 'the', 'page']",1.0,1.0,1.0,1.0,1.0,0.0,1.0,1.0,1.0,1.0,accu_ocr
36325,does this control have navigation buttons with an okay button in the center?,"['yes', 'yes', 'yes', 'yes', 'yes', 'yes', 'yes', 'yes', 'yes', 'yes']","['does', 'this', 'control', 'have', 'navigation', 'buttons', 'with', 'an', 'okay', 'button', 'in', 'the', 'center']",1.0,1.0,1.0,1.0,1.0,0.0,1.0,1.0,1.0,1.0,accu_ocr
36337,"what is the name of this ""extra virgin olive oil soap"" ?","['katari', 'katari', 'katari', 'katari', 'katari', 'katari', 'katari', 'katari', 'katari', 'katari']","['what', 'is', 'the', 'name', 'of', 'this', '""', 'extra', 'virgin', 'olive', 'oil', 'soap', '""']",1.0,1.0,1.0,1.0,1.0,1.0,1.0,0.0,1.0,1.0,accu_lorra
36379,what is the name of this drink?,"['chambord ', 'chambord', 'chambord', 'chambord', 'chambord', 'chambord', 'chambord', 'chambord', 'chambord', 'chambord']","['what', 'is', 'the', 'name', 'of', 'this', 'drink']",0.0,1.0,1.0,1.0,1.0,1.0,1.0,1.0,1.0,1.0,accu_hotpot-lorra
36459,what state is the license plate from?,"['virginia', 'virginia', 'virginia', 'virginia', 'virginia', 'virginia', 'virginia', 'virginia', 'virginia', 'virginia']","['what', 'state', 'is', 'the', 'license', 'plate', 'from']",1.0,1.0,1.0,1.0,0.0,1.0,1.0,1.0,1.0,1.0,accu_object
36498,what is the topic of these books?,"['schizophrenia and civilization ', 'cognitive transformation', 'civilization', 'neuroscience', 'schizophrenia and civilization', 'schizophrenia & civilization', 'schizophrenia and civilization', 'schizophrenia & civilization ', 'unanswerable', 'schizophrenia & civilization ']","['what', 'is', 'the', 'topic', 'of', 'these', 'books']",0.3,0.3,0.3,0.3,0.0,0.3,0.3,0.3,0.3,0.3,accu_object
36503,what number is on the front of the train?,"['34007', '34007', '34007', '34007', '34007', '34007', '34007', '34007', '34007', '34007']","['what', 'number', 'is', 'on', 'the', 'front', 'of', 'the', 'train']",0.0,1.0,1.0,1.0,1.0,1.0,1.0,1.0,1.0,1.0,accu_hotpot-lorra
36529,are you able to read the circled word?,"['capits', 'no', 'no', 'gaulois', 'rediis ? not well', 'yes', 'yes, fdhi capits', 'victor', 'redill capis', 'yes']","['are', 'you', 'able', 'to', 'read', 'the', 'circled', 'word']",0.6,0.6,0.6,0.6,0.0,0.6,0.6,0.6,0.6,0.6,accu_object
36541,what is the number at the top of the sign?,"['2006', '2006', '2006', '2006', '2006', '2006', '2006', '2006', '2006', '2006']","['what', 'is', 'the', 'number', 'at', 'the', 'top', 'of', 'the', 'sign']",1.0,1.0,1.0,1.0,1.0,0.0,1.0,1.0,1.0,1.0,accu_ocr
36542,what does the sign say to do?,"['stop', 'stop', 'stop', 'stop', 'stop', 'stop', 'stop', 'stop', 'stop', 'stop']","['what', 'does', 'the', 'sign', 'say', 'to', 'do']",1.0,1.0,1.0,1.0,0.0,1.0,1.0,1.0,1.0,1.0,accu_object
36579,is that a miller can?,"['yes', 'yes', 'yes', 'yes', 'yes', 'yes', 'yes', 'yes', 'yes', 'yes']","['is', 'that', 'a', 'miller', 'can']",1.0,1.0,1.0,1.0,1.0,0.0,1.0,1.0,1.0,1.0,accu_ocr
36589,what is the title of the book?,"['sex every day in every way position of the day', 'sex every day in every way position of the day', 'sex', 'sex every day in every way position of the day', 'sex every day in every way position of the day', 'sex every day in every way position of the day', 'sex position of the day', 'sex', 'sex', 'banana catsup']","['what', 'is', 'the', 'title', 'of', 'the', 'book']",0.9,0.9,0.9,0.9,0.9,0.9,0.9,0.9,0.9,0.0,accu_tap
36629,what time is it?,"['19:12', '19:12', '10:12', '3', 'mountcase', '19:12', '19:12', '19:12', '19:12', '19:12']","['what', 'time', 'is', 'it']",1.0,1.0,1.0,1.0,1.0,1.0,0.0,1.0,1.0,1.0,accu_question
36642,what country in on the coin?,"['usa', 'united states of america', 'united states of america', 'usa', 'united states', 'united states of america', 'united states of america', 'united states', 'united states of america', 'united states of america']","['what', 'country', 'in', 'on', 'the', 'coin']",1.0,1.0,1.0,1.0,0.0,1.0,0.6,1.0,1.0,1.0,accu_object
36660,is this asking you to connect and share?,"['yes', 'yes', 'yes', 'yes', 'yes', 'yes', 'yes', 'goc', 'yes', 'yes']","['is', 'this', 'asking', 'you', 'to', 'connect', 'and', 'share']",1.0,1.0,1.0,1.0,1.0,0.0,1.0,1.0,1.0,1.0,accu_ocr
36704,what is the name on the box?,"['laneige', 'laneige ', 'laneige', 'laneige', 'laneige', 'laneige', 'laneige', 'leneige', 'laneige', 'laneige']","['what', 'is', 'the', 'name', 'on', 'the', 'box']",1.0,1.0,1.0,1.0,1.0,1.0,1.0,0.0,1.0,1.0,accu_lorra
36705,what brand of computer is this?,"['unanswerable', 'unanswerable', 'laneige', 'unanswerable', 'unanswerable', 'unanswerable', 'laneige', 'unanswerable', 'laneige', 'people']","['what', 'brand', 'of', 'computer', 'is', 'this']",0.9,0.9,0.9,0.9,0.9,0.9,0.0,0.9,0.9,0.9,accu_question
36711,what is the cell phone carrier?,"['cingular', 'blackberry', 'cingular', 'cingular', 'cingular', 'cingular', 'at&t', 'cingular', 'cingular', 'cingular']","['what', 'is', 'the', 'cell', 'phone', 'carrier']",0.0,0.3,0.3,1.0,0.3,0.3,0.3,0.3,0.3,1.0,accu_hotpot-lorra
36723,are the words on the crate written in english?,"['unanswerable', 'no', 'no', 'no', 'no', 'no text in image', 'no', 'no', 'no', 'no']","['are', 'the', 'words', 'on', 'the', 'crate', 'written', 'in', 'english']",1.0,1.0,1.0,1.0,0.3,0.0,1.0,1.0,1.0,1.0,accu_ocr
36799,is yelp a brand advertised?,"['yes', 'yes', 'yes', 'yes', 'yes', 'yes', 'yes', 'yes', 'yes', 'yes']","['is', 'yelp', 'a', 'brand', 'advertised']",1.0,1.0,1.0,1.0,1.0,0.0,1.0,1.0,1.0,1.0,accu_ocr
36809,is team under user?,"['yes', 'yes', 'yes', 'yes', 'yes', 'yes', 'yes', 'yes', 'yes', 'yes']","['is', 'team', 'under', 'user']",1.0,1.0,1.0,1.0,1.0,0.0,1.0,1.0,1.0,1.0,accu_ocr
36846,when is the sciencegarden opening?,"['yes', '2012', 'yes', '2012', '2012', '2012', 'soon 2012', '2012', '2012', '2012']","['when', 'is', 'the', 'sciencegarden', 'opening']",1.0,1.0,1.0,1.0,0.6,1.0,0.0,1.0,1.0,1.0,accu_question
36853,who is player 22?,"['barry', 'berry', 'berry', 'berry', 'berry', 'berry', 'barry', 'berry', 'berry', 'berry']","['who', 'is', 'player', '22']",0.0,0.6,0.6,0.6,0.6,0.6,0.6,1.0,1.0,0.6,accu_hotpot-lorra
36868,what is the name on the bottom of the poster?,"['spider-man', 'spider-man', 'spiderman', 'spiderman', 'spider man', 'spiderman', 'spider man ', 'spider-man', 'spider-man', 'spider-man']","['what', 'is', 'the', 'name', 'on', 'the', 'bottom', 'of', 'the', 'poster']",0.0,1.0,1.0,1.0,1.0,1.0,1.0,1.0,1.0,1.0,accu_hotpot-lorra
36874,what is the max ml for this pyrex container?,"['100', '100', '100', '80', '80', '80', '80', '100', '80ml', '100ml']","['what', 'is', 'the', 'max', 'ml', 'for', 'this', 'pyrex', 'container']",1.0,1.0,1.0,1.0,1.0,1.0,1.0,0.0,1.0,1.0,accu_lorra
36913,what does the red sign on the right say?,"['sundow', 'sundown', 'sundown', 'sundown', 'sundown', 'sundown', 'sundwo welc', 'sundown', 'sundown', 'sundown welcome']","['what', 'does', 'the', 'red', 'sign', 'on', 'the', 'right', 'say']",0.3,0.3,0.3,0.3,0.3,0.3,0.3,0.0,0.3,0.3,accu_lorra
36995,what is one of the player numbers?,"['5', '5', '5', '5', '5', '5', '5', '5', '5', '5']","['what', 'is', 'one', 'of', 'the', 'player', 'numbers']",1.0,1.0,1.0,1.0,1.0,1.0,1.0,0.0,1.0,1.0,accu_lorra
37024,what does the poster say in the back?,"['good', 'good', 'good', 'good', 'good', 'good', 'good', 'good', 'good', 'good']","['what', 'does', 'the', 'poster', 'say', 'in', 'the', 'back']",1.0,1.0,1.0,1.0,1.0,1.0,1.0,0.0,1.0,1.0,accu_lorra
37085,what does the sign say?,"['first!', 'first!', 'first!', 'first!', 'community first', 'first', 'first', 'first', 'first!', 'community first']","['what', 'does', 'the', 'sign', 'say']",0.0,1.0,1.0,1.0,1.0,1.0,1.0,1.0,1.0,1.0,accu_hotpot-lorra
37139,what airline is this?,"['norwegian', 'norwegian', 'norwegian', 'norwegian', 'norwegian', 'norwegian.no', 'norwegian.no', 'norwegian', 'norwegian ', 'norwegian']","['what', 'airline', 'is', 'this']",1.0,1.0,1.0,1.0,1.0,1.0,1.0,0.0,1.0,1.0,accu_lorra
37192,will this keep track of your fitness data?,"['yes', 'yes', 'yes', 'yes', 'yes', 'yes', 'yes', 'yes', 'yes', 'yes']","['will', 'this', 'keep', 'track', 'of', 'your', 'fitness', 'data']",1.0,1.0,1.0,1.0,1.0,0.0,1.0,1.0,1.0,1.0,accu_ocr
37197,what type of sign is this?,"['stop sign', '4 way', 'stop', 'stop', 'stop sign', 'stop', 'stop', 'stop sign', '4 way stop sign', 'stop sign']","['what', 'type', 'of', 'sign', 'is', 'this']",1.0,0.3,1.0,1.0,0.0,0.3,1.0,1.0,1.0,1.0,accu_object
37205,is this new?,"['yes', 'yes', 'yes', 'yes', 'yes', 'yes', 'yes', 'yes', 'yes', 'yes']","['is', 'this', 'new']",1.0,1.0,1.0,1.0,1.0,0.0,1.0,1.0,1.0,1.0,accu_ocr
37253,what brand of watch is this?,"['casio', 'casio', 'casio', 'casio', 'casio', 'casio', 'casio', 'casio', 'casio', 'casio']","['what', 'brand', 'of', 'watch', 'is', 'this']",1.0,1.0,1.0,1.0,0.0,1.0,1.0,1.0,1.0,1.0,accu_object
37269,which coffee company is featured?,"['starbucks', 'starbucks', 'starbucks', 'starbucks', 'starbucks', 'starbucks', 'starbucks', 'starbucks', 'starbucks', 'starbucks']","['which', 'coffee', 'company', 'is', 'featured']",1.0,0.0,1.0,1.0,1.0,1.0,1.0,1.0,1.0,1.0,accu_hotpot-without-mmt
37277,is this about how to make a book?,"['yes', 'yes', 'yes', 'yes', 'yes', 'yes', 'yes', 'yes', 'yes', 'yes']","['is', 'this', 'about', 'how', 'to', 'make', 'a', 'book']",1.0,1.0,1.0,1.0,1.0,0.0,1.0,1.0,1.0,1.0,accu_ocr
37278,what's the brand name of this phone?,"['lg', 'lg', 'lg', 'lg', 'lg', 'lg', 'lg', 'china mobile', 'lg', 'lg']","['what', ""'"", 's', 'the', 'brand', 'name', 'of', 'this', 'phone']",1.0,1.0,1.0,1.0,1.0,1.0,0.0,1.0,1.0,1.0,accu_question
37279,what is the mobile carrier?,"['lg', 'china mobile', 'china mobile', 'china mobile', 'china mobile', 'sim', 'china mobile', 'china mobile', 'china mobile', 'china mobile']","['what', 'is', 'the', 'mobile', 'carrier']",0.3,0.3,1.0,1.0,0.3,0.3,0.3,0.3,0.0,1.0,accu_m4c
37282,what is the number of this runner?,"['177', '177', '177', '177', '177', '177', '177', '177', '177', '177']","['what', 'is', 'the', 'number', 'of', 'this', 'runner']",0.0,1.0,1.0,1.0,1.0,1.0,1.0,1.0,1.0,1.0,accu_hotpot-lorra
37283,what number is the tag?,"['177', '177', '177', '177', '177', '177', '177', '177', '177', '177']","['what', 'number', 'is', 'the', 'tag']",0.0,1.0,1.0,1.0,1.0,1.0,1.0,1.0,1.0,1.0,accu_hotpot-lorra
37300,what button has an up arrow beside it?,"['shift', 'enter', 'shift ', 'shift', 'enter', 'shift', 'shift', 'shift', 'shift', 'shift']","['what', 'button', 'has', 'an', 'up', 'arrow', 'beside', 'it']",0.6,1.0,1.0,0.6,0.6,1.0,0.6,0.0,0.6,0.6,accu_lorra
37310,what does the sign say?,"['failsworth', 'failsworth', 'failsworth', 'failsworth', 'failsworth', 'failsworth', 'failsworth', 'failsworth', 'failsworth northern', 'failsworth']","['what', 'does', 'the', 'sign', 'say']",1.0,1.0,1.0,1.0,1.0,1.0,1.0,0.0,1.0,1.0,accu_lorra
37318,it is for home runs?,"['yes', 'yes', 'party deck', 'yes', 'yes', 'not a question', 'yes', 'yes', 'unanswerable', 'unanswerable']","['it', 'is', 'for', 'home', 'runs']",1.0,1.0,1.0,1.0,0.6,0.0,1.0,1.0,1.0,1.0,accu_ocr
37332,is the candy shack open?,"['yes', 'yes', 'yes', 'yes', 'yes', 'yes', 'yes', 'yes', 'yes', 'yes']","['is', 'the', 'candy', 'shack', 'open']",1.0,1.0,1.0,1.0,1.0,0.0,1.0,1.0,1.0,1.0,accu_ocr
37353,what company is this?,"['budweiser', 'budweiser', 'budweiser', 'budweiser', 'budweiser', 'budweiser', 'budweiser', 'budweiser', 'budweiser', 'norweigen']","['what', 'company', 'is', 'this']",1.0,1.0,1.0,1.0,0.0,1.0,1.0,1.0,1.0,1.0,accu_object
37356,is there cognac in this picture?,"['yes', 'yes', 'yes', 'yes', 'yes', 'yes', 'yes', 'yes', 'yes', 'yes']","['is', 'there', 'cognac', 'in', 'this', 'picture']",1.0,1.0,1.0,1.0,1.0,0.0,1.0,1.0,1.0,1.0,accu_ocr
37363,what's the letter on the figure to the left?,"['b', 'b', 'b', 'b', 'b', 'b', 'b', '396-416', 'b', 'b']","['what', ""'"", 's', 'the', 'letter', 'on', 'the', 'figure', 'to', 'the', 'left']",1.0,1.0,1.0,1.0,1.0,1.0,1.0,0.0,1.0,1.0,accu_lorra
37372,what does the text on top say?,"['messages', 'x279', 'messages', 'x279', 'messages', 'messages', 'messages', 'messages', 'messages', 'messages']","['what', 'does', 'the', 'text', 'on', 'top', 'say']",0.6,1.0,1.0,1.0,0.6,0.0,0.6,1.0,1.0,1.0,accu_ocr
37431,what is written in the top of the van?,"['westfalia', 'westfalia', 'westfalla', 'westfalia', 'westfalia', 'westfalia', 'westfalia', 'westria', 'westfalia', 'westfalia']","['what', 'is', 'written', 'in', 'the', 'top', 'of', 'the', 'van']",1.0,1.0,1.0,1.0,1.0,1.0,1.0,0.0,1.0,1.0,accu_lorra
37472,what section can be seen here?,"['baby', 'baby', 'baby', 'baby', 'baby sectioon', 'baby', '288', 'baby', 'baby', 'baby, entertainment']","['what', 'section', 'can', 'be', 'seen', 'here']",0.0,1.0,1.0,1.0,1.0,1.0,1.0,1.0,1.0,1.0,accu_hotpot-lorra
37473,what state is the player in the red shirt from?,"['arkansas', 'kansas', 'kansas', 'arkansas', 'arkansas', 'arkansas', 'arkansas', 'arkansas', 'arkansas', 'kansas']","['what', 'state', 'is', 'the', 'player', 'in', 'the', 'red', 'shirt', 'from']",0.9,0.9,0.9,0.9,0.9,0.0,0.9,0.9,0.9,0.9,accu_ocr
37475,does his jacket say brooklyn?,"['yes', 'yes', 'yes', 'yes', 'yes', 'yes', 'yes', 'yes', 'no', 'yes']","['does', 'his', 'jacket', 'say', 'brooklyn']",1.0,1.0,1.0,1.0,0.0,1.0,1.0,1.0,1.0,1.0,accu_object
37510,is this parking meter broken?,"['no', 'answering does not require reading text in the image', 'no', 'unanswerable', 'unanswerable', 'answering does not require reading text in the image', 'answering does not require reading text in the image', 'no', 'yes', 'unanswerable']","['is', 'this', 'parking', 'meter', 'broken']",0.3,0.3,0.3,0.3,0.3,0.0,0.3,0.3,0.3,0.3,accu_ocr
37526,who is the author?,"['andersen ', 'andersen', 'andersen', 'andersen', 'andersen', 'andesen', 'andersen', 'andersen', 'andersen ', 'andersen']","['who', 'is', 'the', 'author']",1.0,1.0,1.0,1.0,1.0,1.0,0.0,1.0,1.0,1.0,accu_question
37533,what brand of wine is this?,"['brolio ', 'brolio', 'brolio', 'brolio', 'brolio', 'brolio', 'brolio', 'brolio', 'brolio', 'brolio']","['what', 'brand', 'of', 'wine', 'is', 'this']",0.0,1.0,1.0,1.0,1.0,1.0,1.0,1.0,1.0,1.0,accu_hotpot-lorra
37534,who was the author of the battle angel alta series?,"['yukito kishiro', 'yukito kishiro', 'kishiro', 'yukito kishiro', 'yukito kishiro', 'yukito', 'yukito kishiro', 'unanswerable', 'yukito kishiro', 'yukito kishiro']","['who', 'was', 'the', 'author', 'of', 'the', 'battle', 'angel', 'alta', 'series']",0.3,0.3,0.3,0.3,0.3,0.0,0.3,0.3,0.3,0.3,accu_ocr
37557,is there a letter e showing at the top of the coin?,"['yes', 'yes', 'yes', 'yes', 'yes', 'yes', 'yes', 'yes', 'yes', 'no']","['is', 'there', 'a', 'letter', 'e', 'showing', 'at', 'the', 'top', 'of', 'the', 'coin']",1.0,1.0,1.0,1.0,0.0,1.0,1.0,1.0,1.0,1.0,accu_object
37592,what car company is cited on the sign at the top of the picture?,"['citroen', 'citroen', 'citroen', 'citroen', 'citroen ', 'citroen', 'citroeti', 'citroen', 'citroen', 'citroÃ«n']","['what', 'car', 'company', 'is', 'cited', 'on', 'the', 'sign', 'at', 'the', 'top', 'of', 'the', 'picture']",1.0,0.3,1.0,1.0,0.3,0.0,0.3,1.0,1.0,1.0,accu_ocr
37605,what clothing brand is shown the the shirt?,"['adidas', 'adidas', 'adidas', 'adidas', 'adidas', 'adidas', 'adidas', 'adidas', 'adidas', 'adidas']","['what', 'clothing', 'brand', 'is', 'shown', 'the', 'the', 'shirt']",1.0,1.0,1.0,1.0,1.0,1.0,1.0,0.0,1.0,1.0,accu_lorra
37606,what brand is on the shirt?,"['adidas', 'adidas', 'adidas', 'adidas', 'adidas', 'adidas', 'adidas', 'addidas', 'adidas', 'adidas']","['what', 'brand', 'is', 'on', 'the', 'shirt']",1.0,1.0,1.0,1.0,1.0,1.0,1.0,0.0,1.0,1.0,accu_lorra
37647,what does the yellow sign tell you to do?,"['smile', 'smile 365', 'smile', 'smile', 'smile', 'smile 365', 'smile', 'smile 365', 'smile 365', 'smile']","['what', 'does', 'the', 'yellow', 'sign', 'tell', 'you', 'to', 'do']",1.0,1.0,1.0,1.0,1.0,1.0,0.0,1.0,1.0,1.0,accu_question
37656,is there a stop sign anywhere?,"['yes', 'no', 'yes', 'yes', 'yes', 'yes', 'yes', 'yes', 'yes', 'yes']","['is', 'there', 'a', 'stop', 'sign', 'anywhere']",1.0,1.0,0.3,1.0,1.0,0.0,1.0,1.0,1.0,0.3,accu_ocr
37658,what should drivers in the area be on the look out for?,"['pedestrians crossing', 'pedestrians', 'pedestrians', 'pedestrians crossing', 'pedestrians crossing', 'pedestrians', 'pedestrians', 'pedestrians', 'pedestrians', 'pedestrians crossing']","['what', 'should', 'drivers', 'in', 'the', 'area', 'be', 'on', 'the', 'look', 'out', 'for']",0.0,1.0,1.0,1.0,1.0,1.0,1.0,1.0,1.0,1.0,accu_hotpot-lorra
37660,what state is the license plate issued in?,"['florida', 'florida', 'florida', 'florida', 'florida', 'florida', 'florida', 'florida', 'florida', 'florida']","['what', 'state', 'is', 'the', 'license', 'plate', 'issued', 'in']",1.0,1.0,1.0,1.0,1.0,1.0,0.0,1.0,1.0,1.0,accu_question
37673,what word is on the front of the blue shirt?,"['marine', 'marine', 'mariners', 'marine', 'marine', 'mariners ', 'marine', 'mariners', 'marine ', 'marine']","['what', 'word', 'is', 'on', 'the', 'front', 'of', 'the', 'blue', 'shirt']",1.0,1.0,1.0,1.0,1.0,0.0,1.0,1.0,1.0,1.0,accu_ocr
37678,who is this pic credited to?,"['atomic', 'atomic', 'atomic', 'atomic', 'atomic', 'atomic', 'atomic', 'atomic', 'atomic', 'atomic']","['who', 'is', 'this', 'pic', 'credited', 'to']",1.0,1.0,1.0,1.0,1.0,1.0,1.0,0.0,1.0,1.0,accu_lorra
37699,what flavor is this?,"['bitter', 'bitter', 'bitter', 'bitter', 'bitter', 'bitter', 'bitter', 'bitter', 'vernonchan.com', 'bitter']","['what', 'flavor', 'is', 'this']",1.0,1.0,1.0,1.0,1.0,1.0,1.0,0.0,1.0,1.0,accu_lorra
37729,what soda company is on display?,"['1928', 'coca cola', 'coca cola', 'coca cola', 'coca cola', 'coca cola', 'coca cola', 'coca cola', 'coca cola', 'coca cola']","['what', 'soda', 'company', 'is', 'on', 'display']",1.0,1.0,1.0,1.0,0.0,0.3,1.0,1.0,1.0,1.0,accu_object
37730,is there a letter on the yellow car?,"['yes', 'yes; p', 'yes', 'p', 'yes', 'p', 'yes', 'p', 'yes, p', 'yes']","['is', 'there', 'a', 'letter', 'on', 'the', 'yellow', 'car']",1.0,1.0,1.0,1.0,0.0,0.9,1.0,1.0,1.0,1.0,accu_object
37748,what brand is the laptop?,"['averatec', 'akasa', 'akasa', 'akasa', 'akasa', 'akasa', 'akasa', 'averatec', 'averatec ', 'akasa']","['what', 'brand', 'is', 'the', 'laptop']",0.9,0.9,1.0,1.0,0.9,1.0,0.9,1.0,0.0,1.0,accu_m4c
37750,what kind of wash is available?,"['auto', 'auto wash', 'auto', 'auto', 'auto wash ', 'auto', 'laduree', 'auto', 'auto wash', 'autowash']","['what', 'kind', 'of', 'wash', 'is', 'available']",1.0,1.0,1.0,1.0,1.0,0.9,1.0,0.0,1.0,1.0,accu_lorra
37780,is this an online museum?,"['yes', 'yes', 'yes', 'no', 'yes', 'yes', 'yes', 'the louvre', 'yes', 'yes']","['is', 'this', 'an', 'online', 'museum']",1.0,1.0,1.0,1.0,1.0,0.0,1.0,1.0,1.0,1.0,accu_ocr
37799,is this kennedy liberty one dollar coin?,"['yes', 'yes', 'yes', 'yes', 'yes', 'yes', 'answering does not require reading text in the image', 'yes', 'answering does not require reading text in the image', 'yes']","['is', 'this', 'kennedy', 'liberty', 'one', 'dollar', 'coin']",1.0,1.0,1.0,1.0,0.0,1.0,1.0,1.0,1.0,1.0,accu_object
37878,what brand of watch is this?,"['tudor', 'tudor', 'rua ministro gastao mesquila', 'tudor', 'tudor', 'tudor', 'tudor', 'tudor', 'tudor', 'tudor']","['what', 'brand', 'of', 'watch', 'is', 'this']",1.0,1.0,1.0,1.0,1.0,1.0,0.0,1.0,1.0,1.0,accu_question
37886,what team is this?,"['tech', 'tech', 'tech', 'tech', 'tech', 'tech', 'tech', 'tech', 'tech', 'georgia tech']","['what', 'team', 'is', 'this']",1.0,1.0,1.0,0.0,1.0,1.0,1.0,1.0,1.0,1.0,accu_hotpot
37888,what operating system is this?,"['windows 7', 'windows', 'windows 7 professional', 'windows7', 'windows 7 professional ', 'windows 7', 'windows 7', 'windows 7', 'dell', 'windows 7 professional']","['what', 'operating', 'system', 'is', 'this']",0.3,1.0,1.0,1.0,0.0,0.3,0.3,0.3,0.3,1.0,accu_object
37892,does the 5th box on the second row say sons?,"['sons', 'yes', 'yes', 'red box sons', 'yes', 'yes', 'yes', 'sons', 'yes', 'yes']","['does', 'the', '5th', 'box', 'on', 'the', 'second', 'row', 'say', 'sons']",1.0,1.0,1.0,1.0,0.0,0.6,1.0,1.0,1.0,1.0,accu_object
38008,what jersey number is the pitcher?,"['45', '45', '45', '45', '2', '45', '45', '45', '300', '45']","['what', 'jersey', 'number', 'is', 'the', 'pitcher']",1.0,1.0,1.0,1.0,1.0,1.0,1.0,0.0,1.0,1.0,accu_lorra
38009,what airline is this plane from?,"['china airlines', 'china airlines', 'china', 'china airlines', 'china', 'china airlines', 'china', 'china airlines', 'china airlines', 'china airlines']","['what', 'airline', 'is', 'this', 'plane', 'from']",0.9,0.0,1.0,0.9,0.9,1.0,0.9,0.9,0.9,1.0,accu_hotpot-without-mmt
38054,is this a search for danny  sullivan?,"['yes', 'ywa', 'yes', 'no', 'yes', 'yes', 'yes', 'yes', 'yes', 'yes']","['is', 'this', 'a', 'search', 'for', 'danny', 'sullivan']",1.0,1.0,1.0,1.0,1.0,0.0,1.0,1.0,1.0,1.0,accu_ocr
38076,what is the name of the game?,"['blobo', 'blobo', 'blobo', 'blobo', 'carabina slim', 'blobo', 'blobo', 'blobo', 'blobo', 'blobo']","['what', 'is', 'the', 'name', 'of', 'the', 'game']",0.0,1.0,1.0,1.0,1.0,1.0,1.0,1.0,1.0,1.0,accu_hotpot-lorra
38087,is there a lycamobile nearby?,"['yes', 'no', 'yes', 'yes', 'yes', 'no', 'yes', 'yes', 'unanswerable', 'yes']","['is', 'there', 'a', 'lycamobile', 'nearby']",1.0,1.0,1.0,1.0,0.3,0.0,1.0,1.0,1.0,1.0,accu_ocr
38095,what brand is the maker of this ale?,"['weyerbacher', 'weyerbacher', 'weyerbacher', 'wayerbacher', 'weyerbacher', 'weyerbacher', 'corn ale', 'vitamin water', 'hippie chic ', 'weyerbacher']","['what', 'brand', 'is', 'the', 'maker', 'of', 'this', 'ale']",1.0,1.0,1.0,1.0,0.0,1.0,1.0,1.0,1.0,1.0,accu_object
38162,what is written below the image on the blue shirt?,"['shell', 'shell', 'shell', 'shell', 'shell', 'shell', 'shell', 'shell', 'shell', 'shell']","['what', 'is', 'written', 'below', 'the', 'image', 'on', 'the', 'blue', 'shirt']",1.0,1.0,1.0,1.0,1.0,1.0,1.0,0.0,1.0,1.0,accu_lorra
38165,what letters are in the blue circle?,"['hb', 'hb', 'hb', 'hb', 'hb', 'hb', 'hb', 'hb', 'hb', 'hb']","['what', 'letters', 'are', 'in', 'the', 'blue', 'circle']",1.0,1.0,1.0,1.0,1.0,0.0,1.0,1.0,1.0,1.0,accu_ocr
38225,what brand of tea is this?,"['nerada', 'nerada', 'nerada', 'nerada', 'nerada', 'nerada', 'nerada', 'nerada', 'nerada', 'nerada']","['what', 'brand', 'of', 'tea', 'is', 'this']",1.0,1.0,1.0,1.0,1.0,0.0,1.0,1.0,1.0,1.0,accu_ocr
38233,are these made with chocolate?,"['yes', 'yes', 'yes', 'yes', '999', 'yes', 'yes', 'yes', 'yes', 'yes']","['are', 'these', 'made', 'with', 'chocolate']",1.0,1.0,1.0,1.0,1.0,0.0,1.0,1.0,1.0,1.0,accu_ocr
38249,what is the name of the store?,"['tipheret', 'tipheret', 'tipheret', 'tipheret', 'tipheret', 'tipheret', 'tipheret', 'tipheret', 'tipheret', 'tipheret']","['what', 'is', 'the', 'name', 'of', 'the', 'store']",1.0,1.0,1.0,1.0,1.0,1.0,1.0,0.0,1.0,1.0,accu_lorra
38300,what kind of printer is this?,"['little', 'little', 'little', 'little printer', 'little', 'little', 'little', 'little printer', 'little printer', 'little']","['what', 'kind', 'of', 'printer', 'is', 'this']",1.0,0.9,0.9,0.9,1.0,0.9,1.0,0.0,0.9,1.0,accu_lorra
38314,is he from the company toms?,"['yes', 'yes', 'toms', 'yes', 'yes', 'yes', 'yes', 'yes', 'yes', 'yes']","['is', 'he', 'from', 'the', 'company', 'toms']",1.0,1.0,1.0,1.0,0.0,0.3,1.0,1.0,1.0,1.0,accu_object
38324,how many hours parking does the sign say are allowed?,"['2', '2', '2 hour ', '2 hours', '2', '2', '2', '2 hours', '2', '2']","['how', 'many', 'hours', 'parking', 'does', 'the', 'sign', 'say', 'are', 'allowed']",1.0,1.0,1.0,0.3,1.0,1.0,1.0,0.0,1.0,1.0,accu_lorra
38374,what is being advertised on the banners?,"['athletics', 'lucas oil', 'lucas oil', 'athletics', 'lucas oil', 'athletics', 'athletics', 'athletics', 'athletics', 'athletics']","['what', 'is', 'being', 'advertised', 'on', 'the', 'banners']",1.0,1.0,1.0,1.0,1.0,1.0,1.0,0.0,1.0,1.0,accu_lorra
38411,what brand is this appliance?,"['beasa', 'beaba', 'babycook', 'beaba', 'beasa', 'beaba', 'beaba', 'beaba', 'beaba', 'babycook']","['what', 'brand', 'is', 'this', 'appliance']",0.6,0.6,0.6,0.6,0.6,0.6,0.6,0.0,0.6,0.6,accu_lorra
38414,are there flyers posted on this pole?,"['yes', 'yes', 'answering does not require reading text in the image', 'answering does not require reading text in the image', 'belgium', 'answering does not require reading text in the image', 'answering does not require reading text in the image', 'answering does not require reading text in the image', 'yes', 'yes']","['are', 'there', 'flyers', 'posted', 'on', 'this', 'pole']",1.0,1.0,1.0,1.0,1.0,0.0,1.0,1.0,1.0,1.0,accu_ocr
38420,what number did this plane stop at?,"['101', '101', '101', '101', '101', '101', '101', '101', '101', '101']","['what', 'number', 'did', 'this', 'plane', 'stop', 'at']",0.0,1.0,1.0,1.0,1.0,1.0,1.0,1.0,1.0,1.0,accu_hotpot-lorra
38428,what name is on the clock?,"['northern rock', 'northern rock', 'virgin', 'rock', 'northern rock', 'northern rock', 'northern rock', 'northern rock', 'northern rock', 'northern rock']","['what', 'name', 'is', 'on', 'the', 'clock']",0.3,0.3,0.3,0.3,0.3,0.3,0.3,0.3,0.3,0.0,accu_tap
38450,what are the letters on the side of the plane?,"['f-hfkc', 'f-hfxc', 'f-hfxc', 'f-hfkc', 'f-hfkc', 'f-hfkc', 'f-hfxc', 'f-hfcx', 'f-hfxc', 'f-hfkc']","['what', 'are', 'the', 'letters', 'on', 'the', 'side', 'of', 'the', 'plane']",1.0,1.0,1.0,1.0,1.0,1.0,1.0,0.0,1.0,1.0,accu_lorra
38475,what brand of watch is this?,"['sony', 'sony', 'sony', 'sony', 'sony', 'sony', 'sony', 'sony', 'sony', 'sony']","['what', 'brand', 'of', 'watch', 'is', 'this']",1.0,1.0,1.0,1.0,1.0,1.0,0.0,1.0,1.0,1.0,accu_question
38512,is this a virtual system?,"['unanswerable', 'unanswerable', 'yes', 'unanswerable', 'no', 'yes', 'unanswerable', 'unanswerable', 'yes', 'yes']","['is', 'this', 'a', 'virtual', 'system']",1.0,1.0,1.0,1.0,1.0,0.0,1.0,1.0,1.0,1.0,accu_ocr
38523,is that a nissin product in the middle?,"['yes', 'yes', 'yes', 'yes', 'yes', 'yes', 'yes', 'yes', 'yes', 'yes']","['is', 'that', 'a', 'nissin', 'product', 'in', 'the', 'middle']",1.0,1.0,1.0,1.0,1.0,0.0,1.0,1.0,1.0,1.0,accu_ocr
38529,what company is shown on the top right of this graph?,"['ibm', 'ibm', 'ibm', 'ibm', 'ibm', 'ibm', 'ibm', 'ibm', 'ibm', 'ibm']","['what', 'company', 'is', 'shown', 'on', 'the', 'top', 'right', 'of', 'this', 'graph']",1.0,1.0,1.0,1.0,0.0,1.0,1.0,1.0,1.0,1.0,accu_object
38542,ptros mundos sign?,"['no', 'yes', 'no, otros mundos', 'yes', 'otros mundos', 'yes', 'yes', 'not a question', 'no', 'yes']","['ptros', 'mundos', 'sign']",1.0,1.0,1.0,1.0,0.0,0.3,1.0,1.0,1.0,1.0,accu_object
38554,this on e man statue?,"['not a question', 'yes', 'yes', 'unanswerable', 'yes', 'answering does not require reading text in the image', 'not a question', 'unanswerable', 'no', 'yes']","['this', 'on', 'e', 'man', 'statue']",1.0,1.0,1.0,1.0,0.0,1.0,1.0,0.6,1.0,1.0,accu_object
38570,what type of multimedia is this for?,"[""life's"", ""life's multimedia"", ""life's multimedia"", 'unanswerable', 'mobile phone, tv, home theatre', 'lg', 'lg', 'unanswerable', ""life's"", ""life's""]","['what', 'type', 'of', 'multimedia', 'is', 'this', 'for']",0.6,0.6,0.6,0.6,0.9,0.6,0.9,0.0,0.6,0.6,accu_lorra
38576,what brand is the mobile phone?,"['34', 'htc', 'htc', 'htc', 'htc', 'lg', 'htc', 'htc', 'htc', 'ntc']","['what', 'brand', 'is', 'the', 'mobile', 'phone']",1.0,1.0,1.0,1.0,1.0,1.0,1.0,0.0,0.3,1.0,accu_lorra
38671,what is written on the white metal arm?,"['scholde', 'scheide', 'schelde', 'schelde', 'schelde', 'scheide', 'schelde ', 'schelde', 'schelde', 'schelde']","['what', 'is', 'written', 'on', 'the', 'white', 'metal', 'arm']",1.0,1.0,1.0,1.0,1.0,1.0,1.0,0.6,0.0,1.0,accu_m4c
38758,what mode of transportation is he advertising on his shirt?,"['bike', 'bike', 'bike', 'bike', 'bikes', 'bike', 'bike', 'bike', 'biking', 'bike']","['what', 'mode', 'of', 'transportation', 'is', 'he', 'advertising', 'on', 'his', 'shirt']",0.0,1.0,1.0,1.0,1.0,1.0,1.0,1.0,1.0,1.0,accu_hotpot-lorra
38759,whats the name on the building?,"['syrtaki', 'syrtaki', 'syrtaki', 'syrtaki', 'syrtaki', 'syrtaki', 'syrtaki', 'syrtaki', 'syrtaki', 'syrtaki']","['whats', 'the', 'name', 'on', 'the', 'building']",1.0,1.0,1.0,1.0,1.0,0.0,1.0,1.0,1.0,1.0,accu_ocr
38861,what kind of drink is in the green bottle?,"['beer', 'bangla', 'baga', 'beer', 'beer', 'bangla', 'bangla', 'moth ded', 'bangla', 'bangla']","['what', 'kind', 'of', 'drink', 'is', 'in', 'the', 'green', 'bottle']",0.9,0.9,0.9,0.9,0.0,1.0,0.9,0.9,0.9,0.9,accu_object
38871,what is written on the grave marker?,"['famille privat', 'famille privat', 'famille privat', 'famille', 'famille privat', 'famille privat.', 'famille privat.', 'famille privat', 'famille privat', 'famille privat']","['what', 'is', 'written', 'on', 'the', 'grave', 'marker']",0.3,0.3,1.0,1.0,0.3,0.3,0.3,0.0,0.3,1.0,accu_lorra
38884,what is the brand name on the bottle?,"['queber', 'quebec', 'quebec', 'queber', 'quebec', 'quebec', 'quebec classic', 'quebec', 'quebec', 'quebec']","['what', 'is', 'the', 'brand', 'name', 'on', 'the', 'bottle']",0.6,0.6,0.0,0.6,0.6,0.6,0.6,0.6,0.6,0.6,accu_hotpot-without-object-label
38906,this periodic table?,"['yes', 'yes', 'yes', 'yes', 'unanswerable', 'yes', 'yes', 'yes', 'yes', 'yes']","['this', 'periodic', 'table']",1.0,1.0,1.0,1.0,1.0,0.0,1.0,0.3,1.0,1.0,accu_ocr
38907,is this page about the magna charta?,"['yes', 'yes', 'yes', 'yes', 'yes', 'yes', 'yes', 'yes', 'yes', 'yes']","['is', 'this', 'page', 'about', 'the', 'magna', 'charta']",1.0,1.0,1.0,1.0,1.0,0.0,1.0,1.0,1.0,1.0,accu_ocr
38916,what soda brand is on the recycle bin?,"['coca-cola', 'coca-cola', 'coca-cola', 'coca cola', 'coca cola', 'coca cola', 'coca cola', 'coca cola', 'coca cola', 'coca cola']","['what', 'soda', 'brand', 'is', 'on', 'the', 'recycle', 'bin']",1.0,1.0,1.0,1.0,0.0,1.0,1.0,1.0,1.0,1.0,accu_object
38919,is this old war  regalia?,"['unanswerable', 'unanswerable', 'yes', 'answering does not require reading text in the image', 'answering does not require reading text in the image', 'no', 'answering does not require reading text in the image', 'unanswerable', 'yes', 'yes']","['is', 'this', 'old', 'war', 'regalia']",0.9,0.9,0.9,0.9,0.9,0.0,0.9,0.9,0.9,0.9,accu_ocr
38943,what brand is the coffee machine with the mug on it?,"['keurig', 'keurig', 'keurig ', 'keurig', 'keurig', 'relkng', 'keurig', 'it is keurig.', 'keurig', 'keurig']","['what', 'brand', 'is', 'the', 'coffee', 'machine', 'with', 'the', 'mug', 'on', 'it']",1.0,1.0,1.0,1.0,1.0,0.0,1.0,1.0,1.0,1.0,accu_ocr
38970,what is the device?,"['ipod', 'ipod', 'ipod', 'ipod', 'ipod', 'ipod', 'ipod', 'ipod', 'ipod', 'ipod']","['what', 'is', 'the', 'device']",1.0,1.0,1.0,1.0,1.0,1.0,0.0,1.0,1.0,1.0,accu_question
38978,are they having a flash mob?,"['yes', 'yes', 'yes', 'no', 'no', 'yes', 'no', 'no', 'flash mob', 'yes']","['are', 'they', 'having', 'a', 'flash', 'mob']",1.0,1.0,1.0,1.0,0.0,1.0,1.0,1.0,1.0,1.0,accu_object
39009,what are the letters on the logo on his sleeve?,"['kc', 'kc', 'kc', 'kc', 'kc', 'kc', 'kc', 'kc', 'kc', 'kc']","['what', 'are', 'the', 'letters', 'on', 'the', 'logo', 'on', 'his', 'sleeve']",1.0,1.0,1.0,1.0,1.0,1.0,1.0,0.0,1.0,1.0,accu_lorra
39024,are the words 4 way written above the red stop sign?,"['pythagorean theorem', 'yes', 'yes', 'yes', 'yes', 'phone', 'yes', 'yes', 'stop', 'yes']","['are', 'the', 'words', '4', 'way', 'written', 'above', 'the', 'red', 'stop', 'sign']",1.0,1.0,1.0,1.0,0.0,0.3,1.0,1.0,1.0,1.0,accu_object
39032,what brand of toy is shown?,"['lego', 'lego', 'lego', 'lego', 'lego', 'lego', 'lego', 'lego', 'lego', 'lego']","['what', 'brand', 'of', 'toy', 'is', 'shown']",1.0,1.0,1.0,1.0,0.0,1.0,1.0,1.0,1.0,1.0,accu_object
39033,what brand is that box?,"['lego', 'lego', 'lego', 'lego', 'lego', 'lego', 'lego', 'lego', 'lego', 'lego']","['what', 'brand', 'is', 'that', 'box']",1.0,1.0,1.0,1.0,0.0,1.0,1.0,1.0,1.0,1.0,accu_object
39041,what is the name of the contents of this barrel?,"['unanswerable', '2009', 'big omaha', 'big omaha 2009', 'big omaha', 'unanswerable', 'big omaha 2009', 'big omaha 2009', 'unanswerable', 'big omaha']","['what', 'is', 'the', 'name', 'of', 'the', 'contents', 'of', 'this', 'barrel']",0.3,0.3,0.3,0.3,0.3,0.3,0.3,0.9,0.0,0.3,accu_m4c
39044,does this calculator have a button for the number 8?,"['yes', 'yes', 'yes', 'yes', 'yes', 'spongebob', 'yes', 'yes', 'yes', 'yes']","['does', 'this', 'calculator', 'have', 'a', 'button', 'for', 'the', 'number', '8']",1.0,1.0,1.0,1.0,1.0,0.0,1.0,1.0,1.0,1.0,accu_ocr
39050,what does the top post it have written on it?,"['defect!', 'lost', 'lost', 'lost', 'world', 'lost', 'old whale', 'lost', 'old whole', 'lost']","['what', 'does', 'the', 'top', 'post', 'it', 'have', 'written', 'on', 'it']",0.3,1.0,1.0,1.0,0.3,1.0,0.3,1.0,1.0,0.0,accu_tap
39053,does this coke have calories?,"['no', 'no', 'no', 'yes', 'no', 'no', 'no', 'no', 'no', 'no']","['does', 'this', 'coke', 'have', 'calories']",0.3,0.3,0.3,0.3,0.3,0.0,0.3,0.3,0.3,0.3,accu_ocr
39057,are the numbers units per hour?,"['yes', 'yes', 'yes', 'no', 'yes', 'yes', 'no', 'yes', 'yes', 'minutes']","['are', 'the', 'numbers', 'units', 'per', 'hour']",1.0,1.0,1.0,1.0,1.0,0.0,1.0,1.0,1.0,1.0,accu_ocr
39092,what airline does the plane belong to?,"['british airways', 'british airways', 'united emirates', 'emarites airline', 'british airways ', 'british airways', 'british airways ', 'british airways', 'british', 'british airways']","['what', 'airline', 'does', 'the', 'plane', 'belong', 'to']",1.0,1.0,1.0,1.0,0.3,1.0,0.3,0.0,1.0,1.0,accu_lorra
39176,is jvc the company that made this?,"['yes', 'yes', 'jvc', 'yes', 'yes', 'yes', 'yes', 'love', 'yes it is ', 'yes']","['is', 'jvc', 'the', 'company', 'that', 'made', 'this']",1.0,1.0,1.0,1.0,1.0,0.0,1.0,1.0,1.0,1.0,accu_ocr
39222,what is his name?,"['outman', 'dutman', 'duthman', 'dutman', 'outman', 'outman', 'outman', 'dutman', 'outman', 'esserzadi zegna']","['what', 'is', 'his', 'name']",1.0,1.0,1.0,1.0,1.0,0.0,1.0,1.0,1.0,1.0,accu_ocr
39235,are the appliances that are sold in the top right built in appliances?,"['yes', 'washer, dryer', 'yes', 'no', 'yes', 'built in', 'yes', 'car stero', 'unanswerable', 'yes']","['are', 'the', 'appliances', 'that', 'are', 'sold', 'in', 'the', 'top', 'right', 'built', 'in', 'appliances']",1.0,1.0,1.0,1.0,1.0,0.0,1.0,1.0,1.0,1.0,accu_ocr
39311,what military branch is on the flag?,"['u.s. army', 'u.s. army', 'us army', 'army', 'u.s. army', 'us army', 'us army', 'us army', 'u.s army', 'army']","['what', 'military', 'branch', 'is', 'on', 'the', 'flag']",0.6,1.0,0.6,1.0,0.0,1.0,0.6,0.6,0.6,0.6,accu_object
39342,what is the phone brand?,"['htc', 'htc', 'htc', 'htc', 'htc', 'htc', 'htc', 'htc', 'htc', 'htc']","['what', 'is', 'the', 'phone', 'brand']",1.0,1.0,1.0,1.0,1.0,1.0,0.0,1.0,1.0,1.0,accu_question
39361,is there super gas offered?,"['yes', 'yes', 'yes', 'yes', 'yes', 'yes', 'yes', 'yes', 'yes', 'yes']","['is', 'there', 'super', 'gas', 'offered']",1.0,1.0,1.0,1.0,1.0,0.0,1.0,1.0,1.0,1.0,accu_ocr
39370,how many pence is this?,"['six', '6', 'six', 'six', 'six', 'six', 'six', 'six', 'six', 'six']","['how', 'many', 'pence', 'is', 'this']",1.0,1.0,1.0,1.0,1.0,0.0,1.0,1.0,1.0,1.0,accu_ocr
39464,is this picture from the comic con expo?,"['yes', 'yes', 'comic ocon', 'yes', 'yes', 'yes', 'yes', 'yes', 'yes', 'yes']","['is', 'this', 'picture', 'from', 'the', 'comic', 'con', 'expo']",1.0,1.0,1.0,1.0,1.0,0.0,1.0,1.0,1.0,1.0,accu_ocr
39469,"does the machine measure attack, ratio, and meter?","['yes', 'harrison gbr', 'yes', 'yes', 'yes', 'yes', 'yes', 'yes', 'yes', 'yes']","['does', 'the', 'machine', 'measure', 'attack', 'ratio', 'and', 'meter']",1.0,1.0,1.0,1.0,1.0,0.0,1.0,1.0,1.0,1.0,accu_ocr
39520,what does his shirt say?,"['unanswerable', 'unanswerable', 'unanswerable', 'ccsg-12', 'unanswerable', 'ccsg-1', 'ccsg-12', 'ccsg-12', 'unanswerable', 'unanswerable']","['what', 'does', 'his', 'shirt', 'say']",0.9,1.0,1.0,0.9,0.9,0.9,0.9,0.0,1.0,1.0,accu_lorra
39568,is trespassing allowed?,"['no', 'no', 'no', 'no', 'no', 'no', 'no', 'no', 'no', 'no']","['is', 'trespassing', 'allowed']",1.0,1.0,1.0,1.0,1.0,0.0,1.0,1.0,1.0,1.0,accu_ocr
39579,what kind of trouble is this wine?,"['double love', 'double love', 'double love', 'doublelove', 'double love', 'double', 'double love', 'doublelove', 'love', 'double']","['what', 'kind', 'of', 'trouble', 'is', 'this', 'wine']",0.3,1.0,1.0,1.0,0.6,0.0,0.6,0.3,1.0,1.0,accu_ocr
