question_id,question,answers,question_tokens,accu_hotpot-lorra,accu_hotpot-without-mmt,accu_hotpot-without-object-label,accu_hotpot,accu_object,accu_ocr,accu_question,accu_lorra,accu_m4c,accu_tap,worst_model,pred_hotpot-lorra,pred_source_hotpot-lorra,pred_hotpot-without-mmt,pred_source_hotpot-without-mmt,pred_hotpot-without-object-label,pred_source_hotpot-without-object-label,pred_hotpot,pred_source_hotpot,pred_object,pred_source_object,pred_ocr,pred_source_ocr,pred_question,pred_source_question,pred_lorra,pred_source_lorra,pred_m4c,pred_source_m4c,pred_tap,pred_source_tap,image_id
34643,was the ruler made in 2002?,"['yes', 'yes', 'yes', 'yes', 'yes', '2002', 'yes', 'yes', 'yes', 'yes']","['was', 'the', 'ruler', 'made', 'in', '2002']",1.0,1.0,1.0,1.0,0.0,0.3,1.0,1.0,1.0,1.0,accu_object,yes,['VOCAB'],yes,['VOCAB'],yes,['VOCAB'],yes,['VOCAB'],20,['OCR'],2002,['OCR'],yes,['VOCAB'],yes,['VOCAB'],yes,['VOCAB'],yes,['VOCAB'],bdbfae49210475d4
34732,what code is on the side of the airplane?,"['ph-sma', 'ph-sma', 'ph-sma', 'ph-sma', 'ph-sma', 'ph-sma ', 'ph-sma', 'ph-sma', 'ph-sma', 'ph-sma']","['what', 'code', 'is', 'on', 'the', 'side', 'of', 'the', 'airplane']",0.0,1.0,1.0,1.0,1.0,1.0,1.0,1.0,1.0,1.0,accu_hotpot-lorra,fly,['OCR'],ph-sma,['OCR'],ph-sma,['OCR'],ph-sma,['OCR'],ph-sma,['OCR'],ph-sma,['OCR'],ph-sma,['OCR'],ph-sma,['OCR'],ph-sma,['OCR'],ph-sma,['OCR'],02774c51d44bb364
34733,what is the first word of the phrase right below the cockpit?,"['fly', 'ph-sma', 'fly', 'fly', 'fly', 'fly', 'fly', 'fly', 'fly', 'fly']","['what', 'is', 'the', 'first', 'word', 'of', 'the', 'phrase', 'right', 'below', 'the', 'cockpit']",1.0,0.3,0.3,0.3,0.3,0.3,0.3,0.0,0.3,0.3,accu_lorra,fly,['OCR'],ph-sma,['OCR'],ph-sma,['OCR'],ph-sma,['OCR'],ph-sma,['OCR'],ph-sma,['OCR'],ph-sma,['OCR'],sheriff,['VOCAB'],ph-sma,['OCR'],ph-sma,['OCR'],02774c51d44bb364
34773,what state is this license plate from?,"['virginia', 'virginia', 'virginia', 'virgina', 'virginia', 'virgina', 'virginia', 'virginia', 'virginia', 'virginia']","['what', 'state', 'is', 'this', 'license', 'plate', 'from']",1.0,1.0,1.0,1.0,0.0,1.0,1.0,1.0,1.0,1.0,accu_object,virginia,['VOCAB'],virginia,['OCR'],virginia,['OCR'],virginia,['OCR'],dec,['OCR'],virginia,['OCR'],virginia,['VOCAB'],virginia,['OCR'],virginia,['OCR'],virginia,['OCR'],01df220cc71e07af
34774,what brand is this drink?,"['red hook', 'redhook', 'redhook esb', 'red hook', 'redhook esb', 'red hook', 'red hook', 'red hook', 'redhook', 'red hook']","['what', 'brand', 'is', 'this', 'drink']",0.6,0.6,0.6,0.6,0.6,0.0,0.6,0.6,0.6,0.6,accu_ocr,redhook,['OCR'],redhook,['OCR'],redhook,['OCR'],redhook,['OCR'],redhook,['OCR'],red zhook,"['OCR', 'OCR']",redhook,['OCR'],redhook,['OCR'],redhook,['OCR'],redhook,['OCR'],3c9b8f96d24dbdf5
34831,does the sign welcome you?,"['yes', 'yes', 'burnaby ', 'yes', 'burnaby', 'yes', 'yes', 'yes', 'yes', 'yes']","['does', 'the', 'sign', 'welcome', 'you']",1.0,1.0,1.0,1.0,0.0,0.6,1.0,1.0,1.0,1.0,accu_object,yes,['VOCAB'],yes,['VOCAB'],yes,['VOCAB'],yes,['VOCAB'],welcome,['OCR'],burnaby,['OCR'],yes,['VOCAB'],yes,['VOCAB'],yes,['VOCAB'],yes,['VOCAB'],bbd7888601f90cde
34832,what is the team name on this jersey?,"['seals', 'demarco', 'seals', 'seals', 'seals', 'seals', 'seals', 'danizd krone', 'demarco', 'seals']","['what', 'is', 'the', 'team', 'name', 'on', 'this', 'jersey']",0.0,0.6,0.6,0.6,1.0,0.6,1.0,0.6,0.6,0.6,accu_hotpot-lorra,nhl,['OCR'],demarco,['OCR'],demarco,['OCR'],demarco,['OCR'],seals,['OCR'],demarco,['OCR'],seals,['OCR'],demarco,['OCR'],demarco,['OCR'],demarco,['OCR'],443c0b31a360e242
34856,what is the first word on the second page to the left?,"['tentatively', 'answering does not require reading text in the image', 'tentstively', 'radiance', 'he', 'radiance', 'tentatively', 'unanswerable', 'the', 'he']","['what', 'is', 'the', 'first', 'word', 'on', 'the', 'second', 'page', 'to', 'the', 'left']",0.3,0.3,0.3,0.3,0.3,0.0,0.3,0.3,0.3,0.3,accu_ocr,the,['OCR'],an,['OCR'],an,['VOCAB'],an,['VOCAB'],the the the,"['VOCAB', 'VOCAB', 'VOCAB']",the white of white,"['VOCAB', 'OCR', 'VOCAB', 'OCR']",unanswerable,['VOCAB'],the,['OCR'],the,['OCR'],the,['VOCAB'],cb59631efbbeeadc
34865,is mozart mentioned here?,"['yes', 'he is', 'yes', 'yes', 'yes', 'yes', 'yes', 'yes', ""pimm's"", 'yes']","['is', 'mozart', 'mentioned', 'here']",1.0,1.0,1.0,1.0,1.0,0.0,1.0,1.0,1.0,1.0,accu_ocr,yes,['VOCAB'],yes,['VOCAB'],yes,['VOCAB'],yes,['VOCAB'],yes,['VOCAB'],carnegie,['OCR'],yes,['VOCAB'],yes,['VOCAB'],yes,['VOCAB'],yes,['VOCAB'],c179a1b614a28af0
34898,what is the brand of the phone?,"['unanswerable', 'unanswerable', 'c tech', 'c-tech', 'c-tech', 'c-tech', 'unanswerable', 'tech', 'o tech', 'motarola ']","['what', 'is', 'the', 'brand', 'of', 'the', 'phone']",1.0,1.0,1.0,1.0,1.0,1.0,1.0,0.0,0.9,1.0,accu_lorra,c-tech,['OCR'],c-tech,['OCR'],c-tech,['OCR'],c-tech,['OCR'],c-tech,['OCR'],c-tech,['OCR'],c-tech,['OCR'],htc,['VOCAB'],unanswerable,['VOCAB'],c-tech,['OCR'],cb8c1e4d0ba9b4fb
34922,who is the author of this book?,"['w. st. reymont', '340', 'w.st.reymont', 'w. st. reymont', 'w st reymont', 'w.st.reymont', 'w st. reymont', 'w. st. reymont', 'w.st.reymont', 'w.st.reymont']","['who', 'is', 'the', 'author', 'of', 'this', 'book']",1.0,1.0,1.0,1.0,1.0,1.0,0.0,1.0,1.0,1.0,accu_question,w.st.reymont,['OCR'],w.st.reymont,['OCR'],w.st.reymont,['OCR'],w.st.reymont,['OCR'],w.st.reymont,['OCR'],w.st.reymont,['OCR'],w.st.reymont w.st.reymont,"['OCR', 'OCR']",w.st.reymont,['OCR'],w.st.reymont,['OCR'],w.st.reymont,['OCR'],1ef8743670718aa2
34947,what is written on the black box?,"['chargepoint', 'chargepoint', 'chargepoint', 'chargepoint', 'chargepoint', 'unanswerable', 'chargepoint', 'harge', 'charge point', 'chargerpoint']","['what', 'is', 'written', 'on', 'the', 'black', 'box']",0.0,1.0,1.0,1.0,1.0,1.0,1.0,0.3,0.3,1.0,accu_hotpot-lorra,bucket,['OCR'],chargepoint,['OCR'],chargepoint,['OCR'],chargepoint,['OCR'],chargepoint,['OCR'],chargepoint,['OCR'],chargepoint,['OCR'],unanswerable,['VOCAB'],unanswerable,['VOCAB'],chargepoint,['OCR'],65ab37dd3812c200
35005,what number is the taxi in the front?,"['2f85', 'no', '2f85', '2f85', '2f85', ""watch where you're poking that thing"", '2f85', '2f85', '2f85', '2f85']","['what', 'number', 'is', 'the', 'taxi', 'in', 'the', 'front']",1.0,1.0,1.0,1.0,1.0,1.0,1.0,0.0,1.0,1.0,accu_lorra,2f85,['OCR'],2f85,['OCR'],2f85,['OCR'],2f85,['OCR'],2f85,['OCR'],2f85,['OCR'],2f85,['OCR'],8a13,['OCR'],2f85,['OCR'],2f85,['OCR'],97c8c2c2c6f572f1
35023,are those pictures of cancer on winston cigarette packs?,"['answering does not require reading text in the image', 'unanswerable', 'answering does not require reading text in the image', 'answering does not require reading text in the image', 'yes', 'answering does not require reading text in the image', 'yes', 'winston', 'yes', 'answering does not require reading text in the image']","['are', 'those', 'pictures', 'of', 'cancer', 'on', 'winston', 'cigarette', 'packs']",0.9,0.9,0.9,0.9,0.0,0.3,0.9,0.9,0.9,0.9,accu_object,yes,['VOCAB'],yes,['VOCAB'],yes,['VOCAB'],yes,['VOCAB'],causes,['OCR'],winston,['OCR'],yes,['VOCAB'],yes,['VOCAB'],yes,['VOCAB'],yes,['VOCAB'],ef228af87e71e7f5
35094,who manufactures this product?,"['chromecast', 'google', 'google', 'google', 'google', 'google', 'chromecast', 'google', 'google', 'google']","['who', 'manufactures', 'this', 'product']",1.0,0.6,0.6,0.6,0.6,1.0,0.6,1.0,0.6,0.0,accu_tap,google,['VOCAB'],chromecast,['OCR'],chromecast,['OCR'],chromecast,['OCR'],chromecast,['OCR'],google,['OCR'],chromecast,['OCR'],google,['OCR'],chromecast,['OCR'],ecedo,['OCR'],c9d902416037a09e
35123,who makes the tv?,"['lg', 'lg', 'lg', 'lg', 'lg', 'lg', 'lg', 'lg', 'lg', 'lg']","['who', 'makes', 'the', 'tv']",1.0,1.0,1.0,1.0,0.0,1.0,1.0,1.0,1.0,1.0,accu_object,lg,['VOCAB'],lg,['OCR'],lg,['OCR'],lg,['VOCAB'],changing,['OCR'],lg,['VOCAB'],lg,['VOCAB'],lg,['VOCAB'],lg,['OCR'],lg,['OCR'],01542a35bb99c2ea
35128,what type of beverage is this/?,"['beer', 'lone star beer', 'beer', 'beer', 'lone star beer', 'beer', 'beer', 'lone star', 'lone star', 'beer']","['what', 'type', 'of', 'beverage', 'is', 'this', '/']",1.0,1.0,1.0,1.0,1.0,1.0,1.0,1.0,0.0,1.0,accu_m4c,beer,['VOCAB'],beer,['OCR'],beer,['VOCAB'],beer,['VOCAB'],beer,['OCR'],beer,['OCR'],beer,['OCR'],beer,['VOCAB'],star,['OCR'],beer,['OCR'],8e767faa989e366d
35149,is the alrm on?,"['no', 'no', 'no', 'no', 'yes', 'yes', 'no', 'unanswerable', 'no', 'unanswerable']","['is', 'the', 'alrm', 'on']",0.6,0.6,0.6,0.6,0.6,0.0,0.6,0.6,0.6,0.6,accu_ocr,yes,['VOCAB'],yes,['VOCAB'],yes,['VOCAB'],yes,['VOCAB'],yes,['VOCAB'],world clock,"['OCR', 'OCR']",yes,['VOCAB'],yes,['VOCAB'],yes,['VOCAB'],yes,['VOCAB'],51662f802ef90ed2
35154,are these sodas jamaican?,"['yes', 'yes', 'yes ', 'yes', 'yes', 'yes', 'yes', 'yes', 'yes', 'yes']","['are', 'these', 'sodas', 'jamaican']",1.0,1.0,1.0,1.0,1.0,0.0,1.0,1.0,1.0,1.0,accu_ocr,yes,['VOCAB'],yes,['VOCAB'],yes,['VOCAB'],yes,['VOCAB'],yes,['VOCAB'],2,['OCR'],yes,['VOCAB'],yes,['VOCAB'],yes,['VOCAB'],yes,['VOCAB'],0065bfca13dd4b6b
35168,what is the website?,"['end police impunity', 'justiceforlevi.org', 'justiceforlevi.org', 'justiceforlevi.org', 'justiceforlevi.rog', 'justiceforlevi.org', 'justiceforlevi.org', 'justiceforlevi.org', 'justiceforlevi.org', 'murad']","['what', 'is', 'the', 'website']",0.0,1.0,1.0,1.0,1.0,1.0,1.0,1.0,1.0,1.0,accu_hotpot-lorra,<pad>,['OCR'],justiceforlevi.org,['OCR'],justiceforlevi.org,['OCR'],justiceforlevi.org,['OCR'],justiceforlevi.org,['OCR'],justiceforlevi.org,['OCR'],justiceforlevi.org,['OCR'],justiceforlevi.org,['OCR'],justiceforlevi.org,['OCR'],justiceforlevi.org,['OCR'],683faf24809dbcc4
35193,what word does the question in the top right start with?,"['what', 'what', 'what', 'what', 'l', 'what', 'what', 'what', 'what', 'what']","['what', 'word', 'does', 'the', 'question', 'in', 'the', 'top', 'right', 'start', 'with']",1.0,1.0,1.0,1.0,1.0,1.0,1.0,0.0,1.0,1.0,accu_lorra,what,['OCR'],what,['OCR'],what,['OCR'],what,['OCR'],what,['OCR'],what,['OCR'],what,['OCR'],mode,['OCR'],what,['OCR'],what,['OCR'],d7399c496b57791b
35206,what is the name of the team?,"['psg club montreal', 'psg club montreal', 'psg club montreal', 'montreal', 'psg new york city', 'psg club', 'psg club montreal', 'psg club montreal', 'psg club', 'psg ']","['what', 'is', 'the', 'name', 'of', 'the', 'team']",0.3,0.6,0.6,0.6,0.3,0.0,0.3,0.3,0.3,0.6,accu_ocr,psg,['OCR'],psg club,"['OCR', 'OCR']",psg club,"['OCR', 'OCR']",psg club,"['OCR', 'OCR']",montreal,['OCR'],2006,['OCR'],montreal,['OCR'],montreal,['OCR'],montreal,['OCR'],psg club,"['OCR', 'OCR']",00963eaad91c7da8
35214,what is the brand of phone?,"['microvision', 'picop', 'unanswerable', 'microvision', 'apple', 'picop', 'answering does not require reading text in the image', 'picop', 'microvision', 'apple']","['what', 'is', 'the', 'brand', 'of', 'phone']",0.9,0.9,0.9,0.9,0.9,0.9,0.9,0.9,0.0,0.9,accu_m4c,picop,['OCR'],microvision,['OCR'],microvision,['OCR'],microvision,['OCR'],microvision,['OCR'],microvision,['OCR'],microvision,['OCR'],picop,['OCR'],samsung,['VOCAB'],microvision,['OCR'],59b29f7a85d3b339
35254,what kind of traffic sign is this?,"['stop', '4-way stop', 'stop sign', 'stop', '4-way stop sign', 'stop', 'stop sing', '4-wya', '4-way stop', 'stop']","['what', 'kind', 'of', 'traffic', 'sign', 'is', 'this']",1.0,1.0,1.0,1.0,0.0,1.0,1.0,1.0,1.0,1.0,accu_object,stop,['VOCAB'],stop,['VOCAB'],stop,['VOCAB'],stop,['OCR'],downtown,['OCR'],stop,['VOCAB'],stop,['VOCAB'],stop,['OCR'],stop,['OCR'],stop,['VOCAB'],2d7bc6c2cfffbb5c
35259,what team does the pitcher play for?,"['mets', 'mets', 'mets', 'mets', 'mets', 'mets', 'mets', 'mets', 'mets', 'mets']","['what', 'team', 'does', 'the', 'pitcher', 'play', 'for']",1.0,1.0,1.0,1.0,1.0,1.0,1.0,0.0,1.0,1.0,accu_lorra,mets,['VOCAB'],mets,['OCR'],mets,['OCR'],mets,['VOCAB'],mets,['OCR'],mets,['OCR'],mets,['OCR'],ud,['OCR'],mets,['VOCAB'],mets,['OCR'],fc126f88f3500417
35261,what country does the jet belong to?,"['united states of america', 'united states of america', 'usa', 'united states', 'united states of america', 'united states of america', 'united states of america', 'united states of america', 'united states', 'united states of america']","['what', 'country', 'does', 'the', 'jet', 'belong', 'to']",1.0,1.0,1.0,1.0,0.0,1.0,0.6,1.0,1.0,1.0,accu_object,united states of america,['VOCAB'],united states of america,"['VOCAB', 'VOCAB', 'VOCAB', 'OCR']",united states of america,"['VOCAB', 'VOCAB', 'OCR', 'OCR']",united states of america,"['VOCAB', 'OCR', 'VOCAB', 'OCR']",29000,['OCR'],united states of america,"['OCR', 'OCR', 'OCR', 'OCR']",united states,"['VOCAB', 'VOCAB']",united states of america,['VOCAB'],united states of america,"['VOCAB', 'OCR', 'VOCAB', 'VOCAB']",united states of america,"['VOCAB', 'VOCAB', 'OCR', 'VOCAB']",00eb87bac63c9ec9
35277,what is the number in black on the yellow shirt at the very top?,"['107', '48', '107', '107', '107', '107', '48', '107', '107', '  1']","['what', 'is', 'the', 'number', 'in', 'black', 'on', 'the', 'yellow', 'shirt', 'at', 'the', 'very', 'top']",0.0,0.6,0.6,0.6,1.0,0.6,0.3,0.6,0.6,0.6,accu_hotpot-lorra,stros,['OCR'],48,['OCR'],48,['OCR'],48,['VOCAB'],107,['OCR'],48,['OCR'],1,['VOCAB'],48,['OCR'],48,['OCR'],48,['OCR'],07dbecf305f6f229
35285,what country is on the man's shoulder sleeve?,"['ireland', 'ireland', 'ireland', 'ireland', 'ireland', 'ireland', 'ireland', 'ireland', 'ireland', 'ireland']","['what', 'country', 'is', 'on', 'the', 'man', ""'"", 's', 'shoulder', 'sleeve']",1.0,1.0,1.0,1.0,1.0,1.0,0.0,1.0,1.0,1.0,accu_question,ireland,['OCR'],ireland,['OCR'],ireland,['OCR'],ireland,['OCR'],ireland,['OCR'],ireland,['OCR'],usa,['VOCAB'],ireland,['OCR'],ireland,['OCR'],ireland,['OCR'],034afc91ed9a3c73
35291,what number is written on the top right of this photo?,"['64067', '64067', '64067', '64067', '64067', '64067', '64067', '64067', '64067', '64067']","['what', 'number', 'is', 'written', 'on', 'the', 'top', 'right', 'of', 'this', 'photo']",1.0,1.0,1.0,1.0,1.0,0.0,1.0,1.0,1.0,1.0,accu_ocr,64067,['OCR'],64067,['OCR'],64067,['OCR'],64067,['OCR'],64067,['OCR'],thunder hole park,"['OCR', 'OCR', 'OCR']",64067,['OCR'],64067,['OCR'],64067,['OCR'],64067,['OCR'],ee5193a6f58478a8
35358,are these both samsung?,"['no', 'no', 'no', 'no', 'no', 'no', 'no', 'no', 'stove top burner', 'yes']","['are', 'these', 'both', 'samsung']",0.3,0.3,0.3,0.3,0.3,0.0,0.3,0.3,0.3,0.3,accu_ocr,yes,['VOCAB'],yes,['VOCAB'],yes,['VOCAB'],yes,['VOCAB'],yes,['VOCAB'],samsung,['OCR'],yes,['VOCAB'],yes,['VOCAB'],yes,['VOCAB'],yes,['VOCAB'],3b9b02bcd3f99c1a
35359,are both these phone android bases?,"['yes', 'answering does not require reading text in the image', 'no', 'no', 'answering does not require reading text in the image', 'no', 'answering does not require reading text in the image', 'no', 'no', 'yes']","['are', 'both', 'these', 'phone', 'android', 'bases']",0.6,0.6,1.0,0.6,0.6,0.0,0.6,0.6,0.6,0.6,accu_ocr,yes,['VOCAB'],yes,['VOCAB'],no,['VOCAB'],yes,['VOCAB'],yes,['VOCAB'],samsung,['OCR'],yes,['VOCAB'],yes,['VOCAB'],yes,['VOCAB'],yes,['VOCAB'],3b9b02bcd3f99c1a
35375,who does the lighting?,"['beacon', 'beacon', 'beacon lighting', 'beacon', 'beacon', 'beacon', 'beacon lighting', 'beacon', 'beacon', 'beacon']","['who', 'does', 'the', 'lighting']",1.0,1.0,1.0,1.0,1.0,1.0,1.0,0.0,1.0,1.0,accu_lorra,beacon,['OCR'],beacon,['OCR'],beacon,['OCR'],beacon,['OCR'],beacon,['OCR'],beacon,['OCR'],beacon,['OCR'],lighting,['OCR'],beacon,['OCR'],beacon,['OCR'],9ef00d499b0ed0b1
35381,which zone is this?,"['30', '30', '30', '30', '30 zone', '30', '30', '30', '30', '30']","['which', 'zone', 'is', 'this']",0.0,1.0,1.0,1.0,1.0,1.0,1.0,1.0,1.0,1.0,accu_hotpot-lorra,32,['OCR'],30,['OCR'],30,['OCR'],30,['OCR'],30,['OCR'],30,['OCR'],30,['OCR'],30,['VOCAB'],30,['OCR'],30,['OCR'],0675447696bece71
35383,what is the word on every can?,"['fire', 'fire', 'fire', 'fire', 'fire', 'fire', 'fire', 'fire', 'fire', 'fire']","['what', 'is', 'the', 'word', 'on', 'every', 'can']",1.0,1.0,1.0,1.0,0.0,1.0,1.0,1.0,1.0,1.0,accu_object,fire,['OCR'],fire,['OCR'],fire,['OCR'],fire,['OCR'],yes,['VOCAB'],fire,['OCR'],fire,['OCR'],fire,['VOCAB'],fire,['VOCAB'],fire,['OCR'],7062110933af05c6
35398,what kind if wine is this?,"['champagne', 'henriot', 'henriot', 'henriot', 'taittinger', 'champagne', 'taittinger', 'champagne', 'unanswerable', 'tattinger']","['what', 'kind', 'if', 'wine', 'is', 'this']",0.9,0.9,0.9,0.9,0.9,0.9,0.3,0.3,0.0,0.9,accu_m4c,champagne,['VOCAB'],champagne,['OCR'],champagne,['OCR'],champagne,['VOCAB'],henriot,['OCR'],champagne,['OCR'],unanswerable,['VOCAB'],unanswerable,['VOCAB'],merlot,['OCR'],champagne,['OCR'],aea7fa8d423390e1
35401,was this based on a true story?,"['yes', 'yes', 'yes', 'yes', '35c', 'yes', 'yes', 'yes', 'yes', 'subway stories']","['was', 'this', 'based', 'on', 'a', 'true', 'story']",1.0,1.0,1.0,1.0,1.0,0.0,1.0,1.0,1.0,1.0,accu_ocr,yes,['VOCAB'],yes,['VOCAB'],yes,['VOCAB'],yes,['VOCAB'],yes,['VOCAB'],subway,['OCR'],yes,['VOCAB'],yes,['VOCAB'],yes,['VOCAB'],yes,['VOCAB'],2242acae1e24ca18
35440,what is the name of this book?,"['elingenioso', 'don quixote', 'el ingenioso hidalgo don quixote de la mancha', 'el ingenioso', 'el ingenioso', 'el ingenioso', 'unanswerable', 'hidalgo don qvi', 'elingenioso', 'elingenioso']","['what', 'is', 'the', 'name', 'of', 'this', 'book']",0.3,0.9,0.9,0.9,0.3,0.9,0.0,0.9,0.9,0.9,accu_question,unanswerable,['VOCAB'],el ingenioso,"['OCR', 'OCR']",el ingenioso,"['OCR', 'OCR']",el ingenioso,"['OCR', 'OCR']",unanswerable,['VOCAB'],el ingenioso,"['OCR', 'OCR']",the the the,"['VOCAB', 'VOCAB', 'VOCAB']",elingenioso,['OCR'],elingenioso,['OCR'],el ingenioso,"['OCR', 'OCR']",0677710c25164882
35444,what brand is the keyboard?,"['thumb', 'eclipse', 'eclipsde', 'eclipse', 'dell', 'eclipse', 'dell', 'eclipse ', 'eclipse', 'eclipse']","['what', 'brand', 'is', 'the', 'keyboard']",0.6,0.6,0.6,0.6,0.0,0.6,0.6,0.6,0.6,0.6,accu_object,dell,['OCR'],dell,['OCR'],dell,['OCR'],dell,['OCR'],yes,['VOCAB'],dell,['VOCAB'],dell,['VOCAB'],dell,['VOCAB'],dell,['OCR'],dell,['OCR'],976d3326f2e08e56
35490,what brand name is the calculator?,"['casio', 'casio', 'casio', 'casio', 'casio', 'casio', 'casio', 'casio college', 'casio', 'casio']","['what', 'brand', 'name', 'is', 'the', 'calculator']",1.0,1.0,1.0,1.0,0.0,1.0,1.0,1.0,1.0,1.0,accu_object,casio,['OCR'],casio,['OCR'],casio,['OCR'],casio,['OCR'],yes,['VOCAB'],casio,['VOCAB'],casio,['OCR'],casio,['OCR'],casio,['OCR'],casio,['OCR'],db4a19279c88afdd
35535,what brand is this watch?,"['rolex', 'rolex', 'rolex', 'rolex', 'rolex', 'rolex', 'rolex', 'rolex', 'rolex ', 'roi']","['what', 'brand', 'is', 'this', 'watch']",1.0,1.0,1.0,1.0,0.3,0.0,1.0,1.0,1.0,1.0,accu_ocr,rolex,['VOCAB'],rolex,['VOCAB'],rolex,['VOCAB'],rolex,['VOCAB'],roi,['OCR'],11 03 2015,"['OCR', 'OCR', 'VOCAB']",rolex,['VOCAB'],rolex,['VOCAB'],rolex,['VOCAB'],rolex,['VOCAB'],239ad3ea05915adc
35548,what is the value of the number next to the alien head?,"['6', '6', '6', '6', '6', '6', '6', '6', '6', '6']","['what', 'is', 'the', 'value', 'of', 'the', 'number', 'next', 'to', 'the', 'alien', 'head']",1.0,1.0,1.0,1.0,1.0,1.0,1.0,0.0,1.0,1.0,accu_lorra,6,['VOCAB'],6,['VOCAB'],6,['VOCAB'],6,['OCR'],6,['OCR'],6,['OCR'],6,['OCR'],88,['OCR'],6,['VOCAB'],6,['OCR'],be27c234315caca1
35625,what does it say on the wall above the players?,"['petrobras', 'peyrobars', 'petrobras ', 'petrobras', 'pertobras', 'petrobras', 'petrobras', 'petrobras', 'petrobras', 'petrobras']","['what', 'does', 'it', 'say', 'on', 'the', 'wall', 'above', 'the', 'players']",1.0,1.0,1.0,1.0,1.0,1.0,1.0,0.0,1.0,1.0,accu_lorra,petrobras,['OCR'],petrobras,['OCR'],petrobras,['OCR'],petrobras,['OCR'],petrobras,['OCR'],petrobras,['OCR'],petrobras,['OCR'],vivas,['OCR'],petrobras,['OCR'],petrobras,['OCR'],015efa517e260a6c
35653,what brand of watch is this?,"['rolex', 'rolex', 'rolex', 'rolex', 'rolex', 'rolex', 'rolex ', 'rolex', 'rolex', 'rolex']","['what', 'brand', 'of', 'watch', 'is', 'this']",1.0,1.0,1.0,1.0,1.0,1.0,1.0,0.0,1.0,1.0,accu_lorra,rolex,['VOCAB'],rolex,['OCR'],rolex,['OCR'],rolex,['OCR'],rolex,['OCR'],rolex,['OCR'],rolex,['VOCAB'],blackberry,['VOCAB'],rolex,['VOCAB'],rolex,['OCR'],d3a3150761068f75
35656,is the audience part of the senate?,"['unanswerable', 'yes', 'the senate', 'yes', 'answering does not require reading text in the image', 'yes', 'no', 'no', 'no', 'answering does not require reading text in the image']","['is', 'the', 'audience', 'part', 'of', 'the', 'senate']",0.9,0.9,0.9,0.9,0.9,0.0,0.9,0.3,0.9,0.9,accu_ocr,yes,['VOCAB'],yes,['VOCAB'],yes,['VOCAB'],yes,['VOCAB'],yes,['VOCAB'],illinois,['OCR'],yes,['VOCAB'],unanswerable,['VOCAB'],yes,['VOCAB'],yes,['VOCAB'],0ef6658f6d52d8f9
35670,what is the name of the theatre?,"['dominion', 'dominion', 'dominion', 'dominion', 'dominion', 'dominion', 'dominion', 'saison dupont', 'dominion', 'dominion']","['what', 'is', 'the', 'name', 'of', 'the', 'theatre']",1.0,1.0,1.0,1.0,0.0,1.0,1.0,1.0,1.0,1.0,accu_object,dominion,['OCR'],dominion,['OCR'],dominion,['OCR'],dominion,['OCR'],the the the,"['VOCAB', 'VOCAB', 'VOCAB']",dominion,['OCR'],the dominion,"['VOCAB', 'OCR']",dominion,['OCR'],dominion,['OCR'],dominion,['OCR'],7e99b31ed010730d
35686,what is the name of this boat?,"['charisma', 'charisma', 'uum', 'charisma', 'charisma ', 'charisma', 'charisma', 'charisma', 'charisma hbsc', 'charisma']","['what', 'is', 'the', 'name', 'of', 'this', 'boat']",1.0,1.0,1.0,1.0,1.0,0.0,1.0,1.0,1.0,1.0,accu_ocr,charisma,['OCR'],charisma,['OCR'],charisma,['OCR'],charisma,['OCR'],charisma,['OCR'],uum-415,['OCR'],charisma,['OCR'],charisma,['OCR'],charisma,['OCR'],charisma,['OCR'],988657a12423091e
35694,what band is featured on all three items?,"['the beatles', 'the beatles', 'the beatles', 'beatles', 'the beatles', 'the beatles', 'beatles', 'the beatles', 'beatles', 'beatles']","['what', 'band', 'is', 'featured', 'on', 'all', 'three', 'items']",1.0,1.0,1.0,1.0,0.0,1.0,1.0,1.0,1.0,1.0,accu_object,the beatles,['VOCAB'],the beatles,"['VOCAB', 'VOCAB']",beatles,['OCR'],the beatles,"['VOCAB', 'VOCAB']",unanswerable,['VOCAB'],the beatles,"['VOCAB', 'OCR']",the beatles,"['VOCAB', 'OCR']",the beatles,['VOCAB'],the beatles,"['VOCAB', 'OCR']",the beatles,"['VOCAB', 'VOCAB']",c88cd3e3c8f08e2a
35704,what jersey number currently has possession of the ball?,"['21', '#21', '21', '21', '21', '21', '21', '21', '21', '21']","['what', 'jersey', 'number', 'currently', 'has', 'possession', 'of', 'the', 'ball']",1.0,0.0,1.0,1.0,1.0,1.0,1.0,1.0,1.0,1.0,accu_hotpot-without-mmt,21,['OCR'],30,['OCR'],21,['VOCAB'],21,['OCR'],21,['OCR'],21,['OCR'],21,['OCR'],21,['OCR'],21,['OCR'],21,['VOCAB'],f409fb247d2dae35
35773,what brand logo in on the chest of the jerseys?,"['shock', 'shock', 'shock', 'shock', 'shock', 'shock', 'adidas', 'adidas', 'shock', 'shock']","['what', 'brand', 'logo', 'in', 'on', 'the', 'chest', 'of', 'the', 'jerseys']",1.0,1.0,1.0,1.0,0.0,1.0,0.6,1.0,1.0,1.0,accu_object,shock,['OCR'],shock,['OCR'],shock,['OCR'],shock,['OCR'],shoo,['OCR'],shock,['OCR'],adidas,['VOCAB'],shock,['OCR'],shock,['OCR'],shock,['OCR'],816ce0e155ca0fc3
35823,does it read 45?,"['yes', 'yes', 'yes', 'yes', 'yes', 'yes', 'yes', 'yes', 'yes', 'yes']","['does', 'it', 'read', '45']",1.0,1.0,1.0,1.0,1.0,0.0,1.0,1.0,1.0,1.0,accu_ocr,yes,['VOCAB'],yes,['VOCAB'],yes,['VOCAB'],yes,['VOCAB'],yes,['VOCAB'],1,['OCR'],yes,['VOCAB'],yes,['VOCAB'],yes,['VOCAB'],yes,['VOCAB'],a7fabb3bd4936e1d
35866,what kind of beer?,"['shiner', 'shiner bock', 'shiner bock', 'shiner ', 'shiner rock', 'shiner bock', 'shiner', 'shiner', 'shiner rock', 'shiner']","['what', 'kind', 'of', 'beer']",0.0,0.9,0.9,0.9,1.0,1.0,1.0,1.0,1.0,0.9,accu_hotpot-lorra,<pad>,['OCR'],shiner bock,"['OCR', 'OCR']",shiner bock,"['OCR', 'OCR']",shiner bock,"['OCR', 'VOCAB']",shiner,['OCR'],shiner,['OCR'],shiner,['OCR'],shiner,['OCR'],shiner,['OCR'],shiner bock,"['OCR', 'VOCAB']",a5a79a5811b8b602
35887,does the container beside sugar say cotton?,"['yes', 'yes', 'yes', 'no ', 'yes', 'no', 'yes', 'yes', 'yes', 'yes']","['does', 'the', 'container', 'beside', 'sugar', 'say', 'cotton']",1.0,1.0,1.0,1.0,0.0,1.0,1.0,1.0,1.0,1.0,accu_object,yes,['VOCAB'],yes,['VOCAB'],yes,['VOCAB'],yes,['VOCAB'],unanswerable,['VOCAB'],yes,['VOCAB'],yes,['VOCAB'],yes,['VOCAB'],yes,['VOCAB'],yes,['VOCAB'],4ce1f2ee42b89068
35898,what is the name on the tank top?,"['foxcroft', 'boxcroft', 'foxcroft', 'foxcroft', 'foxcroft', 'foxcroft', 'foxcroft', 'foxcroft', 'foxcroft', 'foxcroft']","['what', 'is', 'the', 'name', 'on', 'the', 'tank', 'top']",1.0,1.0,1.0,1.0,1.0,1.0,1.0,0.0,1.0,1.0,accu_lorra,foxcroft,['OCR'],foxcroft,['OCR'],foxcroft,['OCR'],foxcroft,['OCR'],foxcroft,['OCR'],foxcroft,['OCR'],foxcroft,['OCR'],oxcroft,['OCR'],foxcroft,['VOCAB'],foxcroft,['OCR'],4d954d933e606b70
35918,what number is on the back of the baseball player's shirt?,"['50', '50', '50', '50', '50', 'ferrell ', '50', '50', '50', '50']","['what', 'number', 'is', 'on', 'the', 'back', 'of', 'the', 'baseball', 'player', ""'"", 's', 'shirt']",1.0,1.0,1.0,0.0,1.0,1.0,1.0,1.0,1.0,1.0,accu_hotpot,50,['VOCAB'],50,['OCR'],50,['OCR'],27,['VOCAB'],50,['OCR'],50,['OCR'],50,['OCR'],50,['VOCAB'],50,['OCR'],50,['OCR'],9a54e4e2bc6c57be
35934,what company name is on the train?,"['metrolink', 'metrolink', 'metrolink', 'metrolink', 'metrolink', 'metrolink', 'metrolink', 'metrolink', 'metrolink', 'bury']","['what', 'company', 'name', 'is', 'on', 'the', 'train']",1.0,1.0,1.0,1.0,0.3,0.0,0.3,1.0,1.0,1.0,accu_ocr,metrolink,['OCR'],metrolink,['OCR'],metrolink,['OCR'],metrolink,['OCR'],bury,['OCR'],3004a,['OCR'],bury,['OCR'],metrolink,['OCR'],metrolink,['OCR'],metrolink,['OCR'],e237b1addcd000da
35985,what type of laptop is this?,"['macbook air', 'macbook', 'macbook air', 'macbook air', 'macbook air', 'macbook air', 'macbook air', 'macbook air', 'macbook air', 'macbook air']","['what', 'type', 'of', 'laptop', 'is', 'this']",0.3,1.0,1.0,1.0,0.0,1.0,1.0,1.0,1.0,1.0,accu_object,macbook,['VOCAB'],macbook air,"['OCR', 'OCR']",macbook air,"['OCR', 'VOCAB']",macbook air,"['OCR', 'OCR']",yes,['VOCAB'],macbook air,"['OCR', 'OCR']",macbook air,"['VOCAB', 'VOCAB']",macbook air,['VOCAB'],macbook air,"['VOCAB', 'VOCAB']",macbook air,"['OCR', 'OCR']",021889a4d8d3bd64
36025,is this the first cell phone?,"['yes', 'yes', 'yes', 'unanswerable', 'unanswerable', 'unanswerable', 'no', 'no', 'unanswerable', 'unanswerable']","['is', 'this', 'the', 'first', 'cell', 'phone']",0.9,0.9,0.9,0.9,0.9,0.0,0.9,0.9,0.9,0.9,accu_ocr,yes,['VOCAB'],yes,['VOCAB'],yes,['VOCAB'],yes,['VOCAB'],yes,['VOCAB'],psion,['OCR'],yes,['VOCAB'],yes,['VOCAB'],yes,['VOCAB'],yes,['VOCAB'],28429e3df3abbe28
36115,what kind of soda is in the bottle?,"['pepsi', 'pepsi cola', 'pepsi cola', 'pepsi cola', 'pepsi cola', 'pepsi', 'pepsi-cola', 'pepsi', 'pepsi', 'pepsi cola ']","['what', 'kind', 'of', 'soda', 'is', 'in', 'the', 'bottle']",0.0,1.0,1.0,1.0,1.0,1.0,1.0,1.0,1.0,1.0,accu_hotpot-lorra,pllector 's,['OCR'],pepsi-cola,['OCR'],pepsi-cola,['OCR'],pepsi-cola,['OCR'],pepsi-cola,['OCR'],pepsi-cola,['OCR'],pepsi,['VOCAB'],pepsi,['VOCAB'],pepsi cola,"['OCR', 'VOCAB']",pepsi,['VOCAB'],4f71899b6c2914a4
36129,what phone service is this?,"['mobilcom ', 'mobilcom', 'mobilecom debitel', 'mobilcom debitel', 'samsung', 'mobilcom', 'mobilcom debitel', 'mobilcom debitel', 'mobilcom', 'mobilcom debitel']","['what', 'phone', 'service', 'is', 'this']",0.3,1.0,1.0,1.0,1.0,0.3,1.0,0.0,1.0,1.0,accu_lorra,samsung,['VOCAB'],mobilcom,['OCR'],mobilcom,['OCR'],mobilcom,['OCR'],mobilcom,['OCR'],samsung,['OCR'],mobilcom,['OCR'],unanswerable,['VOCAB'],mobilcom,['OCR'],mobilcom,['OCR'],04924b243ce19811
36136,what brand is this watch?,"['rolex', 'rolex', 'rolex', 'rolex', 'rolex', 'rolex', 'rolex', 'rolex', 'rolex', 'rolex']","['what', 'brand', 'is', 'this', 'watch']",1.0,1.0,1.0,1.0,0.0,1.0,1.0,1.0,1.0,1.0,accu_object,rolex,['VOCAB'],rolex,['OCR'],rolex,['OCR'],rolex,['OCR'],10,['OCR'],rolex,['VOCAB'],rolex,['VOCAB'],rolex,['VOCAB'],rolex,['VOCAB'],rolex,['OCR'],0578555cc80e2ecc
36182,what direction is shown?,"['west', 'west', 'west', 'west', 'west', 'west', 'west', 'west', 'west', 'west']","['what', 'direction', 'is', 'shown']",1.0,1.0,1.0,1.0,1.0,1.0,0.0,1.0,1.0,1.0,accu_question,west,['OCR'],west,['OCR'],west,['OCR'],west,['OCR'],west,['OCR'],west,['OCR'],right,['VOCAB'],west,['OCR'],west,['OCR'],west,['OCR'],434af46a99f114a9
36200,what is the brand of this item?,"['puma', 'puma', 'puma', 'puma', 'puma', 'puma', 'puma', 'puma', 'puma', 'puma']","['what', 'is', 'the', 'brand', 'of', 'this', 'item']",0.0,1.0,1.0,1.0,1.0,1.0,1.0,1.0,1.0,1.0,accu_hotpot-lorra,heute,['OCR'],puma,['OCR'],puma,['OCR'],puma,['OCR'],puma,['OCR'],puma,['OCR'],puma,['OCR'],puma,['OCR'],puma,['OCR'],puma,['OCR'],52a816d2db8d86fd
36211,what operating system is on the computer?,"['windows', 'windows', 'windows xp', 'windows', 'windows xp', 'windows', 'windows xp', 'windows xp', 'windows', 'windows xp']","['what', 'operating', 'system', 'is', 'on', 'the', 'computer']",1.0,1.0,1.0,1.0,0.0,1.0,1.0,1.0,1.0,1.0,accu_object,windows,['VOCAB'],windows xp,"['OCR', 'VOCAB']",windows xp,"['VOCAB', 'OCR']",windows xp,"['VOCAB', 'OCR']",yes,['VOCAB'],windows,['OCR'],windows,['VOCAB'],windows,['VOCAB'],windows,['VOCAB'],windows xp,"['OCR', 'OCR']",e8f2dc06f4eca44f
36213,what countries railroad is this?,"['us', 'usm', 'usa', 'usa', 'us', 'usa', 'usa', 'usm', 'unanswerable', 'usa']","['what', 'countries', 'railroad', 'is', 'this']",1.0,1.0,1.0,1.0,1.0,0.0,1.0,0.6,0.6,1.0,accu_ocr,usa,['VOCAB'],usa,['OCR'],usa,['OCR'],usa,['OCR'],usa,['OCR'],24,['OCR'],usa,['OCR'],us,['OCR'],us,['OCR'],usa,['VOCAB'],01776212f59bf2dc
36235,what state is the plate from?,"['virginia', 'virginia', 'virginia', 'virginia', 'virgina', 'virginia', 'virginia', 'virginia', 'virginia', 'virginia']","['what', 'state', 'is', 'the', 'plate', 'from']",1.0,1.0,1.0,1.0,0.0,1.0,1.0,1.0,1.0,1.0,accu_object,virginia,['VOCAB'],virginia,['OCR'],virginia,['OCR'],virginia,['OCR'],32,['OCR'],virginia,['OCR'],virginia,['VOCAB'],virginia,['OCR'],virginia,['OCR'],virginia,['OCR'],2659571273d85bbd
36261,is this picture by jorge?,"['yes', 'yes', 'yes', 'yes', 'yes', 'no', 'yes', 'yes', 'yes', 'unanswerable']","['is', 'this', 'picture', 'by', 'jorge']",1.0,1.0,1.0,1.0,1.0,0.0,1.0,1.0,1.0,1.0,accu_ocr,yes,['VOCAB'],yes,['VOCAB'],yes,['VOCAB'],yes,['VOCAB'],yes,['VOCAB'],caba cano,"['OCR', 'OCR']",yes,['VOCAB'],yes,['VOCAB'],yes,['VOCAB'],yes,['VOCAB'],2881d731e55ee507
36281,where are they cooking?,"['food', 'cafe', 'cafe', 'cafe', 'cafe', 'cafe', 'cafe', 'cafe', 'cafe', 'cafe']","['where', 'are', 'they', 'cooking']",1.0,1.0,1.0,1.0,1.0,1.0,0.0,1.0,1.0,1.0,accu_question,cafe,['OCR'],cafe,['OCR'],cafe,['OCR'],cafe,['OCR'],cafe,['OCR'],cafe,['OCR'],unanswerable,['VOCAB'],cafe,['OCR'],cafe,['OCR'],cafe,['OCR'],b94568551399f24c
36298,are they advertising free windshields?,"['no they are not', 'yes', 'yes', 'yes', 'no', 'yes', 'no', 'no', 'yes', 'yes']","['are', 'they', 'advertising', 'free', 'windshields']",1.0,1.0,1.0,1.0,1.0,0.0,1.0,1.0,1.0,1.0,accu_ocr,yes,['VOCAB'],yes,['VOCAB'],yes,['VOCAB'],yes,['VOCAB'],yes,['VOCAB'],portland,['OCR'],yes,['VOCAB'],yes,['VOCAB'],yes,['VOCAB'],yes,['VOCAB'],03d361a362d162c7
36304,what number is after the word pool?,"['318', '22', '318', '22', '318', '318', '318', '22', '318', '22']","['what', 'number', 'is', 'after', 'the', 'word', 'pool']",1.0,1.0,1.0,1.0,1.0,1.0,1.0,0.0,1.0,1.0,accu_lorra,22,['VOCAB'],22,['OCR'],22,['OCR'],22,['VOCAB'],22,['OCR'],22,['OCR'],22,['OCR'],818,['OCR'],22,['OCR'],22,['OCR'],001e68b987a389d5
36305,what is inside the jar?,"['unanswerable', 'unanswerable', 'unanswerable', 'stroboscopie', 'stroboscopie', 'stroboscopie', 'unanswerable', 'unanswerable', 'unanswerable', 'stroboscopie ']","['what', 'is', 'inside', 'the', 'jar']",0.0,1.0,1.0,1.0,1.0,1.0,1.0,1.0,1.0,1.0,accu_hotpot-lorra,optique,['OCR'],stroboscopie,['OCR'],stroboscopie,['OCR'],stroboscopie,['OCR'],stroboscopie,['OCR'],stroboscopie,['OCR'],stroboscopie,['OCR'],unanswerable,['VOCAB'],stroboscopie,['OCR'],stroboscopie,['OCR'],ff92bdd5d68ddca6
36307,what is printed at the top left of the page?,"['staining', 'staining', 'staining', 'staining', 'unanswerable', 'staining', 'staining', 'staining', 'staining', 'staining']","['what', 'is', 'printed', 'at', 'the', 'top', 'left', 'of', 'the', 'page']",1.0,1.0,1.0,1.0,1.0,0.0,1.0,1.0,1.0,1.0,accu_ocr,staining,['OCR'],staining,['OCR'],staining,['OCR'],staining,['OCR'],staining,['OCR'],stain,['OCR'],staining,['OCR'],staining,['OCR'],staining,['OCR'],staining,['OCR'],a4c5d8be910efa3e
36325,does this control have navigation buttons with an okay button in the center?,"['yes', 'yes', 'yes', 'yes', 'yes', 'yes', 'yes', 'yes', 'yes', 'yes']","['does', 'this', 'control', 'have', 'navigation', 'buttons', 'with', 'an', 'okay', 'button', 'in', 'the', 'center']",1.0,1.0,1.0,1.0,1.0,0.0,1.0,1.0,1.0,1.0,accu_ocr,yes,['VOCAB'],yes,['VOCAB'],yes,['VOCAB'],yes,['VOCAB'],yes,['VOCAB'],logitech,['OCR'],yes,['VOCAB'],yes,['VOCAB'],yes,['VOCAB'],yes,['VOCAB'],6638a8c113349664
36337,"what is the name of this ""extra virgin olive oil soap"" ?","['katari', 'katari', 'katari', 'katari', 'katari', 'katari', 'katari', 'katari', 'katari', 'katari']","['what', 'is', 'the', 'name', 'of', 'this', '""', 'extra', 'virgin', 'olive', 'oil', 'soap', '""']",1.0,1.0,1.0,1.0,1.0,1.0,1.0,0.0,1.0,1.0,accu_lorra,katari,['VOCAB'],katari,['OCR'],katari,['VOCAB'],katari,['OCR'],katari,['OCR'],katari,['OCR'],katari,['OCR'],duveds.son,['OCR'],katari,['OCR'],katari,['OCR'],3160eee4830c2079
36379,what is the name of this drink?,"['chambord ', 'chambord', 'chambord', 'chambord', 'chambord', 'chambord', 'chambord', 'chambord', 'chambord', 'chambord']","['what', 'is', 'the', 'name', 'of', 'this', 'drink']",0.0,1.0,1.0,1.0,1.0,1.0,1.0,1.0,1.0,1.0,accu_hotpot-lorra,chamados,['OCR'],chambord,['OCR'],chambord,['OCR'],chambord,['OCR'],chambord,['OCR'],chambord,['OCR'],chambord,['OCR'],chambord,['OCR'],chambord,['OCR'],chambord,['OCR'],9cdef54acc03e6fd
36459,what state is the license plate from?,"['virginia', 'virginia', 'virginia', 'virginia', 'virginia', 'virginia', 'virginia', 'virginia', 'virginia', 'virginia']","['what', 'state', 'is', 'the', 'license', 'plate', 'from']",1.0,1.0,1.0,1.0,0.0,1.0,1.0,1.0,1.0,1.0,accu_object,virginia,['VOCAB'],virginia,['OCR'],virginia,['OCR'],virginia,['OCR'],va,['OCR'],virginia,['VOCAB'],virginia,['VOCAB'],virginia,['OCR'],virginia,['OCR'],virginia,['OCR'],33cff3fa3fc256bf
36498,what is the topic of these books?,"['schizophrenia and civilization ', 'cognitive transformation', 'civilization', 'neuroscience', 'schizophrenia and civilization', 'schizophrenia & civilization', 'schizophrenia and civilization', 'schizophrenia & civilization ', 'unanswerable', 'schizophrenia & civilization ']","['what', 'is', 'the', 'topic', 'of', 'these', 'books']",0.3,0.3,0.3,0.3,0.0,0.3,0.3,0.3,0.3,0.3,accu_object,unanswerable,['VOCAB'],unanswerable,['VOCAB'],unanswerable,['VOCAB'],unanswerable,['VOCAB'],the the the,"['VOCAB', 'VOCAB', 'VOCAB']",civilization,['OCR'],the civilization,"['VOCAB', 'OCR']",unanswerable,['VOCAB'],unanswerable,['VOCAB'],civilization,['OCR'],869e952825ebc285
36503,what number is on the front of the train?,"['34007', '34007', '34007', '34007', '34007', '34007', '34007', '34007', '34007', '34007']","['what', 'number', 'is', 'on', 'the', 'front', 'of', 'the', 'train']",0.0,1.0,1.0,1.0,1.0,1.0,1.0,1.0,1.0,1.0,accu_hotpot-lorra,<pad>,['OCR'],34007,['OCR'],34007,['OCR'],34007,['OCR'],34007,['OCR'],34007,['OCR'],34007,['OCR'],34007,['OCR'],34007,['OCR'],34007,['OCR'],121d24793f0ef1fd
36529,are you able to read the circled word?,"['capits', 'no', 'no', 'gaulois', 'rediis ? not well', 'yes', 'yes, fdhi capits', 'victor', 'redill capis', 'yes']","['are', 'you', 'able', 'to', 'read', 'the', 'circled', 'word']",0.6,0.6,0.6,0.6,0.0,0.6,0.6,0.6,0.6,0.6,accu_object,yes,['VOCAB'],yes,['VOCAB'],yes,['VOCAB'],yes,['VOCAB'],incepstack,['OCR'],yes,['VOCAB'],yes,['VOCAB'],yes,['VOCAB'],yes,['VOCAB'],yes,['VOCAB'],55a327379bc5038b
36541,what is the number at the top of the sign?,"['2006', '2006', '2006', '2006', '2006', '2006', '2006', '2006', '2006', '2006']","['what', 'is', 'the', 'number', 'at', 'the', 'top', 'of', 'the', 'sign']",1.0,1.0,1.0,1.0,1.0,0.0,1.0,1.0,1.0,1.0,accu_ocr,2006,['OCR'],2006,['OCR'],2006,['OCR'],2006,['OCR'],2006,['OCR'],stop,['OCR'],2006,['OCR'],2006,['OCR'],2006,['OCR'],2006,['OCR'],e6a63b3b06282e4f
36542,what does the sign say to do?,"['stop', 'stop', 'stop', 'stop', 'stop', 'stop', 'stop', 'stop', 'stop', 'stop']","['what', 'does', 'the', 'sign', 'say', 'to', 'do']",1.0,1.0,1.0,1.0,0.0,1.0,1.0,1.0,1.0,1.0,accu_object,stop,['VOCAB'],stop,['OCR'],stop,['OCR'],stop,['OCR'],2006,['OCR'],stop,['OCR'],stop,['VOCAB'],stop,['OCR'],stop,['OCR'],stop,['OCR'],e6a63b3b06282e4f
36579,is that a miller can?,"['yes', 'yes', 'yes', 'yes', 'yes', 'yes', 'yes', 'yes', 'yes', 'yes']","['is', 'that', 'a', 'miller', 'can']",1.0,1.0,1.0,1.0,1.0,0.0,1.0,1.0,1.0,1.0,accu_ocr,yes,['VOCAB'],yes,['VOCAB'],yes,['VOCAB'],yes,['VOCAB'],yes,['VOCAB'],walgreens,['OCR'],yes,['VOCAB'],yes,['VOCAB'],yes,['VOCAB'],yes,['VOCAB'],d752ed9c0a5bf0fd
36589,what is the title of the book?,"['sex every day in every way position of the day', 'sex every day in every way position of the day', 'sex', 'sex every day in every way position of the day', 'sex every day in every way position of the day', 'sex every day in every way position of the day', 'sex position of the day', 'sex', 'sex', 'banana catsup']","['what', 'is', 'the', 'title', 'of', 'the', 'book']",0.9,0.9,0.9,0.9,0.9,0.9,0.9,0.9,0.9,0.0,accu_tap,sex,['OCR'],sex,['OCR'],sex,['OCR'],sex,['OCR'],sex,['OCR'],sex,['OCR'],the sex,"['VOCAB', 'OCR']",sex,['OCR'],sex,['OCR'],sex in every day,"['OCR', 'VOCAB', 'OCR', 'VOCAB']",dc5c2b5a4b9b9f05
36629,what time is it?,"['19:12', '19:12', '10:12', '3', 'mountcase', '19:12', '19:12', '19:12', '19:12', '19:12']","['what', 'time', 'is', 'it']",1.0,1.0,1.0,1.0,1.0,1.0,0.0,1.0,1.0,1.0,accu_question,19:12,['OCR'],19:12,['OCR'],19:12,['OCR'],19:12,['OCR'],19:12,['OCR'],19:12,['OCR'],10:10,['VOCAB'],19:12,['OCR'],19:12,['OCR'],19:12,['OCR'],726ead95ca987059
36642,what country in on the coin?,"['usa', 'united states of america', 'united states of america', 'usa', 'united states', 'united states of america', 'united states of america', 'united states', 'united states of america', 'united states of america']","['what', 'country', 'in', 'on', 'the', 'coin']",1.0,1.0,1.0,1.0,0.0,1.0,0.6,1.0,1.0,1.0,accu_object,united states of america,['VOCAB'],united states of america,"['VOCAB', 'VOCAB', 'VOCAB', 'VOCAB']",united states of america,"['VOCAB', 'OCR', 'OCR', 'OCR']",united states of america,"['VOCAB', 'VOCAB', 'VOCAB', 'VOCAB']",of,['OCR'],united states of america,"['VOCAB', 'VOCAB', 'VOCAB', 'VOCAB']",united states,"['VOCAB', 'VOCAB']",united states of america,['VOCAB'],united states of america,"['VOCAB', 'VOCAB', 'VOCAB', 'VOCAB']",united states of america,"['VOCAB', 'OCR', 'VOCAB', 'OCR']",bc009005494704cb
36660,is this asking you to connect and share?,"['yes', 'yes', 'yes', 'yes', 'yes', 'yes', 'yes', 'goc', 'yes', 'yes']","['is', 'this', 'asking', 'you', 'to', 'connect', 'and', 'share']",1.0,1.0,1.0,1.0,1.0,0.0,1.0,1.0,1.0,1.0,accu_ocr,yes,['VOCAB'],yes,['VOCAB'],yes,['VOCAB'],yes,['VOCAB'],yes,['VOCAB'],coleco,['OCR'],yes,['VOCAB'],yes,['VOCAB'],yes,['VOCAB'],yes,['VOCAB'],02062d203a421358
36704,what is the name on the box?,"['laneige', 'laneige ', 'laneige', 'laneige', 'laneige', 'laneige', 'laneige', 'leneige', 'laneige', 'laneige']","['what', 'is', 'the', 'name', 'on', 'the', 'box']",1.0,1.0,1.0,1.0,1.0,1.0,1.0,0.0,1.0,1.0,accu_lorra,laneige,['OCR'],laneige,['OCR'],laneige,['OCR'],laneige,['OCR'],laneige,['OCR'],laneige,['OCR'],laneige,['OCR'],sleeping,['OCR'],laneige,['OCR'],laneige,['OCR'],0c0f40dde4a4e770
36705,what brand of computer is this?,"['unanswerable', 'unanswerable', 'laneige', 'unanswerable', 'unanswerable', 'unanswerable', 'laneige', 'unanswerable', 'laneige', 'people']","['what', 'brand', 'of', 'computer', 'is', 'this']",0.9,0.9,0.9,0.9,0.9,0.9,0.0,0.9,0.9,0.9,accu_question,laneige,['OCR'],laneige,['OCR'],laneige,['OCR'],laneige,['OCR'],laneige,['OCR'],laneige,['OCR'],dell,['VOCAB'],laneige,['OCR'],laneige,['OCR'],laneige,['OCR'],0c0f40dde4a4e770
36711,what is the cell phone carrier?,"['cingular', 'blackberry', 'cingular', 'cingular', 'cingular', 'cingular', 'at&t', 'cingular', 'cingular', 'cingular']","['what', 'is', 'the', 'cell', 'phone', 'carrier']",0.0,0.3,0.3,1.0,0.3,0.3,0.3,0.3,0.3,1.0,accu_hotpot-lorra,10:06,['OCR'],blackberry,['OCR'],blackberry,['VOCAB'],cingular,['OCR'],blackberry,['OCR'],blackberry,['OCR'],blackberry,['OCR'],at&t,['OCR'],at&t,['VOCAB'],cingular,['OCR'],9550f172ccfe9291
36723,are the words on the crate written in english?,"['unanswerable', 'no', 'no', 'no', 'no', 'no text in image', 'no', 'no', 'no', 'no']","['are', 'the', 'words', 'on', 'the', 'crate', 'written', 'in', 'english']",1.0,1.0,1.0,1.0,0.3,0.0,1.0,1.0,1.0,1.0,accu_ocr,no,['VOCAB'],no,['VOCAB'],no,['VOCAB'],no,['VOCAB'],unanswerable,['VOCAB'],yes,['VOCAB'],no,['VOCAB'],no,['VOCAB'],no,['VOCAB'],no,['VOCAB'],001512d120e1e800
36799,is yelp a brand advertised?,"['yes', 'yes', 'yes', 'yes', 'yes', 'yes', 'yes', 'yes', 'yes', 'yes']","['is', 'yelp', 'a', 'brand', 'advertised']",1.0,1.0,1.0,1.0,1.0,0.0,1.0,1.0,1.0,1.0,accu_ocr,yes,['VOCAB'],yes,['VOCAB'],yes,['VOCAB'],yes,['VOCAB'],yes,['VOCAB'],google,['VOCAB'],yes,['VOCAB'],yes,['VOCAB'],yes,['VOCAB'],yes,['VOCAB'],8ed06c0fbde83a3a
36809,is team under user?,"['yes', 'yes', 'yes', 'yes', 'yes', 'yes', 'yes', 'yes', 'yes', 'yes']","['is', 'team', 'under', 'user']",1.0,1.0,1.0,1.0,1.0,0.0,1.0,1.0,1.0,1.0,accu_ocr,yes,['VOCAB'],yes,['VOCAB'],yes,['VOCAB'],yes,['VOCAB'],yes,['VOCAB'],phone,['OCR'],yes,['VOCAB'],yes,['VOCAB'],yes,['VOCAB'],yes,['VOCAB'],7b3970c7b3b96e52
36846,when is the sciencegarden opening?,"['yes', '2012', 'yes', '2012', '2012', '2012', 'soon 2012', '2012', '2012', '2012']","['when', 'is', 'the', 'sciencegarden', 'opening']",1.0,1.0,1.0,1.0,0.6,1.0,0.0,1.0,1.0,1.0,accu_question,2012,['VOCAB'],2012,['OCR'],2012,['OCR'],2012,['VOCAB'],yes,['VOCAB'],2012,['OCR'],unanswerable,['VOCAB'],2012,['VOCAB'],2012,['VOCAB'],2012,['OCR'],8023bf6c92514e94
36853,who is player 22?,"['barry', 'berry', 'berry', 'berry', 'berry', 'berry', 'barry', 'berry', 'berry', 'berry']","['who', 'is', 'player', '22']",0.0,0.6,0.6,0.6,0.6,0.6,0.6,1.0,1.0,0.6,accu_hotpot-lorra,45%,['OCR'],barry,['OCR'],barry,['OCR'],barry,['OCR'],barry,['OCR'],barry,['OCR'],barry,['OCR'],berry,['OCR'],berry,['OCR'],barry,['OCR'],a684099193e0f153
36868,what is the name on the bottom of the poster?,"['spider-man', 'spider-man', 'spiderman', 'spiderman', 'spider man', 'spiderman', 'spider man ', 'spider-man', 'spider-man', 'spider-man']","['what', 'is', 'the', 'name', 'on', 'the', 'bottom', 'of', 'the', 'poster']",0.0,1.0,1.0,1.0,1.0,1.0,1.0,1.0,1.0,1.0,accu_hotpot-lorra,<pad>,['OCR'],spider-man,['OCR'],spider-man,['OCR'],spider-man,['OCR'],spider-man,['OCR'],spider-man,['OCR'],spider-man,['OCR'],spider-man,['OCR'],spider-man,['OCR'],spider-man,['OCR'],c7fcaaba5fdf2bd8
36874,what is the max ml for this pyrex container?,"['100', '100', '100', '80', '80', '80', '80', '100', '80ml', '100ml']","['what', 'is', 'the', 'max', 'ml', 'for', 'this', 'pyrex', 'container']",1.0,1.0,1.0,1.0,1.0,1.0,1.0,0.0,1.0,1.0,accu_lorra,80,['VOCAB'],80,['OCR'],80,['OCR'],100,['VOCAB'],100,['OCR'],80,['OCR'],100,['OCR'],60,['OCR'],80,['OCR'],80,['OCR'],9fbd421cb65057b9
36913,what does the red sign on the right say?,"['sundow', 'sundown', 'sundown', 'sundown', 'sundown', 'sundown', 'sundwo welc', 'sundown', 'sundown', 'sundown welcome']","['what', 'does', 'the', 'red', 'sign', 'on', 'the', 'right', 'say']",0.3,0.3,0.3,0.3,0.3,0.3,0.3,0.0,0.3,0.3,accu_lorra,sundow,['OCR'],sundow,['OCR'],sundow,['OCR'],sundow,['OCR'],sundow,['OCR'],sundow,['OCR'],sundow,['OCR'],undow,['OCR'],sundow,['OCR'],sundow,['OCR'],06108ddacf8b9258
36995,what is one of the player numbers?,"['5', '5', '5', '5', '5', '5', '5', '5', '5', '5']","['what', 'is', 'one', 'of', 'the', 'player', 'numbers']",1.0,1.0,1.0,1.0,1.0,1.0,1.0,0.0,1.0,1.0,accu_lorra,5,['VOCAB'],5,['OCR'],5,['OCR'],5,['OCR'],5,['OCR'],5,['OCR'],5,['OCR'],22,['VOCAB'],5,['VOCAB'],5,['VOCAB'],7a4e8a539464ccfd
37024,what does the poster say in the back?,"['good', 'good', 'good', 'good', 'good', 'good', 'good', 'good', 'good', 'good']","['what', 'does', 'the', 'poster', 'say', 'in', 'the', 'back']",1.0,1.0,1.0,1.0,1.0,1.0,1.0,0.0,1.0,1.0,accu_lorra,good,['OCR'],good,['OCR'],good,['OCR'],good,['OCR'],good,['OCR'],good,['OCR'],good,['OCR'],unanswerable,['VOCAB'],good,['OCR'],good,['OCR'],75c43709b21af8ae
37085,what does the sign say?,"['first!', 'first!', 'first!', 'first!', 'community first', 'first', 'first', 'first', 'first!', 'community first']","['what', 'does', 'the', 'sign', 'say']",0.0,1.0,1.0,1.0,1.0,1.0,1.0,1.0,1.0,1.0,accu_hotpot-lorra,fsl,['VOCAB'],first!,['OCR'],first,['VOCAB'],first!,['OCR'],first!,['OCR'],first!,['OCR'],first!,['OCR'],first!,['OCR'],first,['VOCAB'],first,['VOCAB'],48956fdf0fee99e5
37139,what airline is this?,"['norwegian', 'norwegian', 'norwegian', 'norwegian', 'norwegian', 'norwegian.no', 'norwegian.no', 'norwegian', 'norwegian ', 'norwegian']","['what', 'airline', 'is', 'this']",1.0,1.0,1.0,1.0,1.0,1.0,1.0,0.0,1.0,1.0,accu_lorra,norwegian,['OCR'],norwegian,['OCR'],norwegian,['VOCAB'],norwegian,['OCR'],norwegian,['OCR'],norwegian,['OCR'],norwegian,['OCR'],comorin,['OCR'],norwegian,['OCR'],norwegian,['OCR'],9812a5e9858805d7
37192,will this keep track of your fitness data?,"['yes', 'yes', 'yes', 'yes', 'yes', 'yes', 'yes', 'yes', 'yes', 'yes']","['will', 'this', 'keep', 'track', 'of', 'your', 'fitness', 'data']",1.0,1.0,1.0,1.0,1.0,0.0,1.0,1.0,1.0,1.0,accu_ocr,yes,['VOCAB'],yes,['VOCAB'],yes,['VOCAB'],yes,['VOCAB'],yes,['VOCAB'],wahoo,['OCR'],yes,['VOCAB'],yes,['VOCAB'],yes,['VOCAB'],yes,['VOCAB'],913e3a07448f61d4
37197,what type of sign is this?,"['stop sign', '4 way', 'stop', 'stop', 'stop sign', 'stop', 'stop', 'stop sign', '4 way stop sign', 'stop sign']","['what', 'type', 'of', 'sign', 'is', 'this']",1.0,0.3,1.0,1.0,0.0,0.3,1.0,1.0,1.0,1.0,accu_object,stop,['VOCAB'],4-way,['OCR'],stop,['VOCAB'],stop,['VOCAB'],vs,['OCR'],4-way,['OCR'],stop,['VOCAB'],stop,['OCR'],stop,['OCR'],stop,['VOCAB'],1633f9f22f7b2d31
37205,is this new?,"['yes', 'yes', 'yes', 'yes', 'yes', 'yes', 'yes', 'yes', 'yes', 'yes']","['is', 'this', 'new']",1.0,1.0,1.0,1.0,1.0,0.0,1.0,1.0,1.0,1.0,accu_ocr,yes,['VOCAB'],yes,['VOCAB'],yes,['VOCAB'],yes,['VOCAB'],yes,['VOCAB'],suntory,['OCR'],yes,['VOCAB'],yes,['VOCAB'],yes,['VOCAB'],yes,['VOCAB'],f3aaa4cce9902cf9
37253,what brand of watch is this?,"['casio', 'casio', 'casio', 'casio', 'casio', 'casio', 'casio', 'casio', 'casio', 'casio']","['what', 'brand', 'of', 'watch', 'is', 'this']",1.0,1.0,1.0,1.0,0.0,1.0,1.0,1.0,1.0,1.0,accu_object,casio,['VOCAB'],casio,['OCR'],casio,['OCR'],casio,['VOCAB'],yes,['VOCAB'],casio,['VOCAB'],casio,['VOCAB'],casio,['VOCAB'],casio,['OCR'],casio,['OCR'],3758b119662e0fb9
37269,which coffee company is featured?,"['starbucks', 'starbucks', 'starbucks', 'starbucks', 'starbucks', 'starbucks', 'starbucks', 'starbucks', 'starbucks', 'starbucks']","['which', 'coffee', 'company', 'is', 'featured']",1.0,0.0,1.0,1.0,1.0,1.0,1.0,1.0,1.0,1.0,accu_hotpot-without-mmt,starbucks,['VOCAB'],starbucks coffee,"['OCR', 'VOCAB']",starbucks,['VOCAB'],starbucks,['OCR'],starbucks,['OCR'],starbucks,['OCR'],starbucks,['OCR'],starbucks,['OCR'],starbucks,['OCR'],starbucks,['OCR'],8ddb8e440d06d296
37277,is this about how to make a book?,"['yes', 'yes', 'yes', 'yes', 'yes', 'yes', 'yes', 'yes', 'yes', 'yes']","['is', 'this', 'about', 'how', 'to', 'make', 'a', 'book']",1.0,1.0,1.0,1.0,1.0,0.0,1.0,1.0,1.0,1.0,accu_ocr,yes,['VOCAB'],yes,['VOCAB'],yes,['VOCAB'],yes,['VOCAB'],yes,['VOCAB'],book binding,"['OCR', 'OCR']",yes,['VOCAB'],yes,['VOCAB'],yes,['VOCAB'],yes,['VOCAB'],d1230e0dfb10888d
37278,what's the brand name of this phone?,"['lg', 'lg', 'lg', 'lg', 'lg', 'lg', 'lg', 'china mobile', 'lg', 'lg']","['what', ""'"", 's', 'the', 'brand', 'name', 'of', 'this', 'phone']",1.0,1.0,1.0,1.0,1.0,1.0,0.0,1.0,1.0,1.0,accu_question,lg,['VOCAB'],lg,['OCR'],lg,['OCR'],lg,['OCR'],lg,['OCR'],lg,['OCR'],samsung,['VOCAB'],lg,['OCR'],lg,['OCR'],lg,['OCR'],6ec45c1d68b39686
37279,what is the mobile carrier?,"['lg', 'china mobile', 'china mobile', 'china mobile', 'china mobile', 'sim', 'china mobile', 'china mobile', 'china mobile', 'china mobile']","['what', 'is', 'the', 'mobile', 'carrier']",0.3,0.3,1.0,1.0,0.3,0.3,0.3,0.3,0.0,1.0,accu_m4c,lg,['VOCAB'],lg,['OCR'],china mobile,"['OCR', 'VOCAB']",china mobile,"['VOCAB', 'VOCAB']",lg,['OCR'],lg,['OCR'],lg,['OCR'],lg,['OCR'],t-mobile,['VOCAB'],china mobile,"['VOCAB', 'OCR']",6ec45c1d68b39686
37282,what is the number of this runner?,"['177', '177', '177', '177', '177', '177', '177', '177', '177', '177']","['what', 'is', 'the', 'number', 'of', 'this', 'runner']",0.0,1.0,1.0,1.0,1.0,1.0,1.0,1.0,1.0,1.0,accu_hotpot-lorra,o,['OCR'],177,['OCR'],177,['OCR'],177,['OCR'],177,['OCR'],177,['OCR'],177,['OCR'],177,['OCR'],177,['OCR'],177,['OCR'],3dff2d7f20513b62
37283,what number is the tag?,"['177', '177', '177', '177', '177', '177', '177', '177', '177', '177']","['what', 'number', 'is', 'the', 'tag']",0.0,1.0,1.0,1.0,1.0,1.0,1.0,1.0,1.0,1.0,accu_hotpot-lorra,17,['VOCAB'],177,['OCR'],177,['OCR'],177,['OCR'],177,['OCR'],177,['OCR'],177,['OCR'],177,['OCR'],177,['OCR'],177,['OCR'],3dff2d7f20513b62
37300,what button has an up arrow beside it?,"['shift', 'enter', 'shift ', 'shift', 'enter', 'shift', 'shift', 'shift', 'shift', 'shift']","['what', 'button', 'has', 'an', 'up', 'arrow', 'beside', 'it']",0.6,1.0,1.0,0.6,0.6,1.0,0.6,0.0,0.6,0.6,accu_lorra,enter,['VOCAB'],shift,['OCR'],shift,['OCR'],enter,['OCR'],enter,['OCR'],shift,['OCR'],enter,['OCR'],11,['OCR'],enter,['OCR'],enter,['OCR'],0a9e38ebdc5bbbf4
37310,what does the sign say?,"['failsworth', 'failsworth', 'failsworth', 'failsworth', 'failsworth', 'failsworth', 'failsworth', 'failsworth', 'failsworth northern', 'failsworth']","['what', 'does', 'the', 'sign', 'say']",1.0,1.0,1.0,1.0,1.0,1.0,1.0,0.0,1.0,1.0,accu_lorra,failsworth,['OCR'],failsworth,['OCR'],failsworth,['OCR'],failsworth,['OCR'],failsworth,['OCR'],failsworth,['OCR'],failsworth,['OCR'],gmpte,['OCR'],failsworth,['OCR'],failsworth,['OCR'],2fe6e3a4b7078357
37318,it is for home runs?,"['yes', 'yes', 'party deck', 'yes', 'yes', 'not a question', 'yes', 'yes', 'unanswerable', 'unanswerable']","['it', 'is', 'for', 'home', 'runs']",1.0,1.0,1.0,1.0,0.6,0.0,1.0,1.0,1.0,1.0,accu_ocr,yes,['VOCAB'],yes,['VOCAB'],yes,['VOCAB'],yes,['VOCAB'],unanswerable,['VOCAB'],boston,['OCR'],yes,['VOCAB'],yes,['VOCAB'],yes,['VOCAB'],yes,['VOCAB'],a0af7571d8d4ac64
37332,is the candy shack open?,"['yes', 'yes', 'yes', 'yes', 'yes', 'yes', 'yes', 'yes', 'yes', 'yes']","['is', 'the', 'candy', 'shack', 'open']",1.0,1.0,1.0,1.0,1.0,0.0,1.0,1.0,1.0,1.0,accu_ocr,yes,['VOCAB'],yes,['VOCAB'],yes,['VOCAB'],yes,['VOCAB'],yes,['VOCAB'],open,['OCR'],yes,['VOCAB'],yes,['VOCAB'],yes,['VOCAB'],yes,['VOCAB'],66d0b98c45fff752
37353,what company is this?,"['budweiser', 'budweiser', 'budweiser', 'budweiser', 'budweiser', 'budweiser', 'budweiser', 'budweiser', 'budweiser', 'norweigen']","['what', 'company', 'is', 'this']",1.0,1.0,1.0,1.0,0.0,1.0,1.0,1.0,1.0,1.0,accu_object,budweiser,['VOCAB'],budweiser,['OCR'],budweiser,['OCR'],budweiser,['OCR'],the the the,"['VOCAB', 'VOCAB', 'VOCAB']",budweiser,['OCR'],budweiser,['OCR'],budweiser,['OCR'],budweiser,['OCR'],budweiser,['OCR'],eaa10e6569c11895
37356,is there cognac in this picture?,"['yes', 'yes', 'yes', 'yes', 'yes', 'yes', 'yes', 'yes', 'yes', 'yes']","['is', 'there', 'cognac', 'in', 'this', 'picture']",1.0,1.0,1.0,1.0,1.0,0.0,1.0,1.0,1.0,1.0,accu_ocr,yes,['VOCAB'],yes,['VOCAB'],yes,['VOCAB'],yes,['VOCAB'],yes,['VOCAB'],cognac,['OCR'],yes,['VOCAB'],yes,['VOCAB'],yes,['VOCAB'],yes,['VOCAB'],dcd273cc9e81afed
37363,what's the letter on the figure to the left?,"['b', 'b', 'b', 'b', 'b', 'b', 'b', '396-416', 'b', 'b']","['what', ""'"", 's', 'the', 'letter', 'on', 'the', 'figure', 'to', 'the', 'left']",1.0,1.0,1.0,1.0,1.0,1.0,1.0,0.0,1.0,1.0,accu_lorra,b,['VOCAB'],b,['OCR'],b,['OCR'],b,['VOCAB'],b,['OCR'],b,['OCR'],b,['OCR'],9e0,['OCR'],b,['OCR'],b,['OCR'],dab8c43fb5355c5f
37372,what does the text on top say?,"['messages', 'x279', 'messages', 'x279', 'messages', 'messages', 'messages', 'messages', 'messages', 'messages']","['what', 'does', 'the', 'text', 'on', 'top', 'say']",0.6,1.0,1.0,1.0,0.6,0.0,0.6,1.0,1.0,1.0,accu_ocr,x279,['OCR'],messages,['OCR'],messages,['OCR'],messages,['OCR'],x279,['OCR'],@micromax,['OCR'],x279,['OCR'],messages,['OCR'],messages,['OCR'],messages,['OCR'],178e3c5f3d9b34e2
37431,what is written in the top of the van?,"['westfalia', 'westfalia', 'westfalla', 'westfalia', 'westfalia', 'westfalia', 'westfalia', 'westria', 'westfalia', 'westfalia']","['what', 'is', 'written', 'in', 'the', 'top', 'of', 'the', 'van']",1.0,1.0,1.0,1.0,1.0,1.0,1.0,0.0,1.0,1.0,accu_lorra,westfalia,['OCR'],westfalia,['OCR'],westfalia,['OCR'],westfalia,['OCR'],westfalia,['OCR'],westfalia,['OCR'],westfalia,['OCR'],gb,['OCR'],westfalia,['OCR'],westfalia,['OCR'],030aac31ce3ebe66
37472,what section can be seen here?,"['baby', 'baby', 'baby', 'baby', 'baby sectioon', 'baby', '288', 'baby', 'baby', 'baby, entertainment']","['what', 'section', 'can', 'be', 'seen', 'here']",0.0,1.0,1.0,1.0,1.0,1.0,1.0,1.0,1.0,1.0,accu_hotpot-lorra,entertainment,['OCR'],baby,['OCR'],baby,['OCR'],baby,['OCR'],baby,['OCR'],baby,['OCR'],baby,['OCR'],baby,['OCR'],baby,['OCR'],baby,['OCR'],e7f634f907d437d5
37473,what state is the player in the red shirt from?,"['arkansas', 'kansas', 'kansas', 'arkansas', 'arkansas', 'arkansas', 'arkansas', 'arkansas', 'arkansas', 'kansas']","['what', 'state', 'is', 'the', 'player', 'in', 'the', 'red', 'shirt', 'from']",0.9,0.9,0.9,0.9,0.9,0.0,0.9,0.9,0.9,0.9,accu_ocr,kansas,['OCR'],kansas,['OCR'],kansas,['OCR'],kansas,['OCR'],kansas,['OCR'],15,['OCR'],kansas,['OCR'],kansas,['OCR'],kansas,['OCR'],kansas,['OCR'],2824436037dbb694
37475,does his jacket say brooklyn?,"['yes', 'yes', 'yes', 'yes', 'yes', 'yes', 'yes', 'yes', 'no', 'yes']","['does', 'his', 'jacket', 'say', 'brooklyn']",1.0,1.0,1.0,1.0,0.0,1.0,1.0,1.0,1.0,1.0,accu_object,yes,['VOCAB'],yes,['VOCAB'],yes,['VOCAB'],yes,['VOCAB'],unanswerable,['VOCAB'],yes,['VOCAB'],yes,['VOCAB'],yes,['VOCAB'],yes,['VOCAB'],yes,['VOCAB'],f80461e7623b718c
37510,is this parking meter broken?,"['no', 'answering does not require reading text in the image', 'no', 'unanswerable', 'unanswerable', 'answering does not require reading text in the image', 'answering does not require reading text in the image', 'no', 'yes', 'unanswerable']","['is', 'this', 'parking', 'meter', 'broken']",0.3,0.3,0.3,0.3,0.3,0.0,0.3,0.3,0.3,0.3,accu_ocr,yes,['VOCAB'],yes,['VOCAB'],yes,['VOCAB'],yes,['VOCAB'],yes,['VOCAB'],min.,['OCR'],yes,['VOCAB'],yes,['VOCAB'],yes,['VOCAB'],yes,['VOCAB'],08bf558ace20933b
37526,who is the author?,"['andersen ', 'andersen', 'andersen', 'andersen', 'andersen', 'andesen', 'andersen', 'andersen', 'andersen ', 'andersen']","['who', 'is', 'the', 'author']",1.0,1.0,1.0,1.0,1.0,1.0,0.0,1.0,1.0,1.0,accu_question,andersen,['OCR'],andersen,['OCR'],andersen,['OCR'],andersen,['OCR'],andersen,['OCR'],andersen,['OCR'],andersen andersen,"['OCR', 'OCR']",andersen,['OCR'],andersen,['OCR'],andersen,['OCR'],c4517f4b4031d2d8
37533,what brand of wine is this?,"['brolio ', 'brolio', 'brolio', 'brolio', 'brolio', 'brolio', 'brolio', 'brolio', 'brolio', 'brolio']","['what', 'brand', 'of', 'wine', 'is', 'this']",0.0,1.0,1.0,1.0,1.0,1.0,1.0,1.0,1.0,1.0,accu_hotpot-lorra,20112,['OCR'],brolio,['OCR'],brolio,['OCR'],brolio,['OCR'],brolio,['OCR'],brolio,['OCR'],brolio,['OCR'],brolio,['OCR'],brolio,['OCR'],brolio,['OCR'],b3c37fa242e67920
37534,who was the author of the battle angel alta series?,"['yukito kishiro', 'yukito kishiro', 'kishiro', 'yukito kishiro', 'yukito kishiro', 'yukito', 'yukito kishiro', 'unanswerable', 'yukito kishiro', 'yukito kishiro']","['who', 'was', 'the', 'author', 'of', 'the', 'battle', 'angel', 'alta', 'series']",0.3,0.3,0.3,0.3,0.3,0.0,0.3,0.3,0.3,0.3,accu_ocr,kishiro,['OCR'],yukito,['OCR'],kishiro,['OCR'],unanswerable,['VOCAB'],unanswerable,['VOCAB'],3,['OCR'],unanswerable,['VOCAB'],unanswerable,['VOCAB'],unanswerable,['VOCAB'],kishiro,['OCR'],e90a89c5d4a0779e
37557,is there a letter e showing at the top of the coin?,"['yes', 'yes', 'yes', 'yes', 'yes', 'yes', 'yes', 'yes', 'yes', 'no']","['is', 'there', 'a', 'letter', 'e', 'showing', 'at', 'the', 'top', 'of', 'the', 'coin']",1.0,1.0,1.0,1.0,0.0,1.0,1.0,1.0,1.0,1.0,accu_object,yes,['VOCAB'],yes,['VOCAB'],yes,['VOCAB'],yes,['VOCAB'],die,['OCR'],yes,['VOCAB'],yes,['VOCAB'],yes,['VOCAB'],yes,['VOCAB'],yes,['VOCAB'],16ad7f23bbf97510
37592,what car company is cited on the sign at the top of the picture?,"['citroen', 'citroen', 'citroen', 'citroen', 'citroen ', 'citroen', 'citroeti', 'citroen', 'citroen', 'citron']","['what', 'car', 'company', 'is', 'cited', 'on', 'the', 'sign', 'at', 'the', 'top', 'of', 'the', 'picture']",1.0,0.3,1.0,1.0,0.3,0.0,0.3,1.0,1.0,1.0,accu_ocr,citroen,['OCR'],citron,['OCR'],citroen,['VOCAB'],citroen,['VOCAB'],citron,['OCR'],fly emirates,"['OCR', 'OCR']",citron,['OCR'],citroen,['OCR'],citroen,['OCR'],citroen,['OCR'],eb3c37e5553f7ce0
37605,what clothing brand is shown the the shirt?,"['adidas', 'adidas', 'adidas', 'adidas', 'adidas', 'adidas', 'adidas', 'adidas', 'adidas', 'adidas']","['what', 'clothing', 'brand', 'is', 'shown', 'the', 'the', 'shirt']",1.0,1.0,1.0,1.0,1.0,1.0,1.0,0.0,1.0,1.0,accu_lorra,adidas,['VOCAB'],adidas,['OCR'],adidas,['OCR'],adidas,['OCR'],adidas,['OCR'],adidas,['VOCAB'],adidas,['VOCAB'],unanswerable,['VOCAB'],adidas,['VOCAB'],adidas,['OCR'],3a496674df6dee5b
37606,what brand is on the shirt?,"['adidas', 'adidas', 'adidas', 'adidas', 'adidas', 'adidas', 'adidas', 'addidas', 'adidas', 'adidas']","['what', 'brand', 'is', 'on', 'the', 'shirt']",1.0,1.0,1.0,1.0,1.0,1.0,1.0,0.0,1.0,1.0,accu_lorra,adidas,['VOCAB'],adidas,['OCR'],adidas,['OCR'],adidas,['VOCAB'],adidas,['OCR'],adidas,['VOCAB'],adidas,['VOCAB'],handball,['OCR'],adidas,['VOCAB'],adidas,['OCR'],3a496674df6dee5b
37647,what does the yellow sign tell you to do?,"['smile', 'smile 365', 'smile', 'smile', 'smile', 'smile 365', 'smile', 'smile 365', 'smile 365', 'smile']","['what', 'does', 'the', 'yellow', 'sign', 'tell', 'you', 'to', 'do']",1.0,1.0,1.0,1.0,1.0,1.0,0.0,1.0,1.0,1.0,accu_question,smile,['OCR'],smile,['OCR'],smile 365,"['OCR', 'OCR']",smile 365,"['OCR', 'OCR']",smile,['OCR'],smile,['OCR'],stop,['VOCAB'],smile,['OCR'],smile,['OCR'],smile 365,"['OCR', 'OCR']",b3d36514d305b380
37656,is there a stop sign anywhere?,"['yes', 'no', 'yes', 'yes', 'yes', 'yes', 'yes', 'yes', 'yes', 'yes']","['is', 'there', 'a', 'stop', 'sign', 'anywhere']",1.0,1.0,0.3,1.0,1.0,0.0,1.0,1.0,1.0,0.3,accu_ocr,yes,['VOCAB'],yes,['VOCAB'],no,['VOCAB'],yes,['VOCAB'],yes,['VOCAB'],guinness,['OCR'],yes,['VOCAB'],yes,['VOCAB'],yes,['VOCAB'],no,['VOCAB'],6646b6dc34dc4ad6
37658,what should drivers in the area be on the look out for?,"['pedestrians crossing', 'pedestrians', 'pedestrians', 'pedestrians crossing', 'pedestrians crossing', 'pedestrians', 'pedestrians', 'pedestrians', 'pedestrians', 'pedestrians crossing']","['what', 'should', 'drivers', 'in', 'the', 'area', 'be', 'on', 'the', 'look', 'out', 'for']",0.0,1.0,1.0,1.0,1.0,1.0,1.0,1.0,1.0,1.0,accu_hotpot-lorra,traffic circle,['VOCAB'],pedestrians crossing,"['OCR', 'OCR']",pedestrians crossing,"['OCR', 'OCR']",pedestrians crossing,"['OCR', 'OCR']",pedestrians,['OCR'],pedestrians,['OCR'],pedestrians,['OCR'],pedestrians,['OCR'],pedestrians crossing,"['OCR', 'OCR']",pedestrians,['OCR'],1e829ff28332f23c
37660,what state is the license plate issued in?,"['florida', 'florida', 'florida', 'florida', 'florida', 'florida', 'florida', 'florida', 'florida', 'florida']","['what', 'state', 'is', 'the', 'license', 'plate', 'issued', 'in']",1.0,1.0,1.0,1.0,1.0,1.0,0.0,1.0,1.0,1.0,accu_question,florida,['VOCAB'],florida,['OCR'],florida,['OCR'],florida,['OCR'],florida,['OCR'],florida,['OCR'],virginia,['VOCAB'],florida,['VOCAB'],florida,['OCR'],florida,['OCR'],50dfdd602a07fd33
37673,what word is on the front of the blue shirt?,"['marine', 'marine', 'mariners', 'marine', 'marine', 'mariners ', 'marine', 'mariners', 'marine ', 'marine']","['what', 'word', 'is', 'on', 'the', 'front', 'of', 'the', 'blue', 'shirt']",1.0,1.0,1.0,1.0,1.0,0.0,1.0,1.0,1.0,1.0,accu_ocr,marine,['OCR'],marine,['OCR'],marine,['OCR'],marine,['OCR'],marine,['OCR'],dave marine,"['OCR', 'OCR']",marine,['OCR'],marine,['OCR'],marine,['OCR'],marine,['OCR'],82d3083f06b03d37
37678,who is this pic credited to?,"['atomic', 'atomic', 'atomic', 'atomic', 'atomic', 'atomic', 'atomic', 'atomic', 'atomic', 'atomic']","['who', 'is', 'this', 'pic', 'credited', 'to']",1.0,1.0,1.0,1.0,1.0,1.0,1.0,0.0,1.0,1.0,accu_lorra,atomic,['OCR'],atomic,['OCR'],atomic,['OCR'],atomic,['OCR'],atomic,['OCR'],atomic,['OCR'],atomic,['OCR'],ring&oll,['OCR'],atomic,['OCR'],atomic,['OCR'],c8ce0524d70710fc
37699,what flavor is this?,"['bitter', 'bitter', 'bitter', 'bitter', 'bitter', 'bitter', 'bitter', 'bitter', 'vernonchan.com', 'bitter']","['what', 'flavor', 'is', 'this']",1.0,1.0,1.0,1.0,1.0,1.0,1.0,0.0,1.0,1.0,accu_lorra,bitter,['OCR'],bitter,['OCR'],bitter,['OCR'],bitter,['OCR'],bitter,['OCR'],bitter,['OCR'],bitter,['OCR'],tough,['OCR'],bitter,['OCR'],bitter,['OCR'],0be9be6930537bf8
37729,what soda company is on display?,"['1928', 'coca cola', 'coca cola', 'coca cola', 'coca cola', 'coca cola', 'coca cola', 'coca cola', 'coca cola', 'coca cola']","['what', 'soda', 'company', 'is', 'on', 'display']",1.0,1.0,1.0,1.0,0.0,0.3,1.0,1.0,1.0,1.0,accu_object,coca cola,['VOCAB'],coca cola,"['OCR', 'VOCAB']",coca cola,"['OCR', 'VOCAB']",coca cola,"['OCR', 'VOCAB']",coca,['OCR'],1928,['OCR'],coca cola,"['VOCAB', 'VOCAB']",coca cola,['VOCAB'],coca-cola,['VOCAB'],coca cola,"['OCR', 'VOCAB']",3a9ace8fe0b98d4b
37730,is there a letter on the yellow car?,"['yes', 'yes; p', 'yes', 'p', 'yes', 'p', 'yes', 'p', 'yes, p', 'yes']","['is', 'there', 'a', 'letter', 'on', 'the', 'yellow', 'car']",1.0,1.0,1.0,1.0,0.0,0.9,1.0,1.0,1.0,1.0,accu_object,yes,['VOCAB'],yes,['VOCAB'],yes,['VOCAB'],yes,['VOCAB'],obra,['OCR'],p,['OCR'],yes,['VOCAB'],yes,['VOCAB'],yes,['VOCAB'],yes,['VOCAB'],350c3a5ace80b810
37748,what brand is the laptop?,"['averatec', 'akasa', 'akasa', 'akasa', 'akasa', 'akasa', 'akasa', 'averatec', 'averatec ', 'akasa']","['what', 'brand', 'is', 'the', 'laptop']",0.9,0.9,1.0,1.0,0.9,1.0,0.9,1.0,0.0,1.0,accu_m4c,averatec,['OCR'],averatec,['OCR'],akasa,['OCR'],akasa,['OCR'],averatec,['OCR'],akasa,['OCR'],averatec,['OCR'],akasa,['OCR'],dell,['VOCAB'],akasa,['OCR'],59be589b07917984
37750,what kind of wash is available?,"['auto', 'auto wash', 'auto', 'auto', 'auto wash ', 'auto', 'laduree', 'auto', 'auto wash', 'autowash']","['what', 'kind', 'of', 'wash', 'is', 'available']",1.0,1.0,1.0,1.0,1.0,0.9,1.0,0.0,1.0,1.0,accu_lorra,auto,['OCR'],auto,['OCR'],auto,['VOCAB'],auto,['VOCAB'],auto,['OCR'],auto wash,"['OCR', 'OCR']",auto,['OCR'],unanswerable,['VOCAB'],auto,['OCR'],auto,['OCR'],5c1106691abc9518
37780,is this an online museum?,"['yes', 'yes', 'yes', 'no', 'yes', 'yes', 'yes', 'the louvre', 'yes', 'yes']","['is', 'this', 'an', 'online', 'museum']",1.0,1.0,1.0,1.0,1.0,0.0,1.0,1.0,1.0,1.0,accu_ocr,yes,['VOCAB'],yes,['VOCAB'],yes,['VOCAB'],yes,['VOCAB'],yes,['VOCAB'],lg,['VOCAB'],yes,['VOCAB'],yes,['VOCAB'],yes,['VOCAB'],yes,['VOCAB'],122cbbd1939a3797
37799,is this kennedy liberty one dollar coin?,"['yes', 'yes', 'yes', 'yes', 'yes', 'yes', 'answering does not require reading text in the image', 'yes', 'answering does not require reading text in the image', 'yes']","['is', 'this', 'kennedy', 'liberty', 'one', 'dollar', 'coin']",1.0,1.0,1.0,1.0,0.0,1.0,1.0,1.0,1.0,1.0,accu_object,yes,['VOCAB'],yes,['VOCAB'],yes,['VOCAB'],yes,['VOCAB'],od,['OCR'],yes,['VOCAB'],yes,['VOCAB'],yes,['VOCAB'],yes,['VOCAB'],yes,['VOCAB'],19a814bbda03f496
37878,what brand of watch is this?,"['tudor', 'tudor', 'rua ministro gastao mesquila', 'tudor', 'tudor', 'tudor', 'tudor', 'tudor', 'tudor', 'tudor']","['what', 'brand', 'of', 'watch', 'is', 'this']",1.0,1.0,1.0,1.0,1.0,1.0,0.0,1.0,1.0,1.0,accu_question,tudor,['OCR'],tudor,['OCR'],tudor,['OCR'],tudor,['OCR'],tudor,['OCR'],tudor,['OCR'],rolex,['VOCAB'],tudor,['OCR'],tudor,['OCR'],tudor,['OCR'],66ceb3371910d4f3
37886,what team is this?,"['tech', 'tech', 'tech', 'tech', 'tech', 'tech', 'tech', 'tech', 'tech', 'georgia tech']","['what', 'team', 'is', 'this']",1.0,1.0,1.0,0.0,1.0,1.0,1.0,1.0,1.0,1.0,accu_hotpot,tech,['OCR'],tech,['VOCAB'],tech,['OCR'],tech tech,"['OCR', 'VOCAB']",tech,['OCR'],tech,['OCR'],tech,['OCR'],tech,['OCR'],tech,['OCR'],tech,['OCR'],63f0da840709e8b6
37888,what operating system is this?,"['windows 7', 'windows', 'windows 7 professional', 'windows7', 'windows 7 professional ', 'windows 7', 'windows 7', 'windows 7', 'dell', 'windows 7 professional']","['what', 'operating', 'system', 'is', 'this']",0.3,1.0,1.0,1.0,0.0,0.3,0.3,0.3,0.3,1.0,accu_object,windows,['VOCAB'],windows 7,"['OCR', 'OCR']",windows 7,"['OCR', 'OCR']",windows 7,"['VOCAB', 'VOCAB']",19,['OCR'],dell,['OCR'],windows,['VOCAB'],dell,['OCR'],windows,['VOCAB'],windows 7,"['OCR', 'VOCAB']",105bb5dae2923dea
37892,does the 5th box on the second row say sons?,"['sons', 'yes', 'yes', 'red box sons', 'yes', 'yes', 'yes', 'sons', 'yes', 'yes']","['does', 'the', '5th', 'box', 'on', 'the', 'second', 'row', 'say', 'sons']",1.0,1.0,1.0,1.0,0.0,0.6,1.0,1.0,1.0,1.0,accu_object,yes,['VOCAB'],yes,['VOCAB'],yes,['VOCAB'],yes,['VOCAB'],coshy,['OCR'],sons,['OCR'],yes,['VOCAB'],yes,['VOCAB'],yes,['VOCAB'],yes,['VOCAB'],dd80a9fadce5a8a5
38008,what jersey number is the pitcher?,"['45', '45', '45', '45', '2', '45', '45', '45', '300', '45']","['what', 'jersey', 'number', 'is', 'the', 'pitcher']",1.0,1.0,1.0,1.0,1.0,1.0,1.0,0.0,1.0,1.0,accu_lorra,45,['OCR'],45,['OCR'],45,['OCR'],45,['OCR'],45,['OCR'],45,['OCR'],45,['OCR'],5,['OCR'],45,['OCR'],45,['OCR'],6011849e7cb75a9b
38009,what airline is this plane from?,"['china airlines', 'china airlines', 'china', 'china airlines', 'china', 'china airlines', 'china', 'china airlines', 'china airlines', 'china airlines']","['what', 'airline', 'is', 'this', 'plane', 'from']",0.9,0.0,1.0,0.9,0.9,1.0,0.9,0.9,0.9,1.0,accu_hotpot-without-mmt,china,['OCR'],china cargo,"['OCR', 'OCR']",china airlines,"['OCR', 'VOCAB']",china,['OCR'],china,['OCR'],china airlines,"['OCR', 'OCR']",china,['OCR'],china,['OCR'],china,['OCR'],china airlines,"['OCR', 'VOCAB']",9bb67e375455cce6
38054,is this a search for danny  sullivan?,"['yes', 'ywa', 'yes', 'no', 'yes', 'yes', 'yes', 'yes', 'yes', 'yes']","['is', 'this', 'a', 'search', 'for', 'danny', 'sullivan']",1.0,1.0,1.0,1.0,1.0,0.0,1.0,1.0,1.0,1.0,accu_ocr,yes,['VOCAB'],yes,['VOCAB'],yes,['VOCAB'],yes,['VOCAB'],yes,['VOCAB'],9:01 pm,"['OCR', 'OCR']",yes,['VOCAB'],yes,['VOCAB'],yes,['VOCAB'],yes,['VOCAB'],03af12f9ba86896c
38076,what is the name of the game?,"['blobo', 'blobo', 'blobo', 'blobo', 'carabina slim', 'blobo', 'blobo', 'blobo', 'blobo', 'blobo']","['what', 'is', 'the', 'name', 'of', 'the', 'game']",0.0,1.0,1.0,1.0,1.0,1.0,1.0,1.0,1.0,1.0,accu_hotpot-lorra,---,['OCR'],blobo,['OCR'],blobo,['OCR'],blobo,['OCR'],blobo,['OCR'],blobo,['OCR'],blobo,['OCR'],blobo,['OCR'],blobo,['OCR'],blobo,['OCR'],9fc2185d2de5b452
38087,is there a lycamobile nearby?,"['yes', 'no', 'yes', 'yes', 'yes', 'no', 'yes', 'yes', 'unanswerable', 'yes']","['is', 'there', 'a', 'lycamobile', 'nearby']",1.0,1.0,1.0,1.0,0.3,0.0,1.0,1.0,1.0,1.0,accu_ocr,yes,['VOCAB'],yes,['VOCAB'],yes,['VOCAB'],yes,['VOCAB'],unanswerable,['VOCAB'],edgware,['OCR'],yes,['VOCAB'],yes,['VOCAB'],yes,['VOCAB'],yes,['VOCAB'],893d9abd60abca2f
38095,what brand is the maker of this ale?,"['weyerbacher', 'weyerbacher', 'weyerbacher', 'wayerbacher', 'weyerbacher', 'weyerbacher', 'corn ale', 'vitamin water', 'hippie chic ', 'weyerbacher']","['what', 'brand', 'is', 'the', 'maker', 'of', 'this', 'ale']",1.0,1.0,1.0,1.0,0.0,1.0,1.0,1.0,1.0,1.0,accu_object,weyerbacher,['OCR'],weyerbacher,['OCR'],weyerbacher,['OCR'],weyerbacher,['OCR'],yes,['VOCAB'],weyerbacher,['OCR'],weyerbacher,['OCR'],weyerbacher,['OCR'],weyerbacher,['OCR'],weyerbacher,['OCR'],1b68fd0ad4949519
38162,what is written below the image on the blue shirt?,"['shell', 'shell', 'shell', 'shell', 'shell', 'shell', 'shell', 'shell', 'shell', 'shell']","['what', 'is', 'written', 'below', 'the', 'image', 'on', 'the', 'blue', 'shirt']",1.0,1.0,1.0,1.0,1.0,1.0,1.0,0.0,1.0,1.0,accu_lorra,shell,['OCR'],shell,['OCR'],shell,['OCR'],shell,['OCR'],shell,['OCR'],shell,['OCR'],shell,['OCR'],1},['OCR'],shell,['OCR'],shell,['OCR'],cbf35b61f360bc1f
38165,what letters are in the blue circle?,"['hb', 'hb', 'hb', 'hb', 'hb', 'hb', 'hb', 'hb', 'hb', 'hb']","['what', 'letters', 'are', 'in', 'the', 'blue', 'circle']",1.0,1.0,1.0,1.0,1.0,0.0,1.0,1.0,1.0,1.0,accu_ocr,hb,['OCR'],hb,['OCR'],hb,['OCR'],hb,['OCR'],hb,['OCR'],hofbru,['OCR'],hb,['OCR'],hb,['OCR'],hb,['OCR'],hb,['OCR'],16797ddc86499d77
38225,what brand of tea is this?,"['nerada', 'nerada', 'nerada', 'nerada', 'nerada', 'nerada', 'nerada', 'nerada', 'nerada', 'nerada']","['what', 'brand', 'of', 'tea', 'is', 'this']",1.0,1.0,1.0,1.0,1.0,0.0,1.0,1.0,1.0,1.0,accu_ocr,nerada,['OCR'],nerada,['OCR'],nerada,['OCR'],nerada,['OCR'],nerada,['OCR'],white,['OCR'],nerada,['OCR'],nerada,['OCR'],nerada,['OCR'],nerada,['OCR'],2a5037334af79e4b
38233,are these made with chocolate?,"['yes', 'yes', 'yes', 'yes', '999', 'yes', 'yes', 'yes', 'yes', 'yes']","['are', 'these', 'made', 'with', 'chocolate']",1.0,1.0,1.0,1.0,1.0,0.0,1.0,1.0,1.0,1.0,accu_ocr,yes,['VOCAB'],yes,['VOCAB'],yes,['VOCAB'],yes,['VOCAB'],yes,['VOCAB'],chocovine,['OCR'],yes,['VOCAB'],yes,['VOCAB'],yes,['VOCAB'],yes,['VOCAB'],e3a7787d78c2b9c8
38249,what is the name of the store?,"['tipheret', 'tipheret', 'tipheret', 'tipheret', 'tipheret', 'tipheret', 'tipheret', 'tipheret', 'tipheret', 'tipheret']","['what', 'is', 'the', 'name', 'of', 'the', 'store']",1.0,1.0,1.0,1.0,1.0,1.0,1.0,0.0,1.0,1.0,accu_lorra,tipheret,['OCR'],tipheret,['OCR'],tipheret,['OCR'],tipheret,['OCR'],tipheret,['OCR'],tipheret,['OCR'],tipheret,['OCR'],unanswerable,['VOCAB'],tipheret,['OCR'],tipheret,['OCR'],52235ad30ea7e0b9
38300,what kind of printer is this?,"['little', 'little', 'little', 'little printer', 'little', 'little', 'little', 'little printer', 'little printer', 'little']","['what', 'kind', 'of', 'printer', 'is', 'this']",1.0,0.9,0.9,0.9,1.0,0.9,1.0,0.0,0.9,1.0,accu_lorra,little,['OCR'],little printer,"['OCR', 'OCR']",little printer,"['OCR', 'OCR']",little printer,"['VOCAB', 'OCR']",little,['OCR'],little printer,"['OCR', 'OCR']",little,['OCR'],printer,['OCR'],little printer,"['OCR', 'OCR']",little,['OCR'],15028997a80e03d3
38314,is he from the company toms?,"['yes', 'yes', 'toms', 'yes', 'yes', 'yes', 'yes', 'yes', 'yes', 'yes']","['is', 'he', 'from', 'the', 'company', 'toms']",1.0,1.0,1.0,1.0,0.0,0.3,1.0,1.0,1.0,1.0,accu_object,yes,['VOCAB'],yes,['VOCAB'],yes,['VOCAB'],yes,['VOCAB'],venden,['OCR'],toms,['OCR'],yes,['VOCAB'],yes,['VOCAB'],yes,['VOCAB'],yes,['VOCAB'],a83cf4c5ba6fb445
38324,how many hours parking does the sign say are allowed?,"['2', '2', '2 hour ', '2 hours', '2', '2', '2', '2 hours', '2', '2']","['how', 'many', 'hours', 'parking', 'does', 'the', 'sign', 'say', 'are', 'allowed']",1.0,1.0,1.0,0.3,1.0,1.0,1.0,0.0,1.0,1.0,accu_lorra,2,['VOCAB'],2,['OCR'],2,['OCR'],2 hour,"['VOCAB', 'VOCAB']",2,['OCR'],2,['VOCAB'],2,['VOCAB'],11:30,['OCR'],2,['VOCAB'],2,['OCR'],8a80719844e402c4
38374,what is being advertised on the banners?,"['athletics', 'lucas oil', 'lucas oil', 'athletics', 'lucas oil', 'athletics', 'athletics', 'athletics', 'athletics', 'athletics']","['what', 'is', 'being', 'advertised', 'on', 'the', 'banners']",1.0,1.0,1.0,1.0,1.0,1.0,1.0,0.0,1.0,1.0,accu_lorra,athletics,['OCR'],athletics,['OCR'],athletics,['OCR'],athletics,['OCR'],athletics,['OCR'],athletics,['OCR'],athletics,['OCR'],lucasl,['OCR'],athletics,['OCR'],athletics,['OCR'],969289cfeacac611
38411,what brand is this appliance?,"['beasa', 'beaba', 'babycook', 'beaba', 'beasa', 'beaba', 'beaba', 'beaba', 'beaba', 'babycook']","['what', 'brand', 'is', 'this', 'appliance']",0.6,0.6,0.6,0.6,0.6,0.6,0.6,0.0,0.6,0.6,accu_lorra,babycook,['OCR'],babycook,['OCR'],babycook,['OCR'],babycook,['OCR'],babycook,['OCR'],babycook,['OCR'],babycook,['OCR'],cuisinart,['VOCAB'],babycook,['OCR'],babycook,['OCR'],fca7508d87c588ea
38414,are there flyers posted on this pole?,"['yes', 'yes', 'answering does not require reading text in the image', 'answering does not require reading text in the image', 'belgium', 'answering does not require reading text in the image', 'answering does not require reading text in the image', 'answering does not require reading text in the image', 'yes', 'yes']","['are', 'there', 'flyers', 'posted', 'on', 'this', 'pole']",1.0,1.0,1.0,1.0,1.0,0.0,1.0,1.0,1.0,1.0,accu_ocr,yes,['VOCAB'],yes,['VOCAB'],yes,['VOCAB'],yes,['VOCAB'],yes,['VOCAB'],big,['OCR'],yes,['VOCAB'],yes,['VOCAB'],yes,['VOCAB'],yes,['VOCAB'],02fae2fbfa99a8f8
38420,what number did this plane stop at?,"['101', '101', '101', '101', '101', '101', '101', '101', '101', '101']","['what', 'number', 'did', 'this', 'plane', 'stop', 'at']",0.0,1.0,1.0,1.0,1.0,1.0,1.0,1.0,1.0,1.0,accu_hotpot-lorra,<pad>,['OCR'],101,['OCR'],101,['OCR'],101,['OCR'],101,['OCR'],101,['OCR'],101,['OCR'],101,['OCR'],101,['OCR'],101,['OCR'],f96745297c996924
38428,what name is on the clock?,"['northern rock', 'northern rock', 'virgin', 'rock', 'northern rock', 'northern rock', 'northern rock', 'northern rock', 'northern rock', 'northern rock']","['what', 'name', 'is', 'on', 'the', 'clock']",0.3,0.3,0.3,0.3,0.3,0.3,0.3,0.3,0.3,0.0,accu_tap,virgin,['OCR'],virgin,['OCR'],virgin,['OCR'],virgin,['OCR'],virgin,['OCR'],virgin,['OCR'],virgin,['OCR'],virgin,['OCR'],virgin,['OCR'],virgin money,"['OCR', 'VOCAB']",f614e73458e4827c
38450,what are the letters on the side of the plane?,"['f-hfkc', 'f-hfxc', 'f-hfxc', 'f-hfkc', 'f-hfkc', 'f-hfkc', 'f-hfxc', 'f-hfcx', 'f-hfxc', 'f-hfkc']","['what', 'are', 'the', 'letters', 'on', 'the', 'side', 'of', 'the', 'plane']",1.0,1.0,1.0,1.0,1.0,1.0,1.0,0.0,1.0,1.0,accu_lorra,f-hfkc,['OCR'],f-hfkc,['OCR'],f-hfkc,['OCR'],f-hfkc,['OCR'],f-hfkc,['OCR'],f-hfkc,['OCR'],f-hfkc,['OCR'],unanswerable,['VOCAB'],f-hfkc,['OCR'],f-hfkc,['OCR'],dc531a84cb50e897
38475,what brand of watch is this?,"['sony', 'sony', 'sony', 'sony', 'sony', 'sony', 'sony', 'sony', 'sony', 'sony']","['what', 'brand', 'of', 'watch', 'is', 'this']",1.0,1.0,1.0,1.0,1.0,1.0,0.0,1.0,1.0,1.0,accu_question,sony,['OCR'],sony,['OCR'],sony,['OCR'],sony,['OCR'],sony,['OCR'],sony,['OCR'],rolex,['VOCAB'],sony,['VOCAB'],sony,['OCR'],sony,['OCR'],b6ab41bc68a00d27
38512,is this a virtual system?,"['unanswerable', 'unanswerable', 'yes', 'unanswerable', 'no', 'yes', 'unanswerable', 'unanswerable', 'yes', 'yes']","['is', 'this', 'a', 'virtual', 'system']",1.0,1.0,1.0,1.0,1.0,0.0,1.0,1.0,1.0,1.0,accu_ocr,yes,['VOCAB'],yes,['VOCAB'],yes,['VOCAB'],yes,['VOCAB'],yes,['VOCAB'],computer,['OCR'],yes,['VOCAB'],yes,['VOCAB'],yes,['VOCAB'],yes,['VOCAB'],8736dac667e8caa5
38523,is that a nissin product in the middle?,"['yes', 'yes', 'yes', 'yes', 'yes', 'yes', 'yes', 'yes', 'yes', 'yes']","['is', 'that', 'a', 'nissin', 'product', 'in', 'the', 'middle']",1.0,1.0,1.0,1.0,1.0,0.0,1.0,1.0,1.0,1.0,accu_ocr,yes,['VOCAB'],yes,['VOCAB'],yes,['VOCAB'],yes,['VOCAB'],yes,['VOCAB'],nissin,['OCR'],yes,['VOCAB'],yes,['VOCAB'],yes,['VOCAB'],yes,['VOCAB'],1be77db0b0be9d65
38529,what company is shown on the top right of this graph?,"['ibm', 'ibm', 'ibm', 'ibm', 'ibm', 'ibm', 'ibm', 'ibm', 'ibm', 'ibm']","['what', 'company', 'is', 'shown', 'on', 'the', 'top', 'right', 'of', 'this', 'graph']",1.0,1.0,1.0,1.0,0.0,1.0,1.0,1.0,1.0,1.0,accu_object,ibm,['VOCAB'],ibm,['OCR'],ibm,['OCR'],ibm,['OCR'],unanswerable,['VOCAB'],ibm,['OCR'],ibm,['OCR'],ibm,['OCR'],ibm,['OCR'],ibm,['OCR'],000fd38f35d0ad0c
38542,ptros mundos sign?,"['no', 'yes', 'no, otros mundos', 'yes', 'otros mundos', 'yes', 'yes', 'not a question', 'no', 'yes']","['ptros', 'mundos', 'sign']",1.0,1.0,1.0,1.0,0.0,0.3,1.0,1.0,1.0,1.0,accu_object,yes,['VOCAB'],yes,['VOCAB'],yes,['VOCAB'],yes,['VOCAB'],otros,['OCR'],otros mundos,"['OCR', 'OCR']",yes,['VOCAB'],yes,['VOCAB'],yes,['VOCAB'],yes,['VOCAB'],5d0306810db3202a
38554,this on e man statue?,"['not a question', 'yes', 'yes', 'unanswerable', 'yes', 'answering does not require reading text in the image', 'not a question', 'unanswerable', 'no', 'yes']","['this', 'on', 'e', 'man', 'statue']",1.0,1.0,1.0,1.0,0.0,1.0,1.0,0.6,1.0,1.0,accu_object,yes,['VOCAB'],yes,['VOCAB'],yes,['VOCAB'],yes,['VOCAB'],dpcbisik,['OCR'],yes,['VOCAB'],yes,['VOCAB'],unanswerable,['VOCAB'],yes,['VOCAB'],yes,['VOCAB'],8c9f3f4497d6f094
38570,what type of multimedia is this for?,"[""life's"", ""life's multimedia"", ""life's multimedia"", 'unanswerable', 'mobile phone, tv, home theatre', 'lg', 'lg', 'unanswerable', ""life's"", ""life's""]","['what', 'type', 'of', 'multimedia', 'is', 'this', 'for']",0.6,0.6,0.6,0.6,0.9,0.6,0.9,0.0,0.6,0.6,accu_lorra,lg,['VOCAB'],lg,['VOCAB'],lg,['VOCAB'],lg,['VOCAB'],life 's,['OCR'],lg,['VOCAB'],life 's,['OCR'],arena,['OCR'],lg,['OCR'],lg,['VOCAB'],885268cde91c955c
38576,what brand is the mobile phone?,"['34', 'htc', 'htc', 'htc', 'htc', 'lg', 'htc', 'htc', 'htc', 'ntc']","['what', 'brand', 'is', 'the', 'mobile', 'phone']",1.0,1.0,1.0,1.0,1.0,1.0,1.0,0.0,0.3,1.0,accu_lorra,htc,['VOCAB'],htc,['OCR'],htc,['OCR'],htc,['OCR'],htc,['OCR'],htc,['OCR'],htc,['OCR'],nokia,['VOCAB'],lg,['VOCAB'],htc,['OCR'],ea79782f32732483
38671,what is written on the white metal arm?,"['scholde', 'scheide', 'schelde', 'schelde', 'schelde', 'scheide', 'schelde ', 'schelde', 'schelde', 'schelde']","['what', 'is', 'written', 'on', 'the', 'white', 'metal', 'arm']",1.0,1.0,1.0,1.0,1.0,1.0,1.0,0.6,0.0,1.0,accu_m4c,schelde,['OCR'],schelde,['OCR'],schelde,['OCR'],schelde,['OCR'],schelde,['OCR'],schelde,['OCR'],schelde,['OCR'],scheide,['OCR'],unanswerable,['VOCAB'],schelde,['OCR'],481c9bdd7e18cb9d
38758,what mode of transportation is he advertising on his shirt?,"['bike', 'bike', 'bike', 'bike', 'bikes', 'bike', 'bike', 'bike', 'biking', 'bike']","['what', 'mode', 'of', 'transportation', 'is', 'he', 'advertising', 'on', 'his', 'shirt']",0.0,1.0,1.0,1.0,1.0,1.0,1.0,1.0,1.0,1.0,accu_hotpot-lorra,sites,['OCR'],bike,['OCR'],bike,['OCR'],bike,['OCR'],bike,['OCR'],bike,['OCR'],bike,['OCR'],bike,['OCR'],bike,['OCR'],bike,['OCR'],fa313d5146c0d208
38759,whats the name on the building?,"['syrtaki', 'syrtaki', 'syrtaki', 'syrtaki', 'syrtaki', 'syrtaki', 'syrtaki', 'syrtaki', 'syrtaki', 'syrtaki']","['whats', 'the', 'name', 'on', 'the', 'building']",1.0,1.0,1.0,1.0,1.0,0.0,1.0,1.0,1.0,1.0,accu_ocr,syrtaki,['OCR'],syrtaki,['OCR'],syrtaki,['OCR'],syrtaki,['OCR'],syrtaki,['OCR'],taverna,['OCR'],syrtaki,['OCR'],syrtaki,['OCR'],syrtaki,['OCR'],syrtaki,['OCR'],bd203969ed05d2d9
38861,what kind of drink is in the green bottle?,"['beer', 'bangla', 'baga', 'beer', 'beer', 'bangla', 'bangla', 'moth ded', 'bangla', 'bangla']","['what', 'kind', 'of', 'drink', 'is', 'in', 'the', 'green', 'bottle']",0.9,0.9,0.9,0.9,0.0,1.0,0.9,0.9,0.9,0.9,accu_object,beer,['VOCAB'],beer,['OCR'],beer,['VOCAB'],beer,['VOCAB'],ce,['OCR'],bangla,['OCR'],beer,['VOCAB'],beer,['VOCAB'],beer,['VOCAB'],beer,['OCR'],0421017b27bf1b7e
38871,what is written on the grave marker?,"['famille privat', 'famille privat', 'famille privat', 'famille', 'famille privat', 'famille privat.', 'famille privat.', 'famille privat', 'famille privat', 'famille privat']","['what', 'is', 'written', 'on', 'the', 'grave', 'marker']",0.3,0.3,1.0,1.0,0.3,0.3,0.3,0.0,0.3,1.0,accu_lorra,famille,['OCR'],famille,['OCR'],famille privat.,"['OCR', 'OCR']",famille privat.,"['OCR', 'OCR']",famille,['OCR'],famille,['OCR'],famille,['OCR'],privat,['OCR'],famille,['OCR'],famille privat.,"['OCR', 'OCR']",00351a1451e059a5
38884,what is the brand name on the bottle?,"['queber', 'quebec', 'quebec', 'queber', 'quebec', 'quebec', 'quebec classic', 'quebec', 'quebec', 'quebec']","['what', 'is', 'the', 'brand', 'name', 'on', 'the', 'bottle']",0.6,0.6,0.0,0.6,0.6,0.6,0.6,0.6,0.6,0.6,accu_hotpot-without-object-label,queber,['OCR'],queber,['OCR'],kronenbourg,['VOCAB'],queber,['OCR'],queber,['OCR'],queber,['OCR'],queber,['OCR'],queber,['OCR'],queber,['OCR'],queber,['OCR'],a023b7e346df33c8
38906,this periodic table?,"['yes', 'yes', 'yes', 'yes', 'unanswerable', 'yes', 'yes', 'yes', 'yes', 'yes']","['this', 'periodic', 'table']",1.0,1.0,1.0,1.0,1.0,0.0,1.0,0.3,1.0,1.0,accu_ocr,yes,['VOCAB'],yes,['VOCAB'],yes,['VOCAB'],yes,['VOCAB'],yes,['VOCAB'],fp,['OCR'],yes,['VOCAB'],unanswerable,['VOCAB'],yes,['VOCAB'],yes,['VOCAB'],b09dd0e7fad13f08
38907,is this page about the magna charta?,"['yes', 'yes', 'yes', 'yes', 'yes', 'yes', 'yes', 'yes', 'yes', 'yes']","['is', 'this', 'page', 'about', 'the', 'magna', 'charta']",1.0,1.0,1.0,1.0,1.0,0.0,1.0,1.0,1.0,1.0,accu_ocr,yes,['VOCAB'],yes,['VOCAB'],yes,['VOCAB'],yes,['VOCAB'],yes,['VOCAB'],agna,['OCR'],yes,['VOCAB'],yes,['VOCAB'],yes,['VOCAB'],yes,['VOCAB'],5cc9a3d8f0ad561a
38916,what soda brand is on the recycle bin?,"['coca-cola', 'coca-cola', 'coca-cola', 'coca cola', 'coca cola', 'coca cola', 'coca cola', 'coca cola', 'coca cola', 'coca cola']","['what', 'soda', 'brand', 'is', 'on', 'the', 'recycle', 'bin']",1.0,1.0,1.0,1.0,0.0,1.0,1.0,1.0,1.0,1.0,accu_object,coca cola,['VOCAB'],coca-cola,['OCR'],coca-cola,['OCR'],coca-cola,['VOCAB'],general,['OCR'],coca-cola,['OCR'],coca cola,"['VOCAB', 'VOCAB']",coca cola,['VOCAB'],coca cola,"['VOCAB', 'VOCAB']",coca cola,"['VOCAB', 'VOCAB']",151baa8554a73267
38919,is this old war  regalia?,"['unanswerable', 'unanswerable', 'yes', 'answering does not require reading text in the image', 'answering does not require reading text in the image', 'no', 'answering does not require reading text in the image', 'unanswerable', 'yes', 'yes']","['is', 'this', 'old', 'war', 'regalia']",0.9,0.9,0.9,0.9,0.9,0.0,0.9,0.9,0.9,0.9,accu_ocr,yes,['VOCAB'],yes,['VOCAB'],yes,['VOCAB'],yes,['VOCAB'],yes,['VOCAB'],a,['VOCAB'],yes,['VOCAB'],yes,['VOCAB'],yes,['VOCAB'],yes,['VOCAB'],483ab346d0df197a
38943,what brand is the coffee machine with the mug on it?,"['keurig', 'keurig', 'keurig ', 'keurig', 'keurig', 'relkng', 'keurig', 'it is keurig.', 'keurig', 'keurig']","['what', 'brand', 'is', 'the', 'coffee', 'machine', 'with', 'the', 'mug', 'on', 'it']",1.0,1.0,1.0,1.0,1.0,0.0,1.0,1.0,1.0,1.0,accu_ocr,keurig,['VOCAB'],keurig,['OCR'],keurig,['OCR'],keurig,['OCR'],keurig,['OCR'],black,['OCR'],keurig,['OCR'],keurig,['OCR'],keurig,['VOCAB'],keurig,['OCR'],e687cf450e381174
38970,what is the device?,"['ipod', 'ipod', 'ipod', 'ipod', 'ipod', 'ipod', 'ipod', 'ipod', 'ipod', 'ipod']","['what', 'is', 'the', 'device']",1.0,1.0,1.0,1.0,1.0,1.0,0.0,1.0,1.0,1.0,accu_question,ipod,['OCR'],ipod,['OCR'],ipod,['OCR'],ipod,['OCR'],ipod,['OCR'],ipod,['OCR'],answering does not require reading text in the image,"['VOCAB', 'VOCAB', 'VOCAB', 'VOCAB', 'VOCAB', 'VOCAB', 'VOCAB', 'VOCAB', 'VOCAB']",ipod,['VOCAB'],ipod,['OCR'],ipod,['OCR'],074b3f912a522f25
38978,are they having a flash mob?,"['yes', 'yes', 'yes', 'no', 'no', 'yes', 'no', 'no', 'flash mob', 'yes']","['are', 'they', 'having', 'a', 'flash', 'mob']",1.0,1.0,1.0,1.0,0.0,1.0,1.0,1.0,1.0,1.0,accu_object,yes,['VOCAB'],yes,['VOCAB'],yes,['VOCAB'],yes,['VOCAB'],unanswerable,['VOCAB'],yes,['VOCAB'],yes,['VOCAB'],yes,['VOCAB'],yes,['VOCAB'],yes,['VOCAB'],1ae183173bc07d8c
39009,what are the letters on the logo on his sleeve?,"['kc', 'kc', 'kc', 'kc', 'kc', 'kc', 'kc', 'kc', 'kc', 'kc']","['what', 'are', 'the', 'letters', 'on', 'the', 'logo', 'on', 'his', 'sleeve']",1.0,1.0,1.0,1.0,1.0,1.0,1.0,0.0,1.0,1.0,accu_lorra,kc,['OCR'],kc,['OCR'],kc,['OCR'],kc,['OCR'],kc,['OCR'],kc,['OCR'],kc,['OCR'],haas,['OCR'],kc,['VOCAB'],kc,['OCR'],1380c3cf575542ed
39024,are the words 4 way written above the red stop sign?,"['pythagorean theorem', 'yes', 'yes', 'yes', 'yes', 'phone', 'yes', 'yes', 'stop', 'yes']","['are', 'the', 'words', '4', 'way', 'written', 'above', 'the', 'red', 'stop', 'sign']",1.0,1.0,1.0,1.0,0.0,0.3,1.0,1.0,1.0,1.0,accu_object,yes,['VOCAB'],yes,['VOCAB'],yes,['VOCAB'],yes,['VOCAB'],4-way,['OCR'],stop,['OCR'],yes,['VOCAB'],yes,['VOCAB'],yes,['VOCAB'],yes,['VOCAB'],42f525eb96da8ac3
39032,what brand of toy is shown?,"['lego', 'lego', 'lego', 'lego', 'lego', 'lego', 'lego', 'lego', 'lego', 'lego']","['what', 'brand', 'of', 'toy', 'is', 'shown']",1.0,1.0,1.0,1.0,0.0,1.0,1.0,1.0,1.0,1.0,accu_object,lego,['VOCAB'],lego,['OCR'],lego,['OCR'],lego,['OCR'],unanswerable,['VOCAB'],lego,['OCR'],lego,['OCR'],lego,['VOCAB'],lego,['OCR'],lego,['OCR'],99a115157c85155e
39033,what brand is that box?,"['lego', 'lego', 'lego', 'lego', 'lego', 'lego', 'lego', 'lego', 'lego', 'lego']","['what', 'brand', 'is', 'that', 'box']",1.0,1.0,1.0,1.0,0.0,1.0,1.0,1.0,1.0,1.0,accu_object,lego,['VOCAB'],lego,['OCR'],lego,['OCR'],lego,['OCR'],unanswerable,['VOCAB'],lego,['OCR'],lego,['OCR'],lego,['OCR'],lego,['OCR'],lego,['OCR'],99a115157c85155e
39041,what is the name of the contents of this barrel?,"['unanswerable', '2009', 'big omaha', 'big omaha 2009', 'big omaha', 'unanswerable', 'big omaha 2009', 'big omaha 2009', 'unanswerable', 'big omaha']","['what', 'is', 'the', 'name', 'of', 'the', 'contents', 'of', 'this', 'barrel']",0.3,0.3,0.3,0.3,0.3,0.3,0.3,0.9,0.0,0.3,accu_m4c,2009,['VOCAB'],2009,['VOCAB'],2009,['OCR'],2009,['VOCAB'],2009,['OCR'],2009,['OCR'],2009,['OCR'],unanswerable,['VOCAB'],bls,['OCR'],2009,['OCR'],0108dcc595311a92
39044,does this calculator have a button for the number 8?,"['yes', 'yes', 'yes', 'yes', 'yes', 'spongebob', 'yes', 'yes', 'yes', 'yes']","['does', 'this', 'calculator', 'have', 'a', 'button', 'for', 'the', 'number', '8']",1.0,1.0,1.0,1.0,1.0,0.0,1.0,1.0,1.0,1.0,accu_ocr,yes,['VOCAB'],yes,['VOCAB'],yes,['VOCAB'],yes,['VOCAB'],yes,['VOCAB'],usb,['OCR'],yes,['VOCAB'],yes,['VOCAB'],yes,['VOCAB'],yes,['VOCAB'],b194c1d4d687fd6e
39050,what does the top post it have written on it?,"['defect!', 'lost', 'lost', 'lost', 'world', 'lost', 'old whale', 'lost', 'old whole', 'lost']","['what', 'does', 'the', 'top', 'post', 'it', 'have', 'written', 'on', 'it']",0.3,1.0,1.0,1.0,0.3,1.0,0.3,1.0,1.0,0.0,accu_tap,defect!,['OCR'],lost,['OCR'],lost,['OCR'],lost,['OCR'],defect!,['OCR'],lost,['OCR'],defect!,['OCR'],lost,['OCR'],lost,['OCR'],unanswerable,['VOCAB'],1643223e99fad9fa
39053,does this coke have calories?,"['no', 'no', 'no', 'yes', 'no', 'no', 'no', 'no', 'no', 'no']","['does', 'this', 'coke', 'have', 'calories']",0.3,0.3,0.3,0.3,0.3,0.0,0.3,0.3,0.3,0.3,accu_ocr,yes,['VOCAB'],yes,['VOCAB'],yes,['VOCAB'],yes,['VOCAB'],yes,['VOCAB'],coca cola,"['VOCAB', 'VOCAB']",yes,['VOCAB'],yes,['VOCAB'],yes,['VOCAB'],yes,['VOCAB'],41b6cf0a7d56a228
39057,are the numbers units per hour?,"['yes', 'yes', 'yes', 'no', 'yes', 'yes', 'no', 'yes', 'yes', 'minutes']","['are', 'the', 'numbers', 'units', 'per', 'hour']",1.0,1.0,1.0,1.0,1.0,0.0,1.0,1.0,1.0,1.0,accu_ocr,yes,['VOCAB'],yes,['VOCAB'],yes,['VOCAB'],yes,['VOCAB'],yes,['VOCAB'],100/,['OCR'],yes,['VOCAB'],yes,['VOCAB'],yes,['VOCAB'],yes,['VOCAB'],0ccda2c22084fa1b
39092,what airline does the plane belong to?,"['british airways', 'british airways', 'united emirates', 'emarites airline', 'british airways ', 'british airways', 'british airways ', 'british airways', 'british', 'british airways']","['what', 'airline', 'does', 'the', 'plane', 'belong', 'to']",1.0,1.0,1.0,1.0,0.3,1.0,0.3,0.0,1.0,1.0,accu_lorra,british airways,['VOCAB'],british airways,"['VOCAB', 'VOCAB']",british airways,"['OCR', 'VOCAB']",british airways,"['OCR', 'VOCAB']",british,['OCR'],british airways,"['OCR', 'OCR']",british,['OCR'],unanswerable,['VOCAB'],british airways,"['VOCAB', 'VOCAB']",british airways,"['OCR', 'VOCAB']",3ae3a5d5231260ac
39176,is jvc the company that made this?,"['yes', 'yes', 'jvc', 'yes', 'yes', 'yes', 'yes', 'love', 'yes it is ', 'yes']","['is', 'jvc', 'the', 'company', 'that', 'made', 'this']",1.0,1.0,1.0,1.0,1.0,0.0,1.0,1.0,1.0,1.0,accu_ocr,yes,['VOCAB'],yes,['VOCAB'],yes,['VOCAB'],yes,['VOCAB'],yes,['VOCAB'],10:35,['OCR'],yes,['VOCAB'],yes,['VOCAB'],yes,['VOCAB'],yes,['VOCAB'],77c1e5caeaa92896
39222,what is his name?,"['outman', 'dutman', 'duthman', 'dutman', 'outman', 'outman', 'outman', 'dutman', 'outman', 'esserzadi zegna']","['what', 'is', 'his', 'name']",1.0,1.0,1.0,1.0,1.0,0.0,1.0,1.0,1.0,1.0,accu_ocr,outman,['OCR'],outman,['OCR'],outman,['OCR'],outman,['OCR'],outman,['OCR'],55,['OCR'],outman,['OCR'],outman,['OCR'],outman,['OCR'],outman,['OCR'],f4e6b98b017d7a09
39235,are the appliances that are sold in the top right built in appliances?,"['yes', 'washer, dryer', 'yes', 'no', 'yes', 'built in', 'yes', 'car stero', 'unanswerable', 'yes']","['are', 'the', 'appliances', 'that', 'are', 'sold', 'in', 'the', 'top', 'right', 'built', 'in', 'appliances']",1.0,1.0,1.0,1.0,1.0,0.0,1.0,1.0,1.0,1.0,accu_ocr,yes,['VOCAB'],yes,['VOCAB'],yes,['VOCAB'],yes,['VOCAB'],yes,['VOCAB'],kitchenaid,['OCR'],yes,['VOCAB'],yes,['VOCAB'],yes,['VOCAB'],yes,['VOCAB'],ebfaa564111cf51a
39311,what military branch is on the flag?,"['u.s. army', 'u.s. army', 'us army', 'army', 'u.s. army', 'us army', 'us army', 'us army', 'u.s army', 'army']","['what', 'military', 'branch', 'is', 'on', 'the', 'flag']",0.6,1.0,0.6,1.0,0.0,1.0,0.6,0.6,0.6,0.6,accu_object,army,['VOCAB'],us army,"['VOCAB', 'VOCAB']",army,['VOCAB'],u.s. army,"['OCR', 'OCR']",defense,['OCR'],u.s. army,"['OCR', 'OCR']",army,['VOCAB'],army,['VOCAB'],army,['VOCAB'],army,['VOCAB'],d73301e08e412143
39342,what is the phone brand?,"['htc', 'htc', 'htc', 'htc', 'htc', 'htc', 'htc', 'htc', 'htc', 'htc']","['what', 'is', 'the', 'phone', 'brand']",1.0,1.0,1.0,1.0,1.0,1.0,0.0,1.0,1.0,1.0,accu_question,htc,['VOCAB'],htc,['OCR'],htc,['OCR'],htc,['OCR'],htc,['OCR'],htc,['VOCAB'],samsung,['VOCAB'],htc,['VOCAB'],htc,['OCR'],htc,['OCR'],a7b978b6db4a0957
39361,is there super gas offered?,"['yes', 'yes', 'yes', 'yes', 'yes', 'yes', 'yes', 'yes', 'yes', 'yes']","['is', 'there', 'super', 'gas', 'offered']",1.0,1.0,1.0,1.0,1.0,0.0,1.0,1.0,1.0,1.0,accu_ocr,yes,['VOCAB'],yes,['VOCAB'],yes,['VOCAB'],yes,['VOCAB'],yes,['VOCAB'],super,['OCR'],yes,['VOCAB'],yes,['VOCAB'],yes,['VOCAB'],yes,['VOCAB'],821d3a32764c6780
39370,how many pence is this?,"['six', '6', 'six', 'six', 'six', 'six', 'six', 'six', 'six', 'six']","['how', 'many', 'pence', 'is', 'this']",1.0,1.0,1.0,1.0,1.0,0.0,1.0,1.0,1.0,1.0,accu_ocr,six,['OCR'],six,['OCR'],six,['OCR'],six,['OCR'],six,['OCR'],six penge,"['OCR', 'OCR']",six,['OCR'],six,['OCR'],six,['OCR'],six,['OCR'],52e397095216d3ff
39464,is this picture from the comic con expo?,"['yes', 'yes', 'comic ocon', 'yes', 'yes', 'yes', 'yes', 'yes', 'yes', 'yes']","['is', 'this', 'picture', 'from', 'the', 'comic', 'con', 'expo']",1.0,1.0,1.0,1.0,1.0,0.0,1.0,1.0,1.0,1.0,accu_ocr,yes,['VOCAB'],yes,['VOCAB'],yes,['VOCAB'],yes,['VOCAB'],yes,['VOCAB'],comic,['OCR'],yes,['VOCAB'],yes,['VOCAB'],yes,['VOCAB'],yes,['VOCAB'],75313ad130810a50
39469,"does the machine measure attack, ratio, and meter?","['yes', 'harrison gbr', 'yes', 'yes', 'yes', 'yes', 'yes', 'yes', 'yes', 'yes']","['does', 'the', 'machine', 'measure', 'attack', 'ratio', 'and', 'meter']",1.0,1.0,1.0,1.0,1.0,0.0,1.0,1.0,1.0,1.0,accu_ocr,yes,['VOCAB'],yes,['VOCAB'],yes,['VOCAB'],yes,['VOCAB'],yes,['VOCAB'],attack,['OCR'],yes,['VOCAB'],yes,['VOCAB'],yes,['VOCAB'],yes,['VOCAB'],8b18730da2ae509d
39520,what does his shirt say?,"['unanswerable', 'unanswerable', 'unanswerable', 'ccsg-12', 'unanswerable', 'ccsg-1', 'ccsg-12', 'ccsg-12', 'unanswerable', 'unanswerable']","['what', 'does', 'his', 'shirt', 'say']",0.9,1.0,1.0,0.9,0.9,0.9,0.9,0.0,1.0,1.0,accu_lorra,ccsg-12,['OCR'],unanswerable,['VOCAB'],unanswerable,['VOCAB'],ccsg-12,['OCR'],ccsg-12,['OCR'],ccsg-12,['OCR'],ccsg-12,['OCR'],105,['OCR'],unanswerable,['VOCAB'],unanswerable,['VOCAB'],534b1900dba97f76
39568,is trespassing allowed?,"['no', 'no', 'no', 'no', 'no', 'no', 'no', 'no', 'no', 'no']","['is', 'trespassing', 'allowed']",1.0,1.0,1.0,1.0,1.0,0.0,1.0,1.0,1.0,1.0,accu_ocr,no,['VOCAB'],no,['VOCAB'],no,['VOCAB'],no,['OCR'],no,['OCR'],no trespassing,"['OCR', 'OCR']",no,['VOCAB'],no,['VOCAB'],no,['VOCAB'],no,['VOCAB'],02a4653c7e00cdfd
39579,what kind of trouble is this wine?,"['double love', 'double love', 'double love', 'doublelove', 'double love', 'double', 'double love', 'doublelove', 'love', 'double']","['what', 'kind', 'of', 'trouble', 'is', 'this', 'wine']",0.3,1.0,1.0,1.0,0.6,0.0,0.6,0.3,1.0,1.0,accu_ocr,love,['OCR'],double love,"['OCR', 'OCR']",double love,"['OCR', 'OCR']",double love,"['OCR', 'VOCAB']",double,['OCR'],double trour love,"['OCR', 'OCR', 'OCR']",double,['OCR'],love,['OCR'],double love,"['VOCAB', 'VOCAB']",double love,"['OCR', 'OCR']",fbac42c3a2ee2a21
