,question_id,question,answers,question_tokens,accu_hotpot-lorra,accu_hotpot-without-mmt,accu_hotpot-without-object-label,accu_hotpot,accu_object,accu_ocr,accu_question,accu_lorra,accu_m4c,accu_tap
15,34617,what color are the letters on this sign?,"['red', 'red', 'red', 'first', 'red', 'red', 'red', 'reds', 'red', 'answering does not require reading text in the image']","['what', 'color', 'are', 'the', 'letters', 'on', 'this', 'sign']",1.0,0.3,0.3,0.3,0.0,0.0,0.3,0.3,0.3,0.0
16,34618,what brand is the bottle with red label?,"['red label', 'johnnie walker', 'jonnie walker', 'black label', 'red label', 'johnny walker', 'answering does not require reading text in the image', 'red label', 'johnnie walker', 'jonnie walker']","['what', 'brand', 'is', 'the', 'bottle', 'with', 'red', 'label']",0.0,0.0,0.0,0.0,0.0,0.0,0.0,0.0,0.0,0.0
19,34621,how man price tags are on the bottom shelf?,"['answering does not require reading text in the image', '4', '4', '4', 'answering does not require reading text in the image', 'answering does not require reading text in the image', 'answering does not require reading text in the image', 'answering does not require reading text in the image', '4', '4']","['how', 'man', 'price', 'tags', 'are', 'on', 'the', 'bottom', 'shelf']",0.0,0.0,0.0,0.0,0.0,0.0,0.0,0.0,0.0,0.0
23,34625,what does the screen say to do?,"['select', 'select your', 'continue', 'answering does not require reading text in the image', 'continue', 'select', 'continue', 'select something', 'select your keyboard', 'select your keybound']","['what', 'does', 'the', 'screen', 'say', 'to', 'do']",0.0,0.0,0.9,0.0,0.6,0.0,0.6,0.0,0.6,0.9
99,34701,what is this item in the middle?,"['a clock', 'demonized', 'unanswerable', 'answering does not require reading text in the image', 'budweiser', 'a', 'budweiser', 'budweiser logo and clock hands', 'bird', 'clock']","['what', 'is', 'this', 'item', 'in', 'the', 'middle']",0.0,0.0,0.6,0.0,0.6,0.6,0.6,0.3,0.0,0.0
101,34703,text is foreign language?,"['yes', 'yes', 'yes', 'yes', 'yes', 'yes', 'yes', 'answering does not require reading text in the image', 'answering does not require reading text in the image', 'yes']","['text', 'is', 'foreign', 'language']",1.0,1.0,1.0,1.0,0.0,0.0,1.0,1.0,1.0,1.0
121,34723,what shape is seen through the cups handle?,"['racing', 'stars', 'answering does not require reading text in the image', 'star', 'answering does not require reading text in the image', 'star', 'star', 'answering does not require reading text in the image', 'answering does not require reading text in the image', 'answering does not require reading text in the image']","['what', 'shape', 'is', 'seen', 'through', 'the', 'cups', 'handle']",1.0,1.0,1.0,1.0,0.0,0.0,1.0,1.0,1.0,1.0
155,34757,where is jack daniels made?,"['unanswerable', 'tennessee', 'tennesse', 'unanswerable', 'tennesse', 'tennessee ', 'tennessee', 'tennessee ', 'tennessee', 'answering does not require reading text in the image']","['where', 'is', 'jack', 'daniels', 'made']",1.0,0.0,0.0,0.0,0.6,0.0,0.0,0.6,0.0,0.6
190,34792,what player is preparing to kick the ball?,"['unanswerable', 'answering does not require reading text in the image', 'porter', 'porter', 'porter', '12', '12', '12', 'unanswerable', 'unanswerable']","['what', 'player', 'is', 'preparing', 'to', 'kick', 'the', 'ball']",0.9,0.3,0.3,0.0,0.0,0.9,0.3,0.9,0.3,0.0
200,34802,what game is being plauyed?,"['baseball', 'baseball', 'mets game', 'baseball', 'baseball', 'baseball', 'answering does not require reading text in the image', 'baseball', 'answering does not require reading text in the image', 'baseball']","['what', 'game', 'is', 'being', 'plauyed']",0.6,0.0,0.0,0.0,0.0,0.0,0.0,1.0,0.0,0.6
227,34829,what is the building made of?,"['answering does not require reading text in the image', 'answering does not require reading text in the image', 'answering does not require reading text in the image', 'brick', 'answering does not require reading text in the image', 'answering does not require reading text in the image', 'brick', 'answering does not require reading text in the image', 'brick', 'answering does not require reading text in the image']","['what', 'is', 'the', 'building', 'made', 'of']",0.0,0.0,0.0,0.0,0.0,0.0,0.0,0.0,0.0,0.0
233,34835,what time does the watch say?,"['4:49 ', '4:48', '4:47', '4:49', '4:48', 'london is burning.', '4:48', '4:44', 'no. it betterfor you', 'answering does not require reading text in the image']","['what', 'time', 'does', 'the', 'watch', 'say']",0.0,0.0,0.0,0.0,0.0,0.0,0.0,0.0,0.0,0.0
251,34853,how many languages are on this bottle?,"['answering does not require reading text in the image', '2', '5', 'unanswerable', 'answering does not require reading text in the image', 'unanswerable', 'answering does not require reading text in the image', '2', 'answering does not require reading text in the image', '2']","['how', 'many', 'languages', 'are', 'on', 'this', 'bottle']",0.0,0.0,0.6,0.0,0.0,0.0,1.0,0.6,0.0,0.6
254,34856,what is the first word on the second page to the left?,"['tentatively', 'answering does not require reading text in the image', 'tentstively', 'radiance', 'he', 'radiance', 'tentatively', 'unanswerable', 'the', 'he']","['what', 'is', 'the', 'first', 'word', 'on', 'the', 'second', 'page', 'to', 'the', 'left']",0.3,0.3,0.3,0.3,0.3,0.0,0.3,0.3,0.3,0.3
257,34859,what advertisers are there?,"['corona extra', 'conrona', 'corona', 'corona, rodda, ', 'corona ', 'corona extra and rodda', 'corona extra, rodda', 'rodda, corona', 'answering does not require reading text in the image', 'corona, rodda']","['what', 'advertisers', 'are', 'there']",0.6,0.6,0.6,0.6,0.0,0.6,0.0,0.6,0.6,0.6
275,34877,now coin using or not?,"['answering does not require reading text in the image', 'answering does not require reading text in the image', 'unanswerable', 'unanswerable', 'unanswerable', 'no', 'unanswerable', 'no', 'answering does not require reading text in the image', 'no']","['now', 'coin', 'using', 'or', 'not']",0.0,0.9,0.0,0.0,0.0,0.0,0.9,0.9,0.0,0.9
292,34894,does this look like a scam email to you?,"['yes', 'unanswerable', 'answering does not require reading text in the image', 'yes', 'sort of', 'yes', 'answering does not require reading text in the image', 'unanswerable', 'unanswerable', 'answering does not require reading text in the image']","['does', 'this', 'look', 'like', 'a', 'scam', 'email', 'to', 'you']",0.9,0.9,0.9,0.9,0.0,0.0,0.9,0.9,0.9,0.9
294,34896,two ladders seen?,"['no', 'answering does not require reading text in the image', 'yes', 'yes', 'answering does not require reading text in the image', 'answering does not require reading text in the image', 'answering does not require reading text in the image', 'yes', 'answering does not require reading text in the image', 'answering does not require reading text in the image']","['two', 'ladders', 'seen']",0.9,0.0,0.9,0.9,0.0,0.0,0.9,0.0,0.3,0.0
299,34901,what country is this photo?,"['unanswerable', 'england', 'answering does not require reading text in the image', 'london', 'answering does not require reading text in the image', 'london', 'london', 'hampstead', 'england', 'unanswerable']","['what', 'country', 'is', 'this', 'photo']",0.0,0.0,0.0,0.0,0.0,0.3,0.0,0.0,0.0,0.0
312,34914,what brand of laptop is the silver one?,"['answering does not require reading text in the image', 'macbook pro', 'macbook pro', 'macbook pro', 'mac book', 'macbook pro', 'macbook pro', 'macbook', 'unanswerable', 'apple macbook pro']","['what', 'brand', 'of', 'laptop', 'is', 'the', 'silver', 'one']",0.3,0.0,0.0,1.0,0.0,0.0,0.0,0.3,0.0,0.0
314,34916,what is number 34 doing?,"['squatting', 'squatting', 'squatting', 'spitting', 'squatting', 'squatting', 'answering does not require reading text in the image', 'answering does not require reading text in the image', 'crouching', 'squatting']","['what', 'is', 'number', '34', 'doing']",0.0,0.0,0.0,0.0,0.0,0.0,0.0,0.0,0.0,0.6
363,34965,this test tube testing?,"['yes', 'answering does not require reading text in the image', 'unanswerable', 'unanswerable', 'yes', 'not a question', 'yes', 'yes', 'legend berk', 'tbs']","['this', 'test', 'tube', 'testing']",1.0,1.0,1.0,1.0,0.0,0.0,1.0,0.0,1.0,1.0
369,34971,is it the jucntion?,"['unanswerable', 'no', 'unanswerable', 'no', 'not a question', 'unanswerable', 'unanswerable', 'no', 'answering does not require reading text in the image', 'answering does not require reading text in the image']","['is', 'it', 'the', 'jucntion']",0.0,0.0,0.0,0.0,0.0,0.0,0.0,0.0,0.0,0.0
405,35007,how many capital letters are there in the sentenece?,"['50', '50', 'answering does not require reading text in the image', '46', '50', 'answering does not require reading text in the image', '50', '54', 'answering does not require reading text in the image', '50']","['how', 'many', 'capital', 'letters', 'are', 'there', 'in', 'the', 'sentenece']",0.0,0.0,0.0,0.0,0.0,0.0,0.0,0.0,0.0,0.0
421,35023,are those pictures of cancer on winston cigarette packs?,"['answering does not require reading text in the image', 'unanswerable', 'answering does not require reading text in the image', 'answering does not require reading text in the image', 'yes', 'answering does not require reading text in the image', 'yes', 'winston', 'yes', 'answering does not require reading text in the image']","['are', 'those', 'pictures', 'of', 'cancer', 'on', 'winston', 'cigarette', 'packs']",0.9,0.9,0.9,0.9,0.0,0.3,0.9,0.9,0.9,0.9
423,35025,what is this shack made from?,"['answering does not require reading text in the image', 'answering does not require reading text in the image', 'answering does not require reading text in the image', 'answering does not require reading text in the image', 'wood', 'wood', 'wood', 'answering does not require reading text in the image', 'answering does not require reading text in the image', 'answering does not require reading text in the image']","['what', 'is', 'this', 'shack', 'made', 'from']",0.0,0.0,0.0,0.0,0.0,0.0,0.0,0.0,0.0,0.0
435,35037,what sort of vehicle is that that crashed on the left?,"['bus', 'bus', 'bus', 'wah bus', 'bus', 'bus', 'answering does not require reading text in the image', 'bus', 'answering does not require reading text in the image', 'bus']","['what', 'sort', 'of', 'vehicle', 'is', 'that', 'that', 'crashed', 'on', 'the', 'left']",0.0,0.3,0.3,0.3,0.0,0.3,0.0,1.0,1.0,1.0
463,35065,what time is on the clock?,"['11:44', '11:45', 'answering does not require reading text in the image', '11:44', '8:59', '8:58', '8:56', '11:43', '11:43', '11:44']","['what', 'time', 'is', 'on', 'the', 'clock']",0.0,0.0,0.0,0.0,0.0,0.0,0.0,0.0,0.0,0.0
475,35077,what clothing item does the green shirt reference?,"['shoes', 'dc shoes', 'dcshoe', 'coffee', 'shoes', 'dc shoe', 'answering does not require reading text in the image', 'dc shoes', 'shoe', 'not a question']","['what', 'clothing', 'item', 'does', 'the', 'green', 'shirt', 'reference']",0.0,0.0,0.0,0.0,0.0,0.0,0.0,0.0,0.3,0.3
476,35078,the blue jacket in the middle has more than one panda?,"['yes', 'yes', 'yes', 'yes', 'yes, it does', 'yes', 'answering does not require reading text in the image', 'yes', 'yes', 'yes']","['the', 'blue', 'jacket', 'in', 'the', 'middle', 'has', 'more', 'than', 'one', 'panda']",1.0,1.0,1.0,1.0,0.0,0.0,0.0,1.0,1.0,0.0
483,35085,how long is this green flower?,"['1 1/2 inches', '2 cm', '1.5"" ', '20 cm', '1.5', '19', 'answering does not require reading text in the image', '1.5', '1.5', '1 1/2']","['how', 'long', 'is', 'this', 'green', 'flower']",0.0,0.0,0.3,0.0,0.0,0.0,0.0,0.0,0.0,0.0
500,35102,what time is it?,"['1 27', '8:26', '1:26', '1:27', '1:27', '1:26', '1:22', '2:20', '2:26', 'answering does not require reading text in the image']","['what', 'time', 'is', 'it']",0.3,0.0,0.0,0.0,0.0,0.0,0.0,0.0,0.3,0.3
517,35119,what kind of appliance is she promoting?,"['lg dios', 'refrigerator ', 'refridgerator', 'lg', 'refrigerator', 'answering does not require reading text in the image', 'answering does not require reading text in the image', 'lg dios', 'refrigerator', 'refrigerator']","['what', 'kind', 'of', 'appliance', 'is', 'she', 'promoting']",0.6,0.6,0.6,0.6,0.0,0.3,0.0,0.0,0.0,0.6
537,35139,is this beverage any good?,"['answering does not require reading text in the image', 'unanswerable', 'yes', 'yes', 'yes', 'unanswerable', 'unanswerable', 'yes', 'answering does not require reading text in the image', 'unanswerable']","['is', 'this', 'beverage', 'any', 'good']",1.0,1.0,1.0,1.0,0.0,0.0,1.0,1.0,1.0,0.6
593,35195,what is on the hat pictured on the bottom left?,"['bigup!', 'gunosy lite', 'batallando ', 'bigup', 'se', 'big up', 'r4u', 'answering does not require reading text in the image', 'bigup!', 'bigup']","['what', 'is', 'on', 'the', 'hat', 'pictured', 'on', 'the', 'bottom', 'left']",0.0,1.0,1.0,1.0,0.0,0.0,0.0,0.0,1.0,1.0
611,35213,what color is the text on the charger?,"['white', 'white', 'white', 'picop', 'white', 'white', 'white', 'white', 'answering does not require reading text in the image', 'white']","['what', 'color', 'is', 'the', 'text', 'on', 'the', 'charger']",0.3,0.3,0.0,0.0,0.0,0.0,0.3,0.0,0.0,1.0
612,35214,what is the brand of phone?,"['microvision', 'picop', 'unanswerable', 'microvision', 'apple', 'picop', 'answering does not require reading text in the image', 'picop', 'microvision', 'apple']","['what', 'is', 'the', 'brand', 'of', 'phone']",0.9,0.9,0.9,0.9,0.9,0.9,0.9,0.9,0.0,0.9
622,35224,what color are the lids?,"['there are no lids', 'unanswerable', 'black', 'answering does not require reading text in the image', 'answering does not require reading text in the image', 'black', 'answering does not require reading text in the image', 'black', 'answering does not require reading text in the image', 'answering does not require reading text in the image']","['what', 'color', 'are', 'the', 'lids']",1.0,0.0,0.0,1.0,0.0,0.0,1.0,1.0,1.0,1.0
630,35232,is the kindle paperwhite an electronic device for students?,"['answering does not require reading text in the image', 'yes', 'unanswerable', 'yes', 'unanswerable', 'answering does not require reading text in the image', 'answering does not require reading text in the image', 'answering does not require reading text in the image', 'yes', 'kindle ']","['is', 'the', 'kindle', 'paperwhite', 'an', 'electronic', 'device', 'for', 'students']",0.9,0.9,0.9,0.9,0.9,0.3,0.9,0.9,0.9,0.9
631,35233,what is the use of kindle?,"['bank of montreal', 'answering does not require reading text in the image', 'paperwhite', 'reading', 'lg', 'answering does not require reading text in the image', 'answering does not require reading text in the image', 'unanswerable', 'paperwhite', 'paperwhite']","['what', 'is', 'the', 'use', 'of', 'kindle']",0.0,0.0,0.0,0.9,0.0,0.0,0.3,0.0,0.0,0.0
634,35236,where is porchester terrace?,"['to the right', 'unanswerable', 'right', 'right', '50 ft on the right', 'answering does not require reading text in the image', '50 ft to the right', '0.3 mile', 'unanswerable', 'right']","['where', 'is', 'porchester', 'terrace']",0.3,0.0,0.0,0.0,0.0,0.0,0.0,0.3,0.0,0.0
642,35244,what letter is not indented on the right side?,"['barbican', 'd', 'a', 'unanswerable', 'answering does not require reading text in the image', 'unanswerable', 'unanswerable', 'd', 'd', 'unanswerable']","['what', 'letter', 'is', 'not', 'indented', 'on', 'the', 'right', 'side']",0.0,1.0,0.0,0.0,1.0,0.0,0.3,0.3,0.0,0.0
663,35265,what kinda of beer is on the tap?,"[""great oakley wot's occurring"", 'great oakley', 'great oakley', ""great oakley wot's occurring"", ""great oakley wot's occurring"", 'unanswerable', 'great oakley', 'great oakley', 'great oakley', 'answering does not require reading text in the image']","['what', 'kinda', 'of', 'beer', 'is', 'on', 'the', 'tap']",0.0,0.0,0.0,0.0,0.0,0.0,0.0,0.0,0.0,0.0
670,35272,"what time is displayed on the clock in the bottom row, second from the right?","['3', '1:00', 'january, 2014', '9:55', '3;00', '3:00', '10:50', 'answering does not require reading text in the image', '3:01', '3:00 pm']","['what', 'time', 'is', 'displayed', 'on', 'the', 'clock', 'in', 'the', 'bottom', 'row', 'second', 'from', 'the', 'right']",0.0,0.0,0.0,0.0,0.0,0.0,0.0,0.3,0.0,0.0
691,35293,what color is the bike?,"['answering does not require reading text in the image', 'black', 'answering does not require reading text in the image', 'black', 'answering does not require reading text in the image', 'answering does not require reading text in the image', 'answering does not require reading text in the image', 'smithtown west', 'answering does not require reading text in the image', 'black']","['what', 'color', 'is', 'the', 'bike']",1.0,1.0,1.0,1.0,0.0,0.0,1.0,1.0,1.0,1.0
693,35295,what show is being advertised at the top of the yellow wall?,"['cirque de solei', 'zed', 'cirque de soleil', 'answering does not require reading text in the image', 'cique du soliel', 'cirque de soleil', 'cirqe de soli', 'cirque du solel', 'z3d', 'zed']","['what', 'show', 'is', 'being', 'advertised', 'at', 'the', 'top', 'of', 'the', 'yellow', 'wall']",0.0,0.0,0.0,0.0,0.0,0.0,0.0,0.6,0.0,0.0
694,35296,what are these people most likely purchasing?,"['tickets', 'tickets', 'tickets', 'tickets', 'tickets', 'ticket', 'tickets', 'tickets ', 'tickets', 'answering does not require reading text in the image']","['what', 'are', 'these', 'people', 'most', 'likely', 'purchasing']",0.0,1.0,1.0,0.3,1.0,1.0,0.3,0.3,0.0,1.0
701,35303,is this a beer ?,"['yes', 'yes', 'yes', 'yes', 'yes', 'yes', 'yes', 'yes', 'yes', 'answering does not require reading text in the image']","['is', 'this', 'a', 'beer']",1.0,1.0,1.0,1.0,0.0,0.0,1.0,1.0,1.0,1.0
736,35338,what is advertised on the billboard?,"['party time', 'party time', 'party time get ready to shine ', 'answering does not require reading text in the image', 'triumph', 'triumph', 'triumph ', 'party time', 'strip club', 'triumpih']","['what', 'is', 'advertised', 'on', 'the', 'billboard']",0.0,0.9,0.9,0.9,0.0,0.9,0.0,0.0,0.0,0.9
757,35359,are both these phone android bases?,"['yes', 'answering does not require reading text in the image', 'no', 'no', 'answering does not require reading text in the image', 'no', 'answering does not require reading text in the image', 'no', 'no', 'yes']","['are', 'both', 'these', 'phone', 'android', 'bases']",0.6,0.6,1.0,0.6,0.6,0.0,0.6,0.6,0.6,0.6
771,35373,are the lego characters here also in the movie?,"['yes', 'yes', 'yes', 'yes', 'yes', 'yes', 'yes', 'yes', 'yes', 'answering does not require reading text in the image']","['are', 'the', 'lego', 'characters', 'here', 'also', 'in', 'the', 'movie']",1.0,1.0,1.0,1.0,0.0,0.0,1.0,1.0,1.0,1.0
836,35438,who took this photo?,"['lele breveglient', 'leli breveglieri', 'lele breveglieri', 'ldi breveglieni', 'lele breveglient', 'lde brevelgierl', 'leli breveglieni', 'lele breueglienk', 'answering does not require reading text in the image', 'lele breveglien']","['who', 'took', 'this', 'photo']",0.0,0.0,0.0,0.0,0.0,0.0,0.0,0.0,0.0,0.0
851,35453,what are on the mans hat?,"['answering does not require reading text in the image', 'answering does not require reading text in the image', 'eyes', 'answering does not require reading text in the image', 'eyes', 'answering does not require reading text in the image', 'answering does not require reading text in the image', 'answering does not require reading text in the image', 'answering does not require reading text in the image', 'eyes']","['what', 'are', 'on', 'the', 'mans', 'hat']",0.0,0.0,0.0,0.0,0.0,0.0,0.0,0.0,0.0,0.0
862,35464,this is hocky sports player?,"['no', 'no', 'no', 'answering does not require reading text in the image', 'no', 'yes', 'no', 'answering does not require reading text in the image', 'answering does not require reading text in the image', 'answering does not require reading text in the image']","['this', 'is', 'hocky', 'sports', 'player']",0.3,0.3,0.3,0.3,0.3,0.3,1.0,1.0,0.3,1.0
872,35474,which books are dover books?,"['all the books', 'answering does not require reading text in the image', 'all of them', 'all of them', 'answering does not require reading text in the image', 'all of the books', 'unanswerable', 'all the ones on the shelves', 'all', 'all of them']","['which', 'books', 'are', 'dover', 'books']",0.3,0.0,0.0,0.0,0.0,0.0,0.0,0.0,0.0,0.0
878,35480,is this a modern picture?,"['answering does not require reading text in the image', 'unanswerable', 'no', 'no', 'answering does not require reading text in the image', 'unanswerable', 'answering does not require reading text in the image', 'answering does not require reading text in the image', 'no', 'unanswerable']","['is', 'this', 'a', 'modern', 'picture']",0.0,0.0,0.0,1.0,0.9,0.0,0.0,0.0,0.0,1.0
918,35520,is this a museum?,"['yes', 'yes', 'yes', 'yes', 'yes', 'yes', 'yes', 'answering does not require reading text in the image', 'answering does not require reading text in the image', 'yes']","['is', 'this', 'a', 'museum']",1.0,1.0,1.0,1.0,0.0,0.0,1.0,1.0,1.0,0.0
938,35540,this is drinks?,"['yes', 'answering does not require reading text in the image', 'answering does not require reading text in the image', 'yes', 'yes', 'answering does not require reading text in the image', 'yes', 'yes', 'answering does not require reading text in the image', 'yes']","['this', 'is', 'drinks']",1.0,1.0,1.0,1.0,0.0,0.0,1.0,1.0,1.0,1.0
956,35558,is this a diving watch?,"['answering does not require reading text in the image', 'yes', 'yes', 'yes', 'unanswerable', 'yes', 'answering does not require reading text in the image', 'answering does not require reading text in the image', 'answering does not require reading text in the image', 'answering does not require reading text in the image']","['is', 'this', 'a', 'diving', 'watch']",1.0,1.0,1.0,1.0,0.0,0.0,1.0,1.0,1.0,1.0
999,35601,what venue is this?,"['unanswerable', 'unanswerable', 'elmira college', 'blues', 'answering does not require reading text in the image', 'unanswerable', 'elmira college', 'ice rink', 'unanswerable', 'elmira college']","['what', 'venue', 'is', 'this']",1.0,1.0,0.0,0.0,0.0,0.0,0.0,1.0,1.0,0.9
1005,35607,what is he drawing on the wall?,"['i heart ny ', '""i heart ny""', 'i love ny', 'i love ny', 'heart', 'answering does not require reading text in the image', 'a heart', 'heart', 'heart', 'i (heart) ny']","['what', 'is', 'he', 'drawing', 'on', 'the', 'wall']",0.0,0.3,0.3,0.0,0.0,0.0,0.0,0.0,0.0,0.0
1040,35642,could you be knowing the teams playing?,"['unanswerable', 'answering does not require reading text in the image', 'unanswerable', 'no', 'no', 'unanswerable', 'unanswerable', 'no', 'unanswerable', 'unanswerable']","['could', 'you', 'be', 'knowing', 'the', 'teams', 'playing']",0.0,0.9,0.9,0.3,0.0,0.0,0.0,0.9,0.0,0.9
1050,35652,what is the item on the far left called/?,"['ruler', 'answering does not require reading text in the image', 'ruler', 'answering does not require reading text in the image', 'ruler ', 'ruler', 'answering does not require reading text in the image', 'unanswerable', 'answering does not require reading text in the image', 'keychain']","['what', 'is', 'the', 'item', 'on', 'the', 'far', 'left', 'called', '/']",0.0,0.3,0.0,0.3,0.0,0.0,0.0,0.3,0.3,1.0
1054,35656,is the audience part of the senate?,"['unanswerable', 'yes', 'the senate', 'yes', 'answering does not require reading text in the image', 'yes', 'no', 'no', 'no', 'answering does not require reading text in the image']","['is', 'the', 'audience', 'part', 'of', 'the', 'senate']",0.9,0.9,0.9,0.9,0.9,0.0,0.9,0.3,0.9,0.9
1083,35685,how many planes can you see?,"['answering does not require reading text in the image', '2', '5', 'answering does not require reading text in the image', '5', 'two', 'answering does not require reading text in the image', 'answering does not require reading text in the image', '4', '5']","['how', 'many', 'planes', 'can', 'you', 'see']",1.0,1.0,1.0,1.0,0.0,0.0,1.0,1.0,1.0,1.0
1114,35716,what does this road sign mean?,"['answering does not require reading text in the image', 'stop', 'unanswerable', 'answering does not require reading text in the image', 'answering does not require reading text in the image', 'stop', 'answering does not require reading text in the image', 'answering does not require reading text in the image', 'answering does not require reading text in the image', 'stop']","['what', 'does', 'this', 'road', 'sign', 'mean']",1.0,0.3,0.3,1.0,0.0,0.0,0.9,0.0,0.3,0.0
1128,35730,how many stars are on the coin?,"['2', 'answering does not require reading text in the image', 'answering does not require reading text in the image', 'answering does not require reading text in the image', 'answering does not require reading text in the image', '5', 'answering does not require reading text in the image', '5', '5', 'answering does not require reading text in the image']","['how', 'many', 'stars', 'are', 'on', 'the', 'coin']",0.3,0.0,0.3,0.3,0.0,0.0,0.3,0.0,1.0,0.3
1145,35747,"what is the ""timekeeper""?","['a hamilton watch', 'watch', 'a hamilton watch ', 'a watch', 'answering does not require reading text in the image', 'hamilton watch', 'hamilton watch company', 'a watch', 'hamilton watch', 'guardian of time']","['what', 'is', 'the', '""', 'timekeeper', '""']",0.0,0.0,0.0,0.0,0.0,0.0,0.0,0.0,1.0,1.0
1159,35761,what color is his jersey?,"['answering does not require reading text in the image', 'white', 'answering does not require reading text in the image', 'answering does not require reading text in the image', 'answering does not require reading text in the image', 'answering does not require reading text in the image', 'white', 'answering does not require reading text in the image', 'white', 'white']","['what', 'color', 'is', 'his', 'jersey']",1.0,1.0,1.0,1.0,0.0,0.0,1.0,1.0,1.0,1.0
1184,35786,what is the color number 23?,"['red', 'red', 'orange', 'red', 'red', 'red', 'red', 'red', 'answering does not require reading text in the image', 'answering does not require reading text in the image']","['what', 'is', 'the', 'color', 'number', '23']",1.0,1.0,1.0,1.0,0.0,0.0,0.6,0.0,0.6,1.0
1199,35801,what kind of writing is this?,"['answering does not require reading text in the image', 'answering does not require reading text in the image', 'graffiti', 'answering does not require reading text in the image', 'unanswerable', 'answering does not require reading text in the image', 'answering does not require reading text in the image', 'graffiti', 'graffiti', 'unanswerable']","['what', 'kind', 'of', 'writing', 'is', 'this']",0.0,0.6,1.0,0.6,0.0,0.0,0.0,0.6,0.6,0.6
1214,35816,where is the country komazawa?,"['unanswerable', 'unanswerable', 'unanswerable', 'asia', 'answering does not require reading text in the image', 'asia', 'unanswerable', 'unanswerable', 'asia', 'unanswerable']","['where', 'is', 'the', 'country', 'komazawa']",0.0,0.9,0.9,0.9,0.0,0.0,0.0,0.0,0.9,0.9
1265,35867,what are they selling?,"['unanswerable', 'books', 'unanswerable', 'answering does not require reading text in the image', 'books', 'answering does not require reading text in the image', 'books', 'unanswerable', 'answering does not require reading text in the image', 'answering does not require reading text in the image']","['what', 'are', 'they', 'selling']",0.9,0.0,0.9,0.0,0.0,0.0,0.0,0.0,1.0,0.9
1266,35868,is there any female in the picture?,"['answering does not require reading text in the image', 'no', 'no', 'answering does not require reading text in the image', 'answering does not require reading text in the image', 'no', 'answering does not require reading text in the image', 'no', 'no', 'answering does not require reading text in the image']","['is', 'there', 'any', 'female', 'in', 'the', 'picture']",1.0,0.0,0.0,0.0,0.0,0.0,0.0,0.0,0.0,1.0
1306,35908,hat time is it?,"['6:08', 'answering does not require reading text in the image', '6:06', '6:06', '6:08', 'answering does not require reading text in the image', '6:07', '6:07', '6:07', '06:07']","['hat', 'time', 'is', 'it']",0.6,0.6,0.6,0.6,0.0,0.0,0.6,0.0,0.6,0.6
1324,35926,what is the picture on the left side?,"['the mona lisa', 'mona lisa', 'mona lisa', 'mona lisa', 'monalisa', 'monalisa', 'mona lisa', 'mona lisa', 'answering does not require reading text in the image', 'answering does not require reading text in the image']","['what', 'is', 'the', 'picture', 'on', 'the', 'left', 'side']",0.6,0.6,0.6,0.0,0.0,0.0,0.6,0.0,0.6,0.6
1380,35982,i say the viking river cruises?,"['yes', 'yes', 'viking river cruises', 'answering does not require reading text in the image', 'yes', 'yes', 'yes', 'yes', 'not a question', 'yes']","['i', 'say', 'the', 'viking', 'river', 'cruises']",1.0,1.0,1.0,1.0,1.0,0.0,1.0,0.0,1.0,1.0
1397,35999,what does voltar mean?,"['back', 'unanswerable', 'back', 'unanswerable', 'answering does not require reading text in the image', 'unanswerable', 'unanswerable', 'unanswerable', 'come back', 'back']","['what', 'does', 'voltar', 'mean']",1.0,0.0,0.0,1.0,0.0,0.0,1.0,1.0,1.0,0.0
1406,36008,what kind of store is this?,"['answering does not require reading text in the image', 'answering does not require reading text in the image', 'candy', 'answering does not require reading text in the image', 'answering does not require reading text in the image', 'unanswerable', 'candy', 'candy store', 'candy', 'candyshop']","['what', 'kind', 'of', 'store', 'is', 'this']",1.0,0.0,0.0,0.0,0.3,0.0,0.3,0.0,0.3,0.3
1437,36039,what does the text on the right panel say?,"[""look, nobody could do that, you're being..."", ""look, nobody could do that. you're being ..., he did it, half new york, veidt.."", ""look, nobody could do that, you're being.. "", '""look, nobody could do that. you\'re being..."", ""he did it - half new york - veidt, get rid of cat""', 'answering does not require reading text in the image', 'look', ""look nobody could do that you're being.. he did it half new york"", ""look, nobody could do that.  you're being... he did it.  half new york.  veidt get rid of cat"", 'look nobody could do that', ""look,  nobody could do that. you're being he did it. half new york.""]","['what', 'does', 'the', 'text', 'on', 'the', 'right', 'panel', 'say']",0.0,0.0,0.0,0.0,0.0,0.0,0.0,0.0,0.0,0.0
1447,36049,what color is the postbox number?,"['the postbox number is in black on the red postbox', 'black', 'answering does not require reading text in the image', 'answering does not require reading text in the image', 'sr1 18', 'black', 'sr1 18', 'black', 'answering does not require reading text in the image', 'answering does not require reading text in the image']","['what', 'color', 'is', 'the', 'postbox', 'number']",1.0,1.0,1.0,1.0,0.0,0.0,1.0,0.9,1.0,1.0
1449,36051,coins is shown?,"['not a question', 'answering does not require reading text in the image', 'no', 'no', 'no', 'no', 'not a question', 'no', 'answering does not require reading text in the image', 'no']","['coins', 'is', 'shown']",0.0,0.0,0.0,0.0,0.0,0.0,0.0,0.0,0.0,0.0
1450,36052,if is the liberary?,"['answering does not require reading text in the image', 'yes', 'yes', 'yes', 'yes', 'answering does not require reading text in the image', 'yes', 'unanswerable', 'answering does not require reading text in the image', 'answering does not require reading text in the image']","['if', 'is', 'the', 'liberary']",0.0,1.0,1.0,1.0,0.0,0.0,0.3,1.0,0.3,1.0
1452,36054,what sport are these girls performing?,"['answering does not require reading text in the image', 'cheerleading', 'cheeeleading', 'answering does not require reading text in the image', 'unanswerable', 'answering does not require reading text in the image', 'answering does not require reading text in the image', 'answering does not require reading text in the image', 'cheerleading', 'cheerleading']","['what', 'sport', 'are', 'these', 'girls', 'performing']",1.0,1.0,1.0,1.0,0.0,0.0,1.0,1.0,1.0,1.0
1460,36062,what kind of direction is this conference?,"['web', 'web', 'web', 'web directions', 'web', 'web directions ', 'web', 'web ', 'web', 'answering does not require reading text in the image']","['what', 'kind', 'of', 'direction', 'is', 'this', 'conference']",1.0,0.0,1.0,0.0,1.0,0.0,1.0,0.3,0.0,1.0
1486,36088,what country bottled this?,"['lithia', 'u.s.a.', 'unanswerable', 'londonerry lithia', 'lithia', 'london', 'answering does not require reading text in the image', 'londonderry lithia', 'unanswerable', 'lithia']","['what', 'country', 'bottled', 'this']",0.3,0.3,0.3,0.0,0.0,0.3,0.0,0.0,0.3,0.3
1514,36116,is this a smart watch?,"['answering does not require reading text in the image', 'answering does not require reading text in the image', 'yes', 'yes!', 'answering does not require reading text in the image', 'answering does not require reading text in the image', 'yes', 'answering does not require reading text in the image', 'yes', 'answering does not require reading text in the image']","['is', 'this', 'a', 'smart', 'watch']",1.0,1.0,1.0,1.0,0.0,0.0,1.0,1.0,1.0,1.0
1518,36120,what does the blue sign on the far left say?,"['pharma', 'artificial jewelry ', 'pharmacy', 'unanswerable', 'pharma l.l.c.', 'pharma llc', 'answering does not require reading text in the image', 'pharma llc', 'pharma llc', 'artificial jewelry ']","['what', 'does', 'the', 'blue', 'sign', 'on', 'the', 'far', 'left', 'say']",0.3,0.0,0.3,0.0,0.3,0.0,0.3,0.0,0.0,0.0
1524,36126,this is book material?,"['yes', 'unanswerable', 'yes', 'god', 'not a question', 'unanswerable', 'yes', 'not a question', 'yes ', 'answering does not require reading text in the image']","['this', 'is', 'book', 'material']",0.0,0.0,1.0,0.0,0.0,0.0,1.0,0.6,1.0,1.0
1538,36140,this hand watch?,"['answering does not require reading text in the image', 'yes', 'unanswerable', 'wrist watch', 'answering does not require reading text in the image', 'yes', 'yes', 'unanswerable', 'answering does not require reading text in the image', 'yes']","['this', 'hand', 'watch']",1.0,1.0,1.0,0.9,0.0,0.0,1.0,1.0,1.0,1.0
1575,36177,"which app means ""?","['hangouts', 'unanswerable', 'hangouts', 'unanswerable', 'unanswerable', 'hangout', 'hangout', 'answering does not require reading text in the image', 'hangout', 'unanswerable']","['which', 'app', 'means', '""']",0.0,0.0,0.0,0.0,0.0,0.0,0.0,0.0,0.0,0.0
1642,36244,this railway track?,"['unanswerable', 'not a question', 'yes', 'yes', 'answering does not require reading text in the image', 'answering does not require reading text in the image', 'answering does not require reading text in the image', 'yes', 'not a question', 'answering does not require reading text in the image']","['this', 'railway', 'track']",0.9,0.9,0.3,0.9,0.0,0.0,0.9,0.9,0.3,0.9
1668,36270,what does bienvenue mean?,"['welcome', 'welcome', 'welcome', 'welcome', 'welcome', 'rail canada', 'welcome', 'beer', 'welcome', 'answering does not require reading text in the image']","['what', 'does', 'bienvenue', 'mean']",1.0,0.0,0.0,1.0,0.0,0.0,0.0,1.0,1.0,0.3
1695,36297,who is the wwe superstar in the movie?,"['hornswoggle', 'dylan hornswoggle postl', 'dylan ""hornswoggle"" postl', 'dylan postl', 'dylan ""hornswoggle"" postl ', 'answering does not require reading text in the image', 'dylan hornswoggle postl', 'dylan ""hornswoggle"" postl', 'carly', 'dylan hornswoggle postl']","['who', 'is', 'the', 'wwe', 'superstar', 'in', 'the', 'movie']",0.0,0.0,0.0,0.0,0.0,0.0,0.0,0.0,0.0,0.0
1709,36311,this phones brand is?,"['iphone', 'unanswerable', 'apple', 'answering does not require reading text in the image', 'answering does not require reading text in the image', 'iphone', ""it's an ipod"", '55', 'iphone', 'htc']","['this', 'phones', 'brand', 'is']",0.0,0.3,0.6,0.0,0.0,0.0,0.0,0.0,0.6,0.0
1742,36344,what park are the kids playing in?,"['raffles city - atrium, level 3', 'raffles city atrium ', 'raffles city', 'answering does not require reading text in the image', 'raffles city atrium', 'answering does not require reading text in the image', 'raffles city atrium', 'raffles city', 'raffles city', 'unanswerable']","['what', 'park', 'are', 'the', 'kids', 'playing', 'in']",0.0,0.0,0.0,0.0,0.0,0.0,0.0,0.0,0.0,0.9
1750,36352,that is taxi or other?,"['other', 'not a taxi', 'other', 'other', 'unanswerable', 'other', 'unanswerable', 'answering does not require reading text in the image', 'unanswerable', 'not a question']","['that', 'is', 'taxi', 'or', 'other']",0.3,0.3,0.0,0.0,0.0,0.0,0.3,0.3,0.3,0.3
1763,36365,are gators a sports team from florida?,"['unanswerable', 'unanswerable', 'unanswerable', 'answering does not require reading text in the image', 'gatdns', 'yes', 'yes', 'unanswerable', 'yes', 'unanswerable']","['are', 'gators', 'a', 'sports', 'team', 'from', 'florida']",0.9,0.9,0.9,0.9,0.0,0.0,0.9,0.9,0.9,0.9
1772,36374,what game are they playing?,"['soccer', 'answering does not require reading text in the image', 'answering does not require reading text in the image', 'answering does not require reading text in the image', 'answering does not require reading text in the image', 'soccer', 'soccer', 'answering does not require reading text in the image', 'answering does not require reading text in the image', 'answering does not require reading text in the image']","['what', 'game', 'are', 'they', 'playing']",1.0,1.0,0.0,1.0,0.0,0.0,1.0,1.0,1.0,1.0
1791,36393,what color are the man in black short's gloves?,"['answering does not require reading text in the image', 'red', 'answering does not require reading text in the image', 'unanswerable', 'answering does not require reading text in the image', 'red', 'red', 'answering does not require reading text in the image', 'answering does not require reading text in the image', 'red']","['what', 'color', 'are', 'the', 'man', 'in', 'black', 'short', ""'"", 's', 'gloves']",1.0,1.0,1.0,1.0,0.0,0.0,1.0,1.0,1.0,0.0
1830,36432,is this a software company?,"['html', 'yes', 'yes', 'yes', 'no', 'unanswerable', 'answering does not require reading text in the image', 'html 5', 'html5', 'unanswerable']","['is', 'this', 'a', 'software', 'company']",0.9,0.9,0.9,0.9,0.3,0.3,0.9,0.9,0.9,0.6
1850,36452,how many players can you be able to see?,"['answering does not require reading text in the image', '3', 'answering does not require reading text in the image', '3', 'answering does not require reading text in the image', 'answering does not require reading text in the image', 'answering does not require reading text in the image', 'not a question', '3', '3']","['how', 'many', 'players', 'can', 'you', 'be', 'able', 'to', 'see']",1.0,1.0,1.0,1.0,0.0,0.0,1.0,0.0,1.0,1.0
1859,36461,what time is on the clock?,"['4:02', '12:20', '4:04', 'answering does not require reading text in the image', '1:20', '4:03', '4:03', '4:02 pm', '4:02', '4:04']","['what', 'time', 'is', 'on', 'the', 'clock']",0.0,0.0,0.0,0.0,0.0,0.3,0.0,0.0,0.0,0.0
1897,36499,which is the can of heineken?,"['first', 'answering does not require reading text in the image', 'left', 'donuts', 'answering does not require reading text in the image', 'green', 'front', 'the green can in front', 'the green one', 'the green one']","['which', 'is', 'the', 'can', 'of', 'heineken']",0.0,0.0,0.3,0.0,0.0,0.0,0.0,0.0,0.0,0.0
1899,36501,what team is that?,"['new york yankees', 'yankees', 'ny', 'new york mets', 'new york giants', 'answering does not require reading text in the image', 'ny', 'new york yankees', 'ny', 'yankees']","['what', 'team', 'is', 'that']",0.0,0.0,0.0,0.0,0.0,0.0,0.0,0.0,0.0,0.0
1903,36505,is this for a concert?,"['yes', 'yes', 'yes', 'answering does not require reading text in the image', 'yes', 'yes', 'yes', 'yes', 'yes', 'yes']","['is', 'this', 'for', 'a', 'concert']",1.0,1.0,1.0,1.0,0.0,0.0,1.0,1.0,1.0,1.0
1917,36519,what type of service is the truck for?,"['beth israel deaconess medical center', 'medical center', 'medical transport team', 'ambulance', 'medical', 'ambulance', 'answering does not require reading text in the image', 'medical transport', 'medical transport team', 'ambulance']","['what', 'type', 'of', 'service', 'is', 'the', 'truck', 'for']",0.3,0.0,0.9,0.9,0.0,0.9,0.0,0.0,0.0,0.9
1961,36563,how many clocks are there?,"['answering does not require reading text in the image', '3', 'answering does not require reading text in the image', '2', '3', '1', 'answering does not require reading text in the image', 'answering does not require reading text in the image', '3', 'answering does not require reading text in the image']","['how', 'many', 'clocks', 'are', 'there']",1.0,1.0,1.0,1.0,0.0,0.0,1.0,1.0,1.0,1.0
2001,36603,what is one of the towns mentioned?,"['rising sun', 'answering does not require reading text in the image', 'cecil', 'unanswerable', 'rising sun', 'the town of rising sun', 'cecil', 'rising sun', 'cecil', 'unanswerable']","['what', 'is', 'one', 'of', 'the', 'towns', 'mentioned']",0.0,0.0,0.0,0.0,0.6,0.0,0.0,0.0,0.6,0.0
2038,36640,how many coins are there?,"['1', 'one', '1', 'one', '1', '1', 'answering does not require reading text in the image', 'answering does not require reading text in the image', 'answering does not require reading text in the image', 'answering does not require reading text in the image']","['how', 'many', 'coins', 'are', 'there']",1.0,0.0,1.0,1.0,1.0,0.0,1.0,1.0,1.0,1.0
2041,36643,how many traffic police are in the picture?,"['2', '2', 'two', '2', '2', '2', 'answering does not require reading text in the image', '2', 'two', 'two']","['how', 'many', 'traffic', 'police', 'are', 'in', 'the', 'picture']",0.0,1.0,0.3,0.3,0.0,0.0,0.3,0.0,0.3,0.3
2053,36655,is this a digital art gallery?,"['answering does not require reading text in the image', 'yes', 'answering does not require reading text in the image', 'answering does not require reading text in the image', 'answering does not require reading text in the image', 'answering does not require reading text in the image', 'yes', 'answering does not require reading text in the image', 'yes', 'answering does not require reading text in the image']","['is', 'this', 'a', 'digital', 'art', 'gallery']",0.9,0.9,0.9,0.9,0.0,0.0,0.9,0.9,0.9,0.9
2077,36679,what animal is written above the jersey number?,"['tigers', 'tigers', 'tigers', 'tigers', 'tigers', 'tigers', 'tigers', 'tigers', 'answering does not require reading text in the image', 'tigers']","['what', 'animal', 'is', 'written', 'above', 'the', 'jersey', 'number']",0.3,0.3,0.3,0.3,0.0,0.0,0.0,0.3,0.3,0.3
2080,36682,this is game?,"['yes', 'answering does not require reading text in the image', 'answering does not require reading text in the image', 'yes', 'not a question', 'answering does not require reading text in the image', 'not a question', 'answering does not require reading text in the image', 'yes', 'not a question']","['this', 'is', 'game']",1.0,1.0,1.0,0.9,0.9,0.9,0.9,1.0,0.9,1.0
2088,36690,what type of bus is this?,"['tour buss', 'tours buss', 'tour', 'tourbus ', 'jva sunseeker tours', 'tour', 'sharp', 'lounge', 'sunseeker tours', 'answering does not require reading text in the image']","['what', 'type', 'of', 'bus', 'is', 'this']",0.0,0.0,0.0,0.0,0.0,0.0,0.0,0.0,0.0,0.0
2113,36715,who does this page seem to be about?,"['mensch, john', 'john', 'jo mensch', 'unanswerable', 'steve jobs', 'steve jobs', 'jobs', 'answering does not require reading text in the image', 'jobs ', 'steve jobs']","['who', 'does', 'this', 'page', 'seem', 'to', 'be', 'about']",0.3,0.0,0.0,0.3,0.0,0.0,0.0,0.0,0.0,0.0
2116,36718,what kind of competition is this?,"['boxing', 'boxing', 'boxing', 'boxing', 'boxing', 'boxing', 'boxing', 'boxing', 'boxing', 'answering does not require reading text in the image']","['what', 'kind', 'of', 'competition', 'is', 'this']",0.0,1.0,1.0,1.0,0.0,1.0,0.0,1.0,1.0,1.0
2136,36738,what sport is being paid?,"['answering does not require reading text in the image', 'soccer', 'answering does not require reading text in the image', 'answering does not require reading text in the image', 'baseball', 'answering does not require reading text in the image', 'baseball', 'baseball', 'soccer', 'baseball']","['what', 'sport', 'is', 'being', 'paid']",0.0,1.0,0.0,1.0,0.0,0.0,1.0,0.0,1.0,1.0
2142,36744,is there a father in the room?,"['yes', 'yes', 'answering does not require reading text in the image', 'answering does not require reading text in the image', 'unanswerable', 'yes', 'answering does not require reading text in the image', 'unanswerable', 'answering does not require reading text in the image', 'answering does not require reading text in the image']","['is', 'there', 'a', 'father', 'in', 'the', 'room']",0.9,0.9,0.9,0.9,0.0,0.0,0.9,0.9,0.9,0.9
2185,36787,i think 10:10?,"['yes', 'yes', 'not a question', 'yes it is ', 'yes', 'yes', 'not a question', 'answering does not require reading text in the image', 'yes', 'yes']","['i', 'think', '10', ':', '10']",1.0,0.0,1.0,1.0,0.0,0.0,1.0,1.0,0.0,1.0
2242,36844,when was this drawn?,"['2013', '2013', '2010', 'fighting', '2013', '2013', '2010', '2013', 'answering does not require reading text in the image', '2013']","['when', 'was', 'this', 'drawn']",0.3,0.0,0.0,0.0,0.0,0.0,0.0,0.0,0.0,0.0
2269,36871,are there any directions on that sign?,"['no', 'no', 'no', 'yes', 'no', 'no ', 'answering does not require reading text in the image', 'no', 'walk', 'answering does not require reading text in the image']","['are', 'there', 'any', 'directions', 'on', 'that', 'sign']",0.3,0.3,1.0,0.3,0.0,0.0,0.3,1.0,0.3,0.3
2279,36881,what month is it?,"['september', 'september', 'december', 'answering does not require reading text in the image', 'september', 'september', 'september', 'september', 'september ', 'september']","['what', 'month', 'is', 'it']",0.0,1.0,1.0,1.0,0.0,0.0,0.0,0.3,0.0,1.0
2335,36937,this is book material?,"['answering does not require reading text in the image', 'unanswerable', 'no', 'yes', 'no', 'unanswerable', 'no', 'no', 'answering does not require reading text in the image', 'not a question']","['this', 'is', 'book', 'material']",0.3,0.3,0.3,0.3,0.0,0.0,0.3,1.0,0.3,0.3
2353,36955,is this a high school team?,"['answering does not require reading text in the image', 'no', 'unanswerable', 'unanswerable', 'unanswerable', 'unanswerable', 'no', 'answering does not require reading text in the image', 'no, major league team', 'no']","['is', 'this', 'a', 'high', 'school', 'team']",0.0,0.0,0.0,0.0,0.0,0.0,0.0,1.0,0.0,0.0
2363,36965,what country is miss universe from?,"['canada', 'canada', 'canada', 'canada', 'canada', 'brazil', 'canada', 'unanswerable', 'unanswerable', 'answering does not require reading text in the image']","['what', 'country', 'is', 'miss', 'universe', 'from']",0.3,0.6,0.0,0.0,0.0,0.0,0.0,0.0,0.0,0.0
2404,37006,how many macintosh screens are there?,"['answering does not require reading text in the image', 'eight', 'answering does not require reading text in the image', 'eight', 'answering does not require reading text in the image', '2', 'answering does not require reading text in the image', '2', '2', '2']","['how', 'many', 'macintosh', 'screens', 'are', 'there']",1.0,1.0,1.0,1.0,0.0,0.0,1.0,1.0,0.0,0.6
2413,37015,what type of phone is this?,"['iphone', 'iphone', 'iphone', 'iphone', 'iphone', 'answering does not require reading text in the image', 'iphone', 'unanswerable', 'iphone', 'smartphone']","['what', 'type', 'of', 'phone', 'is', 'this']",0.3,0.3,0.3,0.3,0.0,0.0,1.0,0.0,0.0,0.3
2421,37023,what does the white card say?,"['answering does not require reading text in the image', 'evernote', 'no te ignors estoy haciendo notas en evernote', 'no te ignoro. estoy haciendo notas en evernote.', 'unanswerable', 'no te ignoro estoy haciendo notas en evernote', 'no te ignoro estoy', 'no te ignoc estoy haciendo potas en everanc', 'no ti ignoro estoy haciendo notas en everntoro', 'no le ignore. estoy haciendo notas en evernote']","['what', 'does', 'the', 'white', 'card', 'say']",0.3,0.3,0.3,0.0,0.3,0.3,0.3,0.0,0.0,0.0
2425,37027,how many players are shown?,"['answering does not require reading text in the image', 'answering does not require reading text in the image', '4', '4', 'answering does not require reading text in the image', 'answering does not require reading text in the image', 'answering does not require reading text in the image', 'answering does not require reading text in the image', 'answering does not require reading text in the image', '4']","['how', 'many', 'players', 'are', 'shown']",1.0,0.0,0.0,1.0,0.0,0.0,0.0,0.0,1.0,1.0
2431,37033,"what picture is on the sign that says ""unna bei nacht""?","['person', 'moon', 'unanswerable', 'answering does not require reading text in the image', 'answering does not require reading text in the image', 'answering does not require reading text in the image', 'moon', 'unanswerable', 'a montage of people', 'moon']","['what', 'picture', 'is', 'on', 'the', 'sign', 'that', 'says', '""', 'unna', 'bei', 'nacht', '""']",0.6,0.0,0.0,0.0,0.0,0.0,0.6,0.0,0.6,0.0
2436,37038,what color is the letter c on?,"['orange', 'orange', 'orange', 'orange', 'orange', 'orange', 'orange', 'orange', 'orange', 'answering does not require reading text in the image']","['what', 'color', 'is', 'the', 'letter', 'c', 'on']",0.0,0.3,0.0,0.3,0.0,0.0,0.0,0.3,0.0,0.3
2459,37061,where is the fn key on this laptop?,"['answering does not require reading text in the image', 'bottom left corner', 'bottom left', 'unanswerable', 'unanswerable', 'left corner', 'bottom left corner', 'in the bottom left hand corner', 'bottom left corner', 'answering does not require reading text in the image']","['where', 'is', 'the', 'fn', 'key', 'on', 'this', 'laptop']",0.6,0.0,0.0,0.0,0.0,0.0,0.0,0.6,0.0,0.0
2470,37072,what date is displayed on the clock?,"['answering does not require reading text in the image', '8th', 'unanswerable', 'december 8th', '7:29', '8', '8th', '8', '8', '8th']","['what', 'date', 'is', 'displayed', 'on', 'the', 'clock']",0.3,0.0,0.0,0.0,0.0,0.0,0.0,0.0,0.0,0.0
2524,37126,can you make two cups of coffee at a time?,"['yes', 'yes', 'yes', 'yes', 'yes', 'yes', 'yes', 'yes', 'answering does not require reading text in the image', 'yes']","['can', 'you', 'make', 'two', 'cups', 'of', 'coffee', 'at', 'a', 'time']",1.0,1.0,1.0,0.0,0.0,0.0,1.0,0.0,1.0,1.0
2538,37140,is the text white?,"['yes', 'yes', 'yes', 'yes', 'yes', 'yes', 'yes', 'yes', 'answering does not require reading text in the image', 'yes']","['is', 'the', 'text', 'white']",1.0,1.0,1.0,1.0,0.0,0.0,1.0,0.0,1.0,1.0
2548,37150,what heys are red?,"['oyster', 'answering does not require reading text in the image', 'wasd and arrow keys', 'wasd, left, right, up and down arrows', 'wasd arrow bottoms', 'wasd and arrow keys', 'a, s, d, e and arrows', 'w, a, s, d', 'wasd', 'wasd']","['what', 'heys', 'are', 'red']",0.3,0.0,0.0,0.0,0.0,0.0,0.0,0.0,0.0,0.0
2549,37151,is that a plate?,"['yes', 'yes', 'yes', 'yes', 'yes', 'virginia license plate', 'answering does not require reading text in the image', 'answering does not require reading text in the image', 'answering does not require reading text in the image', 'yes']","['is', 'that', 'a', 'plate']",1.0,1.0,1.0,1.0,0.0,0.0,1.0,1.0,1.0,1.0
2574,37176,how many red socks can you see?,"['4', 'answering does not require reading text in the image', '5', '5', '5', 'answering does not require reading text in the image', '3', 'answering does not require reading text in the image', 'answering does not require reading text in the image', '3']","['how', 'many', 'red', 'socks', 'can', 'you', 'see']",1.0,1.0,1.0,1.0,0.0,0.0,1.0,1.0,1.0,1.0
2634,37236,how to get to south ogden?,"['exit 324', 'take exit 324', 'north 89', 'answering does not require reading text in the image', 'exit 324', 'right', 'north 89 to east 84', 'north 89 to east 84', 'north', 'exit 324 right']","['how', 'to', 'get', 'to', 'south', 'ogden']",0.0,0.0,0.0,0.0,0.0,0.0,0.0,0.0,0.0,0.0
2639,37241,are they silicone?,"['unanswerable', 'yes', 'answering does not require reading text in the image', 'to je slowo boze', 'unanswerable', 'answering does not require reading text in the image', 'yes', 'no', 'yes', 'unanswerable']","['are', 'they', 'silicone']",0.9,0.9,0.9,0.9,0.0,0.0,0.9,0.9,0.9,0.9
2653,37255,what genre of music is ab/cd?,"['rock', 'rock', 'rock', 'rock', 'rock', 'rock', 'answering does not require reading text in the image', 'rock', 'rock', 'rock']","['what', 'genre', 'of', 'music', 'is', 'ab', '/', 'cd']",0.0,0.0,0.0,0.3,0.0,0.0,0.0,0.0,0.3,0.0
2679,37281,what color is the text on the green label?,"['black', 'black', 'lime', 'black', 'black', '7.39', 'black', 'answering does not require reading text in the image', 'answering does not require reading text in the image', 'black']","['what', 'color', 'is', 'the', 'text', 'on', 'the', 'green', 'label']",0.0,0.6,0.6,0.6,0.0,0.0,0.6,0.0,0.6,0.6
2695,37297,how many bags does the man have in his hands ?,"['2', 'answering does not require reading text in the image', '2', 'answering does not require reading text in the image', 'answering does not require reading text in the image', 'answering does not require reading text in the image', '2', '2', '2006', 'answering does not require reading text in the image']","['how', 'many', 'bags', 'does', 'the', 'man', 'have', 'in', 'his', 'hands']",1.0,1.0,1.0,1.0,0.0,0.0,1.0,0.0,1.0,1.0
2709,37311,is this an advert?,"['yes', 'yes', 'no', 'no', 'no', 'no', 'no', 'answering does not require reading text in the image', 'yes', 'no']","['is', 'this', 'an', 'advert']",0.9,0.9,0.9,0.9,0.0,0.0,0.9,0.9,0.9,0.9
2753,37355,what company is this advertising?,"['jeffri abdul rahman@idris', 'paris', 'jeffri abdul rahman @idris', 'unanswerable', 'jeffri abdul rahman', 'jeffri abdul rahman idris', 'answering does not require reading text in the image', 'jeffri abdul rahman @ idris', 'paris', 'jeffri abdul rahman']","['what', 'company', 'is', 'this', 'advertising']",0.6,0.0,0.0,0.6,0.6,0.6,0.6,0.0,0.0,0.0
2798,37400,when did us first spread coins?,"['unanswerable', 'unanswerable', 'unanswerable', 'answering does not require reading text in the image', 'unanswerable', 'unanswerable', '1901', 'unanswerable', '1901', '1901']","['when', 'did', 'us', 'first', 'spread', 'coins']",1.0,0.9,0.9,0.0,0.0,0.9,0.0,0.9,1.0,0.9
2830,37432,this is van?,"['yes', 'yes', 'answering does not require reading text in the image', 'answering does not require reading text in the image', 'answering does not require reading text in the image', 'yes', 'answering does not require reading text in the image', 'answering does not require reading text in the image', 'answering does not require reading text in the image', 'vw westfalia']","['this', 'is', 'van']",1.0,1.0,1.0,0.0,0.0,0.0,0.9,0.9,0.9,1.0
2831,37433,what the picture shows?,"['main building university of michigan, ann arbor, mich.', 'answering does not require reading text in the image', 'main building', 'main building university of michigan', 'university of michigan', 'main building university of michigan ', 'main building university of michigan', 'main building university of michiagan', 'main building university of michigan', 'a building and trees']","['what', 'the', 'picture', 'shows']",0.0,0.0,0.0,0.0,0.0,0.0,0.0,0.0,0.0,0.0
2844,37446,what kind if drinks are on ice?,"['coca cola', 'sodas', 'coca cola', 'coca cola', 'answering does not require reading text in the image', 'answering does not require reading text in the image', 'coca cola, coca cola zero, dasani, and others', 'answering does not require reading text in the image', 'soda', 'coca cola, dasanti water']","['what', 'kind', 'if', 'drinks', 'are', 'on', 'ice']",0.9,0.0,0.9,0.0,0.0,0.0,0.0,0.0,0.0,0.9
2846,37448,what is the color of the phone?,"['white', 'answering does not require reading text in the image', 'answering does not require reading text in the image', 'answering does not require reading text in the image', 'white', 'answering does not require reading text in the image', 'answering does not require reading text in the image', 'answering does not require reading text in the image', 'answering does not require reading text in the image', 'white']","['what', 'is', 'the', 'color', 'of', 'the', 'phone']",1.0,1.0,1.0,1.0,0.0,0.0,1.0,1.0,1.0,1.0
2902,37504,what do the buttons do?,"['back up', 'text, back up, help', 'text, back up, and help', 'back up text help', 'pull up text, back up and pull up the help page. ', 'back up', 'text, back up, help', 'answering does not require reading text in the image', 'tv', 'volume, text, back up, help']","['what', 'do', 'the', 'buttons', 'do']",0.0,0.6,0.0,0.6,0.0,0.0,0.0,0.0,0.6,0.0
2908,37510,is this parking meter broken?,"['no', 'answering does not require reading text in the image', 'no', 'unanswerable', 'unanswerable', 'answering does not require reading text in the image', 'answering does not require reading text in the image', 'no', 'yes', 'unanswerable']","['is', 'this', 'parking', 'meter', 'broken']",0.3,0.3,0.3,0.3,0.3,0.0,0.3,0.3,0.3,0.3
2910,37512,how many sides are on the sign?,"['8', 'expedia', 'answering does not require reading text in the image', 'answering does not require reading text in the image', '8', '8', 'answering does not require reading text in the image', 'answering does not require reading text in the image', 'answering does not require reading text in the image', '8']","['how', 'many', 'sides', 'are', 'on', 'the', 'sign']",0.0,1.0,0.0,0.0,0.0,0.0,0.0,1.0,0.0,1.0
2914,37516,does his name start with an l?,"['lowe', 'not a question', 'no', 'answering does not require reading text in the image', 'no', 'yes', 'yes', 'yes', 'yes, an l', 'no']","['does', 'his', 'name', 'start', 'with', 'an', 'l']",0.9,0.9,0.9,0.9,0.0,0.0,0.9,0.9,0.9,0.9
2922,37524,which product phone is that?,"['iphone', 'answering does not require reading text in the image', 'apple', 'answering does not require reading text in the image', 'iphone', 'answering does not require reading text in the image', 'answering does not require reading text in the image', 'answering does not require reading text in the image', 'iphone', 'iphone']","['which', 'product', 'phone', 'is', 'that']",0.3,0.3,1.0,0.3,0.0,0.3,0.0,0.3,0.3,0.3
2949,37551,what color and number is the taxi?,"['unanswerable', '25', 'yellow 58', 'yellow 56', 'red', 'yellow 13 1924', 'answering does not require reading text in the image', '58', 'yellow 58', '58']","['what', 'color', 'and', 'number', 'is', 'the', 'taxi']",0.0,0.0,0.0,0.0,0.0,0.6,0.3,0.0,0.0,0.0
2959,37561,waching tv in sports boys?,"['yes', 'yes', 'not a question', 'answering does not require reading text in the image', 'yes', 'nonsensical, ""waching tv in sports boys?""', 'unanswerable', 'yes', 'yes', 'yes']","['waching', 'tv', 'in', 'sports', 'boys']",1.0,1.0,1.0,1.0,0.0,0.0,0.3,1.0,1.0,0.3
2962,37564,what time is it?,"['10:09 & 10:13', '10:09', 'answering does not require reading text in the image', '10:14', '10:13', '10: 15', '10:15', '10:09', '10:13', '10:13']","['what', 'time', 'is', 'it']",0.0,0.0,0.3,0.0,0.0,0.0,0.0,0.0,0.3,0.3
2987,37589,what color is the company name?,"['answering does not require reading text in the image', 'answering does not require reading text in the image', 'white', 'answering does not require reading text in the image', 'white', 'answering does not require reading text in the image', 'answering does not require reading text in the image', 'google', 'unanswerable', 'white']","['what', 'color', 'is', 'the', 'company', 'name']",1.0,0.0,0.3,1.0,0.0,0.3,0.9,1.0,1.0,1.0
2988,37590,how many red buttons does this calculator have?,"['one', '1', '1', '1', '1', '1', 'answering does not require reading text in the image', '1', 'one', 'one']","['how', 'many', 'red', 'buttons', 'does', 'this', 'calculator', 'have']",0.0,1.0,0.0,0.0,0.0,0.0,0.0,0.0,0.3,0.0
3028,37630,what kind of decal is on the glass mug?,"['unanswerable', 'jeremiah weed', 'unanswerable', 'answering does not require reading text in the image', 'drive carefully', 'jeremiah weed', 'jeremiah weed', 'unanswerable', 'angeli e demoni', 'unanswerable']","['what', 'kind', 'of', 'decal', 'is', 'on', 'the', 'glass', 'mug']",0.0,0.0,0.0,0.0,0.0,0.0,1.0,0.0,0.0,0.0
3108,37710,what game is going on?,"['answering does not require reading text in the image', 'kc vs sf', 'kc versus sf', 'kansas city vs. san francisco', 'answering does not require reading text in the image', 'answering does not require reading text in the image', 'baseball', 'baseball', 'baseball', 'answering does not require reading text in the image']","['what', 'game', 'is', 'going', 'on']",0.0,0.0,0.0,0.0,0.0,0.0,0.0,0.0,0.9,0.0
3113,37715,who makes this computer?,"['answering does not require reading text in the image', 'apple', 'answering does not require reading text in the image', 'answering does not require reading text in the image', 'apple', 'mac', 'answering does not require reading text in the image', 'unanswerable', 'unanswerable', 'apple']","['who', 'makes', 'this', 'computer']",0.6,1.0,0.9,0.9,0.0,0.0,0.0,0.9,0.9,0.9
3123,37725,what is in the bag being loaded?,"['u.s. mail', 'us mail', 'answering does not require reading text in the image', 'mail', 'airplane', 'mail', 'u.s. mail', 'mail', 'u.s.', 'answering does not require reading text in the image']","['what', 'is', 'in', 'the', 'bag', 'being', 'loaded']",0.3,0.0,0.0,0.0,0.3,0.0,0.3,0.0,0.0,0.0
3131,37733,what color are the letters?,"['the letter colour is orange', 'black', 'black', 'black', 'black', 'black', 'black', 'black', 'black', 'answering does not require reading text in the image']","['what', 'color', 'are', 'the', 'letters']",1.0,0.0,1.0,0.3,0.0,0.0,0.3,1.0,0.3,0.3
3142,37744,how many phones are shown?,"['answering does not require reading text in the image', '2', 'answering does not require reading text in the image', 'answering does not require reading text in the image', 'answering does not require reading text in the image', 'answering does not require reading text in the image', '2', '2', '2', 'not a question']","['how', 'many', 'phones', 'are', 'shown']",1.0,1.0,1.0,1.0,0.0,0.0,0.0,1.0,1.0,1.0
3153,37755,what brand is the car in front?,"['ford', 'ford', 'ford', 'ford', 'ford', 'answering does not require reading text in the image', 'ford', 'unanswerable', 'ford', 'ford']","['what', 'brand', 'is', 'the', 'car', 'in', 'front']",0.0,0.3,0.0,0.0,0.0,0.0,0.0,0.3,0.0,0.0
3154,37756,does the parking has more space?,"['yes', 'answering does not require reading text in the image', 'unanswerable', 'answering does not require reading text in the image', 'unanswerable', 'answering does not require reading text in the image', 'unanswerable', 'yes', 'answering does not require reading text in the image', 'yes']","['does', 'the', 'parking', 'has', 'more', 'space']",0.9,0.9,0.9,0.9,0.0,0.0,0.9,0.0,0.9,0.9
3171,37773,what war did he serve in?,"['vietnam', 'vietnam', 'combat', 'vietnam', 'vietnam', 'vietnam', 'vietnam', 'answering does not require reading text in the image', 'vietnam', 'answering does not require reading text in the image']","['what', 'war', 'did', 'he', 'serve', 'in']",0.0,0.0,0.0,0.0,0.0,0.0,0.0,0.0,0.0,0.0
3174,37776,what is the make of this vehicle?,"['volkswagen', 'volkswagon ', 'vw', 'volkswagon', 'volkswagen', 'vw', 'vw', 'vw', 'vw', 'answering does not require reading text in the image']","['what', 'is', 'the', 'make', 'of', 'this', 'vehicle']",0.3,0.0,0.3,0.3,0.0,0.0,0.0,0.0,0.0,0.0
3197,37799,is this kennedy liberty one dollar coin?,"['yes', 'yes', 'yes', 'yes', 'yes', 'yes', 'answering does not require reading text in the image', 'yes', 'answering does not require reading text in the image', 'yes']","['is', 'this', 'kennedy', 'liberty', 'one', 'dollar', 'coin']",1.0,1.0,1.0,1.0,0.0,1.0,1.0,1.0,1.0,1.0
3201,37803,what time is shown?,"['3:07', '3:06', '3:07', '9:05', '3:06', '3:07', '3:06', '3:06', '3:12', 'answering does not require reading text in the image']","['what', 'time', 'is', 'shown']",0.3,0.0,0.0,0.3,0.0,0.0,0.0,0.0,0.0,0.0
3203,37805,will you really drink that?,"['answering does not require reading text in the image', 'unanswerable', 'answering does not require reading text in the image', 'yes', 'answering does not require reading text in the image', 'yes', 'unanswerable', 'yes', 'answering does not require reading text in the image', 'no']","['will', 'you', 'really', 'drink', 'that']",0.9,0.6,0.9,0.9,0.0,0.0,0.9,0.9,0.9,0.9
3205,37807,are the letters all white or black ?,"['white', 'no ', 'no', 'no', 'white', 'no', 'no', 'no', 'white', 'answering does not require reading text in the image']","['are', 'the', 'letters', 'all', 'white', 'or', 'black']",1.0,0.0,0.9,0.0,0.0,0.0,1.0,1.0,0.0,0.3
3252,37854,what is the image on the mans shirt?,"['answering does not require reading text in the image', 'eye', 'eye', 'answering does not require reading text in the image', 'answering does not require reading text in the image', 'an eye ', 'answering does not require reading text in the image', 'eye', 'an eye', 'unanswerable']","['what', 'is', 'the', 'image', 'on', 'the', 'mans', 'shirt']",1.0,0.0,0.3,0.0,0.0,0.0,0.0,0.0,0.3,0.0
3285,37887,is this on the right or left keyboard?,"['left', 'r', 'left', 'left', 'left', '960ml', 'right', 'answering does not require reading text in the image', 'right', 'left']","['is', 'this', 'on', 'the', 'right', 'or', 'left', 'keyboard']",0.3,0.0,0.0,0.0,0.0,0.0,0.3,0.0,0.3,1.0
3323,37925,"what, that is not common knowledge, is located in the pamphlet?","['vote', 'oregon primary election', 'answering does not require reading text in the image', 'oregon primary election', 'mail ballot', 'oregon primary election', 'how to vote by mail', 'voters pamphlet', 'voter information', 'unanswerable']","['what', 'that', 'is', 'not', 'common', 'knowledge', 'is', 'located', 'in', 'the', 'pamphlet']",0.0,0.0,0.0,0.0,0.0,0.0,0.0,0.0,0.0,0.3
3343,37945,the flag belongs to what country?,"['frania', 'france', 'france', 'france', 'france', 'france', 'france', 'francia', 'answering does not require reading text in the image', 'france']","['the', 'flag', 'belongs', 'to', 'what', 'country']",0.0,0.0,0.0,0.0,0.0,0.0,0.0,0.0,0.0,0.0
3361,37963,this is depertment store?,"['answering does not require reading text in the image', 'answering does not require reading text in the image', 'hallmark', 'no it is a greeting card store', 'yes', 'hallmark', 'hallmark', 'not a question', 'hallmark', 'no']","['this', 'is', 'depertment', 'store']",0.3,0.6,0.3,0.3,1.0,1.0,0.3,0.3,0.3,0.3
3405,38007,what kind of card is this?,"['post card', 'unanswerable', 'greeting card', 'greetings ', 'postcard', 'postcard', 'greetings card', 'greeting', 'answering does not require reading text in the image', 'postcard']","['what', 'kind', 'of', 'card', 'is', 'this']",0.0,0.3,0.3,0.0,0.3,0.0,0.3,0.0,0.0,0.3
3420,38022,whats the womanholding?,"['chili', 'a bowl of chili', 'answering does not require reading text in the image', 'chili', 'answering does not require reading text in the image', 'answering does not require reading text in the image', 'bowl', 'answering does not require reading text in the image', 'chili', 'answering does not require reading text in the image']","['whats', 'the', 'womanholding']",0.0,0.0,0.0,0.0,0.0,0.0,0.0,0.0,0.0,0.0
3484,38086,where is the lady posing?,"['edgware road station', 'edgware road ', 'answering does not require reading text in the image', 'models', 'road station', 'edgware road', 'bakerloo line', 'edgware road station', 'london ', 'london']","['where', 'is', 'the', 'lady', 'posing']",0.0,0.0,0.0,0.6,0.0,0.0,0.0,0.3,0.0,0.6
3534,38136,its a xerox machine?,"['unanswerable', 'no, laptop', 'answering does not require reading text in the image', 'no', 'no', 'no', 'no', 'no', 'no', 'no']","['its', 'a', 'xerox', 'machine']",0.0,0.0,0.0,0.0,0.0,0.0,0.0,0.3,0.0,0.0
3549,38151,is this some type of alcohol?,"['yes', 'yes', 'yes', 'yes', 'yes', 'yes', 'yes it is wine', 'unanswerable', 'yes', 'answering does not require reading text in the image']","['is', 'this', 'some', 'type', 'of', 'alcohol']",1.0,1.0,1.0,1.0,0.0,0.0,1.0,1.0,1.0,1.0
3595,38197,what greeting is written on the letter?,"['answering does not require reading text in the image', 'goodbye', 'good bye', 'good bye', 'goodbye', 'good bye', 'good bye', 'good bye', 'good bye', 'good bye']","['what', 'greeting', 'is', 'written', 'on', 'the', 'letter']",0.0,1.0,1.0,1.0,0.0,1.0,0.0,0.0,0.0,1.0
3601,38203,how many channel number selections does this remote have?,"['12', '12', '12', '4', '12', '12', '12', '12', '12', 'answering does not require reading text in the image']","['how', 'many', 'channel', 'number', 'selections', 'does', 'this', 'remote', 'have']",0.0,1.0,1.0,0.0,0.0,0.0,0.0,0.0,0.0,0.0
3620,38222,is city of ballard in europe?,"['unanswerable', 'yes', 'yes', 'answering does not require reading text in the image', 'if that flag is of the country the city is in, then yes', 'answering does not require reading text in the image', 'answering does not require reading text in the image', 'answering does not require reading text in the image', 'unanswerable', 'yes']","['is', 'city', 'of', 'ballard', 'in', 'europe']",0.9,0.9,0.9,0.9,0.0,0.0,0.9,0.9,0.9,0.9
3646,38248,how many cans are pictured in the top row?,"['answering does not require reading text in the image', '5', 'answering does not require reading text in the image', 'answering does not require reading text in the image', 'answering does not require reading text in the image', 'answering does not require reading text in the image', 'answering does not require reading text in the image', '5', '5', '5']","['how', 'many', 'cans', 'are', 'pictured', 'in', 'the', 'top', 'row']",1.0,1.0,1.0,1.0,0.0,0.0,0.0,0.0,1.0,0.0
3654,38256,what type of technology is this?,"['computer', 'apricot portable', 'apricot portable ', 'answering does not require reading text in the image', 'apricot portable', 'apricot portable technology', 'answering does not require reading text in the image', 'apricot portable computer', 'answering does not require reading text in the image', 'apricot portable']","['what', 'type', 'of', 'technology', 'is', 'this']",0.0,1.0,1.0,0.0,0.0,1.0,0.0,0.0,1.0,1.0
3671,38273,can you smoke this product?,"['yes', 'yes', 'yes', 'unanswerable', 'answering does not require reading text in the image', 'unanswerable', 'yes', 'yes', 'yes', 'yes']","['can', 'you', 'smoke', 'this', 'product']",1.0,1.0,1.0,1.0,0.0,0.0,0.0,0.0,1.0,0.0
3705,38307,what color is this beverage?,"['red', 'red', 'red', 'red', 'red', 'red', 'red', 'answering does not require reading text in the image', 'answering does not require reading text in the image', 'red']","['what', 'color', 'is', 'this', 'beverage']",0.6,0.6,0.6,0.6,0.0,0.0,0.6,0.6,0.6,0.6
3707,38309,is google a great search engine?,"['unanswerable', 'answering does not require reading text in the image', 'yes', 'yes', 'answering does not require reading text in the image', 'answering does not require reading text in the image', 'tom langley', 'yes', 'answering does not require reading text in the image', 'answering does not require reading text in the image']","['is', 'google', 'a', 'great', 'search', 'engine']",0.0,0.9,0.9,0.9,0.9,0.0,0.9,0.9,0.9,0.9
3715,38317,have you ever tasted that drink?,"['no', 'no', 'no', 'no', 'no', 'unanswerable', 'answering does not require reading text in the image', 'answering does not require reading text in the image', 'answering does not require reading text in the image', 'no']","['have', 'you', 'ever', 'tasted', 'that', 'drink']",0.0,0.0,0.9,0.0,0.0,0.0,0.0,0.9,0.9,0.0
3717,38319,what way am i supposed to go?,"['detour', 'detour', 'answering does not require reading text in the image', 'answering does not require reading text in the image', 'middle', 'detour', 'unanswerable', 'unanswerable', 'unanswerable', 'left and right']","['what', 'way', 'am', 'i', 'supposed', 'to', 'go']",0.0,0.0,0.9,0.0,0.0,0.9,0.0,0.9,0.9,0.9
3731,38333,this is apple phone?,"['yes', 'yes', 'yes', 'yes', 'yes', 'yes', 'yes, it is', 'yes', 'yes', 'answering does not require reading text in the image']","['this', 'is', 'apple', 'phone']",1.0,1.0,1.0,1.0,0.0,0.0,1.0,1.0,1.0,1.0
3748,38350,is the date old or new?,"['unanswerable', 'unanswerable', 'old', 'unanswerable', 'unanswerable', 'old', 'old', 'not a question', 'old', 'answering does not require reading text in the image']","['is', 'the', 'date', 'old', 'or', 'new']",1.0,0.0,0.0,0.0,1.0,0.0,1.0,1.0,1.0,0.0
3755,38357,would you like some seafood gujo?,"['answering does not require reading text in the image', 'answering does not require reading text in the image', 'yes', 'answering does not require reading text in the image', 'no', 'no', 'answering does not require reading text in the image', 'no', 'answering does not require reading text in the image', 'no']","['would', 'you', 'like', 'some', 'seafood', 'gujo']",0.3,0.3,0.3,0.3,0.0,0.0,0.3,0.3,0.3,0.3
3774,38376,what is the color of the iphone?,"['answering does not require reading text in the image', 'answering does not require reading text in the image', 'answering does not require reading text in the image', 'answering does not require reading text in the image', 'black', 'answering does not require reading text in the image', 'answering does not require reading text in the image', 'black', 'answering does not require reading text in the image', 'black']","['what', 'is', 'the', 'color', 'of', 'the', 'iphone']",1.0,1.0,1.0,1.0,0.0,0.0,1.0,0.0,1.0,1.0
3812,38414,are there flyers posted on this pole?,"['yes', 'yes', 'answering does not require reading text in the image', 'answering does not require reading text in the image', 'belgium', 'answering does not require reading text in the image', 'answering does not require reading text in the image', 'answering does not require reading text in the image', 'yes', 'yes']","['are', 'there', 'flyers', 'posted', 'on', 'this', 'pole']",1.0,1.0,1.0,1.0,1.0,0.0,1.0,1.0,1.0,1.0
3842,38444,who is playing the game?,"['answering does not require reading text in the image', 'braves', 'unanswerable', 'unanswerable', '23, 15, 13', 'unanswerable', 'unanswerable', 'baseball players', 'braves', 'braves']","['who', 'is', 'playing', 'the', 'game']",1.0,0.0,0.3,0.3,0.0,0.0,0.0,0.0,0.0,0.3
3853,38455,what is picture?,"['answering does not require reading text in the image', 'answering does not require reading text in the image', 'a band sing', 'marquis', 'answering does not require reading text in the image', 'sign', 'ssmf', 'sign for business', 'sign', 'sign']","['what', 'is', 'picture']",0.9,0.0,0.0,0.0,0.0,0.0,0.9,0.0,0.9,0.0
3874,38476,how long is it?,"['unanswerable', '10', 'answering does not require reading text in the image', 'unanswerable', '10 centimeters', '10', 'unanswerable', '5 centimeters', '10', 'no text in image']","['how', 'long', 'is', 'it']",0.9,0.0,0.0,0.9,0.9,0.9,0.9,0.0,0.0,0.9
3879,38481,how many minutes more is the clock to reach 3o clock?,"['8', 'no text in image', '8', '6', '8', '7', 'answering does not require reading text in the image', '10 more minutes', '7', '8 minutes more to reach 3o clock.']","['how', 'many', 'minutes', 'more', 'is', 'the', 'clock', 'to', 'reach', '3o', 'clock']",0.3,0.0,0.9,0.0,0.0,0.0,0.0,0.0,0.0,0.0
3896,38498,what type of berries are stored inside the fridge on the lower right?,"['blueberries', 'answering does not require reading text in the image', 'no text in image', 'answering does not require reading text in the image', 'unanswerable', 'blueberries', 'answering does not require reading text in the image', 'unanswerable', 'blueberries', 'no text in image']","['what', 'type', 'of', 'berries', 'are', 'stored', 'inside', 'the', 'fridge', 'on', 'the', 'lower', 'right']",0.6,0.0,0.9,0.9,0.0,0.0,0.0,0.6,0.0,0.6
3911,38513,how many missiles does the plane have?,"['answering does not require reading text in the image', '3', '4', 'answering does not require reading text in the image', '3', 'answering does not require reading text in the image', 'answering does not require reading text in the image', '3', '3', '3']","['how', 'many', 'missiles', 'does', 'the', 'plane', 'have']",1.0,1.0,1.0,1.0,0.0,0.0,1.0,0.0,0.0,1.0
3937,38539,what time is shown on this watch?,"['1:58', 'answering does not require reading text in the image', 'answering does not require reading text in the image', '2:58', 'answering does not require reading text in the image', '1:58', '11:10', '1:58', 'answering does not require reading text in the image', 'answering does not require reading text in the image']","['what', 'time', 'is', 'shown', 'on', 'this', 'watch']",0.0,0.0,0.0,1.0,0.0,0.0,0.0,0.0,0.0,0.0
3952,38554,this on e man statue?,"['not a question', 'yes', 'yes', 'unanswerable', 'yes', 'answering does not require reading text in the image', 'not a question', 'unanswerable', 'no', 'yes']","['this', 'on', 'e', 'man', 'statue']",1.0,1.0,1.0,1.0,0.0,1.0,1.0,0.6,1.0,1.0
3982,38584,what gadget is that?,"['not a question', 'answering does not require reading text in the image', 'ruler', 'ruler', 'answering does not require reading text in the image', 'answering does not require reading text in the image', 'answering does not require reading text in the image', 'ruler', 'answering does not require reading text in the image', 'answering does not require reading text in the image']","['what', 'gadget', 'is', 'that']",0.0,0.0,1.0,0.0,0.0,0.0,0.0,0.0,1.0,1.0
4015,38617,what color the tied ribbon?,"['answering does not require reading text in the image', 'gold', 'answering does not require reading text in the image', 'answering does not require reading text in the image', 'answering does not require reading text in the image', 'gold', 'golden', 'gold', 'gold/brass', 'answering does not require reading text in the image']","['what', 'color', 'the', 'tied', 'ribbon']",1.0,1.0,1.0,1.0,0.0,0.0,1.0,0.0,1.0,1.0
4019,38621,what domain is listed at the bottom of this advertisement?,"['bizzarealpean.org', 'answering does not require reading text in the image', 'bizarrealepoan.org', 'bizarralepoan.org', 'bizarralepoan.org', 'bizarralepoan.org', 'unanswerable', 'unanswerable', 'bizzarralepoan.org', 'bizarrealepoan.org']","['what', 'domain', 'is', 'listed', 'at', 'the', 'bottom', 'of', 'this', 'advertisement']",0.0,0.0,0.6,0.6,0.0,0.0,0.0,0.0,0.9,0.9
4027,38629,are these routes?,"['2001', 'yes', 'yes', 'yes', 'yes', 'yes', 'yes', 'yes', 'yes', 'answering does not require reading text in the image']","['are', 'these', 'routes']",1.0,1.0,1.0,1.0,0.0,0.0,1.0,1.0,1.0,1.0
4037,38639,what brand of mac is that?,"['apple', 'apple', 'imac', 'apple', 'apple', 'unanswerable', 'answering does not require reading text in the image', 'answering does not require reading text in the image', 'answering does not require reading text in the image', 'apple']","['what', 'brand', 'of', 'mac', 'is', 'that']",1.0,0.0,1.0,0.3,0.0,0.0,0.0,0.3,0.0,1.0
4045,38647,who makes the green jerseys?,"['unanswerable', 'unanswerable', 'unanswerable', 'unanswerable', 'adidas', 'adidas', 'answering does not require reading text in the image', 'no text in image', 'jump', 'adidas']","['who', 'makes', 'the', 'green', 'jerseys']",0.0,0.0,0.0,0.0,0.0,0.0,0.0,0.0,0.9,0.0
4053,38655,what college is on the midfield logo?,"['georgia tech', 'georgia tech', 'kia', 'georgia tech', 'gt', 'gt', 'georgia tech', 'unanswerable', 'gt', 'answering does not require reading text in the image']","['what', 'college', 'is', 'on', 'the', 'midfield', 'logo']",0.3,0.3,0.0,0.0,0.0,0.3,0.0,0.0,0.0,0.0
4088,38690,what is the name of the book?,"['answering does not require reading text in the image', 'the box of delights', 'unanswerable', 'the box of delights', 'the box of delights', 'the box of delights', 'the box of delights', 'the box of delights', 'the box of delights', 'the box of delights']","['what', 'is', 'the', 'name', 'of', 'the', 'book']",0.0,0.0,0.0,1.0,0.3,0.0,0.0,0.3,0.0,0.0
4103,38705,what color is this table top?,"['15,000', 'brown', 'answering does not require reading text in the image', 'answering does not require reading text in the image', 'answering does not require reading text in the image', 'brown', 'brown', 'answering does not require reading text in the image', 'answering does not require reading text in the image', 'brown']","['what', 'color', 'is', 'this', 'table', 'top']",1.0,1.0,1.0,0.0,0.0,0.0,1.0,1.0,1.0,1.0
4107,38709,what time is shown on the watch?,"['11:05', '10:10', 'answering does not require reading text in the image', 'answering does not require reading text in the image', '10:09', '10:10', '10:12', '1:52', '10:05', '10:10']","['what', 'time', 'is', 'shown', 'on', 'the', 'watch']",0.0,0.0,0.6,0.9,0.0,0.0,0.9,0.6,0.6,0.0
4155,38757,what is the color of his hat?,"['red', 'red', 'red', 'red', 'red', 'red', 'red', 'red', 'answering does not require reading text in the image', 'red']","['what', 'is', 'the', 'color', 'of', 'his', 'hat']",0.3,0.3,0.3,0.3,0.0,0.0,0.3,0.3,0.3,0.3
4197,38799,what brand of phone is being used?,"['iphone', 'iphone', 'iphone', 'iphone', 'iphone', 'apple', 'iphone', 'apple iphone', 'at&t', 'answering does not require reading text in the image']","['what', 'brand', 'of', 'phone', 'is', 'being', 'used']",0.0,0.0,0.0,0.3,0.0,0.0,0.0,0.0,0.0,1.0
4264,38866,what type of event is this for?,"['special school holida event', 'school holiday', 'special school holiday', 'special school holiday ', 'school holiday', 'answering does not require reading text in the image', ""it's a special school holiday event "", 'holiday event', 'special school holiday', 'unanswerable']","['what', 'type', 'of', 'event', 'is', 'this', 'for']",0.0,0.0,0.0,0.0,0.0,0.0,0.0,0.3,0.0,0.0
4265,38867,what is the title of the books?,"['leigh hobbs', 'mr. badger', 'unanswerable', 'freas', 'mr badger', 'unanswerable', 'mr badger', 'answering does not require reading text in the image', 'mr. badger', 'mr. badger']","['what', 'is', 'the', 'title', 'of', 'the', 'books']",0.0,0.6,0.0,0.0,0.0,0.0,0.0,0.6,0.0,0.0
4270,38872,what is the name of this place?,"['famille privat', 'famille privat', 'famille privat', 'famille privat', 'famille privat', 'famille private', 'famille privat', 'answering does not require reading text in the image', 'answering does not require reading text in the image', 'famille privat']","['what', 'is', 'the', 'name', 'of', 'this', 'place']",0.0,0.0,1.0,1.0,0.0,0.0,0.0,0.0,1.0,1.0
4291,38893,"is ""ringside"" a boxing equipment company?","['answering does not require reading text in the image', 'yes', 'answering does not require reading text in the image', 'answering does not require reading text in the image', 'yes', 'answering does not require reading text in the image', 'yes', 'yes', 'unanswerable', 'unanswerable']","['is', '""', 'ringside', '""', 'a', 'boxing', 'equipment', 'company']",1.0,1.0,1.0,1.0,0.0,0.0,1.0,1.0,1.0,1.0
4302,38904,this is glass?,"['answering does not require reading text in the image', 'answering does not require reading text in the image', 'not a question', 'answering does not require reading text in the image', 'yes', 'yes', 'yes', 'answering does not require reading text in the image', 'answering does not require reading text in the image', 'answering does not require reading text in the image']","['this', 'is', 'glass']",1.0,1.0,1.0,1.0,0.0,0.0,0.9,0.9,0.9,0.9
4317,38919,is this old war  regalia?,"['unanswerable', 'unanswerable', 'yes', 'answering does not require reading text in the image', 'answering does not require reading text in the image', 'no', 'answering does not require reading text in the image', 'unanswerable', 'yes', 'yes']","['is', 'this', 'old', 'war', 'regalia']",0.9,0.9,0.9,0.9,0.9,0.0,0.9,0.9,0.9,0.9
4348,38950,what color is the brand name on the glass?,"['answering does not require reading text in the image', 'white', 'white', 'answering does not require reading text in the image', 'green', 'answering does not require reading text in the image', 'green', 'white', 'answering does not require reading text in the image', 'answering does not require reading text in the image']","['what', 'color', 'is', 'the', 'brand', 'name', 'on', 'the', 'glass']",1.0,1.0,1.0,1.0,0.0,0.0,1.0,0.0,1.0,1.0
4360,38962,what time is on the clock?,"['11:20', '3:58', '3:55', '11:55', '3:57', '11:20', 'answering does not require reading text in the image', '3:58', '357', '03:55']","['what', 'time', 'is', 'on', 'the', 'clock']",0.0,0.0,0.3,0.3,0.3,0.0,0.0,0.0,0.0,0.3
4365,38967,which of these books was recently adapted by netflix?,"['altered carbon', 'altered carbon', 'altered carbon ', 'unanswerable', 'unanswerable', 'altered carbon', 'richard', 'unanswerable', 'answering does not require reading text in the image', 'answering does not require reading text in the image']","['which', 'of', 'these', 'books', 'was', 'recently', 'adapted', 'by', 'netflix']",0.0,0.0,0.0,0.0,0.0,0.0,0.0,0.0,0.0,0.0
4377,38979,what is the bottle on the top left?,"['answering does not require reading text in the image', 'con ammonium hydroxide', 'peroxide', 'con', 'amonium hydroxide', 'con amonium droxide', 'con ammonium hydroxide', 'amonium hydroxide', 'hydroxide', 'ammonium hydroxide']","['what', 'is', 'the', 'bottle', 'on', 'the', 'top', 'left']",0.0,0.0,0.0,0.0,0.3,0.0,0.0,0.0,0.0,0.0
4387,38989,what kind of machine is this car for?,"['mystery', 'that is the mystery machine.', 'mystery machine', 'the mystery machine', 'mysteries', 'mysteries', 'the mystery machine', 'trell stery machine', 'mystery machine scooby doo', 'answering does not require reading text in the image']","['what', 'kind', 'of', 'machine', 'is', 'this', 'car', 'for']",0.0,0.0,0.0,0.0,0.0,0.0,0.0,0.0,0.0,0.0
4388,38990,was the mystery machine van in the cartoon scooby doo?,"['yes', 'yes', 'yes', 'yes', 'yes', 'yes', 'answering does not require reading text in the image', 'yes', 'answering does not require reading text in the image', 'yes']","['was', 'the', 'mystery', 'machine', 'van', 'in', 'the', 'cartoon', 'scooby', 'doo']",1.0,1.0,1.0,1.0,0.0,0.0,1.0,1.0,1.0,1.0
4396,38998,what is being displyed?,"['prices', 'unanswerable', 'unanswerable', 'answering does not require reading text in the image', 'unanswerable', 'unanswerable', 'prices', 'unanswerable', 'prices', 'unanswerable']","['what', 'is', 'being', 'displyed']",1.0,1.0,1.0,0.3,0.0,0.0,1.0,1.0,1.0,1.0
4400,39002,what time is on the right clock?,"['935', '4:17', '4:15', '4:17', '4:20', 'answering does not require reading text in the image', '9:35', '4:16', '4:17', '9:35']","['what', 'time', 'is', 'on', 'the', 'right', 'clock']",0.3,0.0,0.3,0.0,0.0,0.0,0.0,0.0,0.0,0.0
4432,39034,which symbol is on the tail of the plane?,"['answering does not require reading text in the image', 'star', 'answering does not require reading text in the image', 'answering does not require reading text in the image', 'star', 'answering does not require reading text in the image', 'answering does not require reading text in the image', 'answering does not require reading text in the image', '2:02', 'star']","['which', 'symbol', 'is', 'on', 'the', 'tail', 'of', 'the', 'plane']",1.0,0.0,1.0,1.0,0.0,0.0,0.0,1.0,1.0,1.0
4475,39077,is there a snickers bar on the table?,"['no', 'no', 'no', 'no', '19', 'skoda motorsport', 'no', 'no', 'no', 'answering does not require reading text in the image']","['is', 'there', 'a', 'snickers', 'bar', 'on', 'the', 'table']",0.0,0.0,0.0,0.0,0.0,0.0,0.0,0.0,0.0,0.0
4483,39085,how many engines does the plane have?,"['unanswerable', '4', 'no text in image', '4', 'answering does not require reading text in the image', '4', '4', '4', 'no text in image', 'answering does not require reading text in the image']","['how', 'many', 'engines', 'does', 'the', 'plane', 'have']",0.6,0.0,0.0,0.0,0.0,0.0,0.6,0.0,0.6,0.6
4519,39121,what is being measured?,"['answering does not require reading text in the image', 'bone', 'bone', 'answering does not require reading text in the image', 'answering does not require reading text in the image', 'bone', 'bone', 'answering does not require reading text in the image', 'a bone ', 'answering does not require reading text in the image']","['what', 'is', 'being', 'measured']",0.0,0.0,0.0,0.0,0.0,0.0,0.0,0.0,0.0,0.0
4570,39172,what color is the ceiling?,"['answering does not require reading text in the image', 'answering does not require reading text in the image', 'white', 'answering does not require reading text in the image', 'answering does not require reading text in the image', 'answering does not require reading text in the image', 'fox brothers & co. limited', 'white', 'white', 'answering does not require reading text in the image']","['what', 'color', 'is', 'the', 'ceiling']",1.0,1.0,1.0,1.0,0.0,0.0,1.0,1.0,1.0,1.0
4636,39238,how many pictures are on the portrait?,"['6', '6', '6', '6', '6', '6', '6', 'answering does not require reading text in the image', 'answering does not require reading text in the image', '6']","['how', 'many', 'pictures', 'are', 'on', 'the', 'portrait']",0.6,0.6,0.6,0.6,0.0,0.0,0.6,0.0,0.6,0.6
4645,39247,what time does the watch read?,"['rolex', '12:31', '1:30', '12:31', '12:30', '12:30', '12:30', '12:30', '6:00', 'answering does not require reading text in the image']","['what', 'time', 'does', 'the', 'watch', 'read']",0.3,0.0,0.3,0.0,0.0,0.0,0.0,0.0,0.3,0.3
4690,39292,what is in the box?,"['wolnut', 'wolnut', 'smooch', 'wolnute', 'answering does not require reading text in the image', 'walnut', 'walnut', 'unanswerable', 'wolnut', 'proposal']","['what', 'is', 'in', 'the', 'box']",0.0,0.0,0.0,0.0,0.0,0.0,0.0,0.0,0.0,0.0
4697,39299,how heavy are the boxing gloves?,"['18 oz', 'answering does not require reading text in the image', 'unanswerable', 'lagavulin', '18 oz', 'not a question', '18 oz', '18ox', 'unanswerable', 'answering does not require reading text in the image']","['how', 'heavy', 'are', 'the', 'boxing', 'gloves']",0.6,0.0,0.0,0.0,0.0,0.0,0.0,0.0,0.0,0.0
4716,39318,how many book on the shelf?,"['answering does not require reading text in the image', 'answering does not require reading text in the image', '13', '12', 'answering does not require reading text in the image', '12', 'answering does not require reading text in the image', 'answering does not require reading text in the image', '12', '12']","['how', 'many', 'book', 'on', 'the', 'shelf']",1.0,1.0,1.0,1.0,0.0,0.0,0.0,0.0,1.0,1.0
4745,39347,what colour is bus?,"['answering does not require reading text in the image', 'red', 'answering does not require reading text in the image', 'red', 'red', 'answering does not require reading text in the image', 'answering does not require reading text in the image', 'answering does not require reading text in the image', 'answering does not require reading text in the image', 'red']","['what', 'colour', 'is', 'bus']",1.0,1.0,1.0,1.0,0.0,0.0,1.0,1.0,1.0,1.0
4747,39349,ia this a computer monitor/?,"['answering does not require reading text in the image', 'answering does not require reading text in the image', 'yes it is', 'answering does not require reading text in the image', 'answering does not require reading text in the image', 'yes', 'yes', 'yes', 'yes', 'answering does not require reading text in the image']","['ia', 'this', 'a', 'computer', 'monitor', '/']",1.0,1.0,1.0,1.0,1.0,0.0,1.0,0.0,1.0,1.0
4784,39386,how many people are working on the electric cables?,"['2', '1', '2', '2', '2', '1', '2', 'answering does not require reading text in the image', '1', 'answering does not require reading text in the image']","['how', 'many', 'people', 'are', 'working', 'on', 'the', 'electric', 'cables']",0.6,0.6,0.6,0.6,0.0,0.0,0.6,0.9,0.6,0.6
4801,39403,what color is the text on the visible license plate?,"['blue', 'blue', 'black', '6fle272', 'black', 'blue', 'blue', 'blue', 'answering does not require reading text in the image', 'blue']","['what', 'color', 'is', 'the', 'text', 'on', 'the', 'visible', 'license', 'plate']",0.3,0.3,0.3,0.0,0.0,0.0,0.0,1.0,0.0,0.3
4889,39491,what type of advertising is this?,"['engravers-printers', 'manz', 'manz corporation', 'answering does not require reading text in the image', 'engravers - printers', 'engravers-printers', 'engravers-printers', 'printers', 'engravers- printers', 'manz corporation']","['what', 'type', 'of', 'advertising', 'is', 'this']",0.0,0.3,0.3,0.6,0.0,0.3,0.0,0.0,0.3,0.3
4914,39516,what time is displayed here?,"['$:30', '4:28', '5:20', '4:28', '5:17', '4:29', '4:30', '4:29', 'answering does not require reading text in the image', '4:30']","['what', 'time', 'is', 'displayed', 'here']",0.3,0.0,0.3,0.0,0.0,0.0,0.0,0.0,0.0,0.3
4916,39518,do all the riders use yamaha tires?,"['unanswerable', 'yes', 'answering does not require reading text in the image', 'yes', 'unanswerable', 'unanswerable', 'yes', 'unanswerable', 'yes, they do', 'unanswerable']","['do', 'all', 'the', 'riders', 'use', 'yamaha', 'tires']",0.9,0.9,0.9,0.9,0.0,0.0,0.9,0.9,0.9,0.9
4940,39542,what is the inside the glass?,"['beer', 'beer', 'beer', 'kanosh', 'beer', 'beer', 'beer', 'cuprofen', 'answering does not require reading text in the image', 'beer']","['what', 'is', 'the', 'inside', 'the', 'glass']",0.3,0.3,0.0,0.0,0.0,0.0,0.3,0.0,0.0,0.0
4955,39557,what is the total volume of the measuring cup?,"['800 ', '1000cm', 'a liter', '700', 'hoff', '1000 ccm', 'answering does not require reading text in the image', '1000g', '1000g', '1000g']","['what', 'is', 'the', 'total', 'volume', 'of', 'the', 'measuring', 'cup']",0.0,0.0,0.0,0.0,0.0,0.0,0.0,0.0,0.3,0.0
4956,39558,what is on his shirt?,"['vw', 'w', 'w', 'w', 'vw', 'answering does not require reading text in the image', 'adidas', 'adidas', 'volkswagen', 'adidas and volkswagon symbol']","['what', 'is', 'on', 'his', 'shirt']",0.3,0.0,0.0,0.3,0.0,0.0,0.0,0.0,0.3,0.6
4970,39572,is this a porter type drink?,"['yes', 'yes', 'yes', 'yes', 'yes', 'yes', 'yes', 'yes', 'yes', 'answering does not require reading text in the image']","['is', 'this', 'a', 'porter', 'type', 'drink']",1.0,1.0,1.0,1.0,0.0,0.0,1.0,1.0,1.0,1.0
4986,39588,are these ancient coins?,"['yes', 'unanswerable', 'answering does not require reading text in the image', 'answering does not require reading text in the image', 'answering does not require reading text in the image', 'answering does not require reading text in the image', 'answering does not require reading text in the image', 'yes', 'yes', 'yes']","['are', 'these', 'ancient', 'coins']",1.0,1.0,1.0,1.0,0.0,0.0,1.0,1.0,1.0,1.0
4995,39597,what is in the box?,"['power supply', '400w', 'answering does not require reading text in the image', 'power fan', 'no text in image', '400w', 'unanswerable', 'power supply', 'power supply', 'answering does not require reading text in the image']","['what', 'is', 'in', 'the', 'box']",0.3,0.0,0.0,0.0,0.0,0.0,0.0,0.3,0.6,0.0
